CustomerID,Churn,Tenure,PreferredLoginDevice,CityTier,WarehouseToHome,PreferredPaymentMode,Gender,HourSpendOnApp,NumberOfDeviceRegistered,PreferedOrderCat,SatisfactionScore,MaritalStatus,NumberOfAddress,Complain,OrderAmountHikeFromlastYear,CouponUsed,OrderCount,DaySinceLastOrder,CashbackAmount,Tenure_Group,Distance_Group,Recency_Group
50001,1,4.0,Mobile Phone,3,6.0,Debit Card,Female,3.0,3,Laptop & Accessory,2,Single,9,1,11.0,1.0,1.0,5.0,159.93,0-6 Months,Near (<10km),4-7 Days
50002,1,9.0,Mobile Phone,1,8.0,UPI,Male,3.0,4,Mobile Phone,3,Single,7,1,15.0,0.0,1.0,0.0,120.9,6-12 Months,Near (<10km),0-3 Days
50003,1,9.0,Mobile Phone,1,30.0,Debit Card,Male,2.0,4,Mobile Phone,3,Single,6,1,14.0,0.0,1.0,3.0,120.28,6-12 Months,Far (>20km),0-3 Days
50004,1,0.0,Mobile Phone,3,15.0,Debit Card,Male,2.0,4,Laptop & Accessory,5,Single,8,0,23.0,0.0,1.0,3.0,134.07,0-6 Months,Medium (10-20km),0-3 Days
50005,1,0.0,Mobile Phone,1,12.0,Credit Card,Male,3.0,3,Mobile Phone,5,Single,3,0,11.0,1.0,1.0,3.0,129.6,0-6 Months,Medium (10-20km),0-3 Days
50006,1,0.0,Computer,1,22.0,Debit Card,Female,3.0,5,Mobile Phone,5,Single,2,1,22.0,4.0,6.0,7.0,139.19,0-6 Months,Far (>20km),4-7 Days
50007,1,9.0,Mobile Phone,3,11.0,Cash on Delivery,Male,2.0,3,Laptop & Accessory,2,Divorced,4,0,14.0,0.0,1.0,0.0,120.86000000000001,6-12 Months,Medium (10-20km),0-3 Days
50008,1,9.0,Mobile Phone,1,6.0,Credit Card,Male,3.0,3,Mobile Phone,2,Divorced,3,1,16.0,2.0,2.0,0.0,122.93,6-12 Months,Near (<10km),0-3 Days
50009,1,13.0,Mobile Phone,3,9.0,E Wallet,Male,3.0,4,Mobile Phone,3,Divorced,2,1,14.0,0.0,1.0,2.0,126.83000000000001,1-2 Years,Near (<10km),0-3 Days
50010,1,9.0,Mobile Phone,1,31.0,Debit Card,Male,2.0,5,Mobile Phone,3,Single,2,0,12.0,1.0,1.0,1.0,122.93,6-12 Months,Far (>20km),0-3 Days
50011,1,4.0,Mobile Phone,1,18.0,Cash on Delivery,Female,2.0,3,Others,3,Divorced,2,0,15.0,9.0,15.0,8.0,295.45,0-6 Months,Medium (10-20km),8-15 Days
50012,1,11.0,Mobile Phone,1,6.0,Debit Card,Male,3.0,4,Fashion,3,Single,10,1,13.0,0.0,1.0,0.0,153.81,6-12 Months,Near (<10km),0-3 Days
50013,1,0.0,Mobile Phone,1,11.0,Cash on Delivery,Male,2.0,3,Mobile Phone,3,Single,2,1,13.0,2.0,2.0,2.0,134.41,0-6 Months,Medium (10-20km),0-3 Days
50014,1,0.0,Mobile Phone,1,15.0,Credit Card,Male,3.0,4,Mobile Phone,3,Divorced,1,1,17.0,0.0,1.0,0.0,133.88,0-6 Months,Medium (10-20km),0-3 Days
50015,1,9.0,Mobile Phone,3,15.0,Credit Card,Male,3.0,4,Fashion,2,Single,2,0,16.0,0.0,4.0,7.0,196.19,6-12 Months,Medium (10-20km),4-7 Days
50016,1,9.0,Mobile Phone,2,12.0,UPI,Male,3.0,3,Mobile Phone,5,Married,5,1,22.0,1.0,1.0,2.0,120.72999999999999,6-12 Months,Medium (10-20km),0-3 Days
50017,1,0.0,Computer,1,12.0,Debit Card,Female,3.0,4,Mobile Phone,2,Single,2,1,18.0,1.0,1.0,0.0,129.26,0-6 Months,Medium (10-20km),0-3 Days
50018,1,0.0,Mobile Phone,3,11.0,E Wallet,Male,2.0,4,Laptop & Accessory,3,Single,2,1,11.0,1.0,1.0,3.0,157.44,0-6 Months,Medium (10-20km),0-3 Days
50019,1,0.0,Computer,1,13.0,Debit Card,Male,3.0,5,Laptop & Accessory,3,Single,2,1,24.0,1.0,1.0,6.0,160.74,0-6 Months,Medium (10-20km),4-7 Days
50020,1,19.0,Mobile Phone,1,20.0,Debit Card,Female,3.0,3,Mobile Phone,4,Divorced,10,1,18.0,1.0,4.0,3.0,149.63,1-2 Years,Medium (10-20km),0-3 Days
50021,1,0.0,Mobile Phone,3,12.0,Debit Card,Male,3.0,5,Laptop & Accessory,3,Divorced,5,1,18.0,6.0,7.0,7.0,161.72,0-6 Months,Medium (10-20km),4-7 Days
50022,1,20.0,Mobile Phone,1,29.0,Credit Card,Female,3.0,3,Fashion,2,Divorced,2,0,12.0,11.0,15.0,6.0,203.12,1-2 Years,Far (>20km),4-7 Days
50023,1,9.0,Mobile Phone,3,28.0,E Wallet,Male,2.0,3,Mobile Phone,3,Single,2,1,19.0,0.0,1.0,0.0,116.75,6-12 Months,Far (>20km),0-3 Days
50024,1,0.0,Mobile Phone,3,26.0,Debit Card,Female,3.0,5,Laptop & Accessory,3,Divorced,4,1,11.0,1.0,2.0,2.0,145.59,0-6 Months,Far (>20km),0-3 Days
50025,1,14.0,Computer,1,14.0,Debit Card,Male,2.0,5,Fashion,2,Single,3,0,15.0,0.0,1.0,3.0,206.5,1-2 Years,Medium (10-20km),0-3 Days
50026,1,0.0,Mobile Phone,1,15.0,Credit Card,Female,2.0,3,Mobile Phone,5,Single,8,0,22.0,1.0,1.0,4.0,142.0,0-6 Months,Medium (10-20km),4-7 Days
50027,0,8.0,Mobile Phone,3,6.0,E Wallet,Male,3.0,3,Fashion,4,Divorced,2,0,13.0,1.0,1.0,6.0,172.95,6-12 Months,Near (<10km),4-7 Days
50028,0,9.0,Mobile Phone,3,12.0,E Wallet,Male,2.0,3,Laptop & Accessory,3,Divorced,3,1,20.0,0.0,4.0,5.0,123.06,6-12 Months,Medium (10-20km),4-7 Days
50029,0,18.0,Mobile Phone,1,14.0,Debit Card,Male,2.0,3,Laptop & Accessory,4,Married,9,0,18.0,1.0,1.0,15.0,123.47999999999999,1-2 Years,Medium (10-20km),8-15 Days
50030,0,5.0,Computer,3,14.0,E Wallet,Female,2.0,3,Fashion,2,Single,2,0,14.0,2.0,3.0,7.0,189.98,0-6 Months,Medium (10-20km),4-7 Days
50031,0,2.0,Computer,1,6.0,Cash on Delivery,Male,2.0,3,Laptop & Accessory,3,Divorced,2,0,13.0,0.0,1.0,9.0,143.19,0-6 Months,Near (<10km),8-15 Days
50032,0,0.0,Mobile Phone,1,13.0,Credit Card,Male,2.0,4,Laptop & Accessory,3,Divorced,3,0,17.0,1.0,1.0,0.0,161.32,0-6 Months,Medium (10-20km),0-3 Days
50033,0,30.0,Mobile Phone,1,15.0,Credit Card,Female,3.0,4,Mobile Phone,4,Divorced,5,1,20.0,1.0,1.0,0.0,133.46,2+ Years,Medium (10-20km),0-3 Days
50034,0,13.0,Mobile Phone,3,10.0,E Wallet,Male,3.0,4,Fashion,2,Divorced,8,0,11.0,2.0,2.0,11.0,208.55,1-2 Years,Near (<10km),8-15 Days
50035,0,9.0,Computer,3,8.0,E Wallet,Female,3.0,3,Mobile Phone,3,Divorced,7,0,18.0,1.0,1.0,2.0,122.31,6-12 Months,Near (<10km),0-3 Days
50036,0,0.0,Mobile Phone,1,14.0,Credit Card,Male,3.0,3,Mobile Phone,2,Divorced,2,0,24.0,0.0,2.0,2.0,123.22999999999999,0-6 Months,Medium (10-20km),0-3 Days
50037,0,9.0,Computer,1,15.0,Credit Card,Male,2.0,3,Mobile Phone,4,Married,7,0,18.0,0.0,2.0,2.0,120.24000000000001,6-12 Months,Medium (10-20km),0-3 Days
50038,0,1.0,Mobile Phone,1,27.0,Credit Card,Male,3.0,3,Mobile Phone,2,Divorced,2,0,11.0,0.0,1.0,2.0,127.13,0-6 Months,Far (>20km),0-3 Days
50039,0,30.0,Mobile Phone,1,30.0,Debit Card,Male,2.0,2,Fashion,2,Married,4,1,16.0,1.0,1.0,4.0,194.39,2+ Years,Far (>20km),4-7 Days
50040,0,0.0,Computer,1,14.0,Credit Card,Male,3.0,4,Mobile Phone,3,Married,2,1,15.0,0.0,1.0,1.0,125.66,0-6 Months,Medium (10-20km),0-3 Days
50041,0,23.0,Mobile Phone,1,17.0,Debit Card,Female,2.0,3,Others,4,Single,4,0,15.0,2.0,4.0,4.0,299.26,1-2 Years,Medium (10-20km),4-7 Days
50042,0,14.0,Mobile Phone,1,14.0,Debit Card,Male,2.0,3,Mobile Phone,3,Married,5,0,12.0,1.0,1.0,8.0,124.50999999999999,1-2 Years,Medium (10-20km),8-15 Days
50043,0,3.0,Mobile Phone,3,11.0,Debit Card,Female,2.0,3,Fashion,2,Divorced,3,0,12.0,2.0,7.0,4.0,194.19,0-6 Months,Medium (10-20km),4-7 Days
50044,0,11.0,Mobile Phone,3,6.0,Debit Card,Female,2.0,4,Laptop & Accessory,2,Single,5,0,22.0,1.0,1.0,1.0,186.86,6-12 Months,Near (<10km),0-3 Days
50045,0,5.0,Mobile Phone,1,12.0,Debit Card,Male,3.0,3,Mobile Phone,3,Single,4,0,20.0,0.0,1.0,4.0,130.38,0-6 Months,Medium (10-20km),4-7 Days
50046,0,0.0,Mobile Phone,1,23.0,Cash on Delivery,Male,3.0,3,Mobile Phone,4,Divorced,1,1,16.0,1.0,1.0,1.0,130.58,0-6 Months,Far (>20km),0-3 Days
50047,1,0.0,Computer,3,14.0,Cash on Delivery,Female,3.0,5,Mobile Phone,5,Single,1,0,21.0,1.0,1.0,0.0,123.25,0-6 Months,Medium (10-20km),0-3 Days
50048,0,9.0,Computer,1,9.0,Credit Card,Male,1.0,3,Mobile Phone,4,Single,5,0,12.0,4.0,7.0,2.0,120.88,6-12 Months,Near (<10km),0-3 Days
50049,0,3.0,Computer,1,15.0,Credit Card,Male,3.0,3,Laptop & Accessory,5,Married,2,0,11.0,0.0,6.0,10.0,130.72,0-6 Months,Medium (10-20km),8-15 Days
50050,0,18.0,Mobile Phone,3,10.0,Debit Card,Female,1.0,3,Laptop & Accessory,5,Married,5,1,11.0,0.0,1.0,3.0,150.06,1-2 Years,Near (<10km),0-3 Days
50051,0,29.0,Mobile Phone,1,14.0,Debit Card,Female,3.0,3,Mobile Phone,5,Married,5,1,18.0,1.0,2.0,2.0,142.57,2+ Years,Medium (10-20km),0-3 Days
50052,0,6.0,Mobile Phone,1,14.0,Debit Card,Male,2.0,3,Mobile Phone,2,Single,1,0,14.0,0.0,1.0,2.0,125.0,0-6 Months,Medium (10-20km),0-3 Days
50053,1,0.0,Mobile Phone,1,8.0,Debit Card,Male,2.0,4,Mobile Phone,2,Single,2,0,22.0,0.0,1.0,0.0,111.02000000000001,0-6 Months,Near (<10km),0-3 Days
50054,0,19.0,Mobile Phone,3,6.0,E Wallet,Female,3.0,3,Fashion,5,Married,2,0,25.0,4.0,15.0,7.0,204.53,1-2 Years,Near (<10km),4-7 Days
50055,0,9.0,Mobile Phone,1,15.0,Debit Card,Female,3.0,3,Mobile Phone,2,Single,2,0,12.0,1.0,2.0,1.0,122.88,6-12 Months,Medium (10-20km),0-3 Days
50056,0,4.0,Mobile Phone,1,18.0,Credit Card,Female,3.0,3,Mobile Phone,2,Divorced,9,1,23.0,1.0,1.0,2.0,139.29,0-6 Months,Medium (10-20km),0-3 Days
50057,0,9.0,Mobile Phone,1,33.0,Credit Card,Female,3.0,3,Mobile Phone,4,Single,3,0,15.0,1.0,1.0,2.0,123.11000000000001,6-12 Months,Far (>20km),0-3 Days
50058,1,4.0,Mobile Phone,3,26.0,E Wallet,Female,3.0,3,Mobile Phone,4,Single,2,1,22.0,0.0,1.0,2.0,131.4,0-6 Months,Far (>20km),0-3 Days
50059,0,23.0,Mobile Phone,1,6.0,Credit Card,Male,2.0,4,Mobile Phone,3,Divorced,3,0,15.0,0.0,1.0,2.0,136.9,1-2 Years,Near (<10km),0-3 Days
50060,0,26.0,Mobile Phone,1,19.0,Credit Card,Female,2.0,2,Laptop & Accessory,5,Married,2,0,11.0,1.0,1.0,3.0,144.5,2+ Years,Medium (10-20km),0-3 Days
50061,0,6.0,Mobile Phone,1,20.0,Credit Card,Female,3.0,3,Mobile Phone,4,Divorced,2,0,13.0,0.0,1.0,6.0,127.56,0-6 Months,Medium (10-20km),4-7 Days
50062,0,13.0,Mobile Phone,1,10.0,Credit Card,Female,2.0,3,Others,3,Divorced,2,0,14.0,1.0,9.0,9.0,290.33,1-2 Years,Near (<10km),8-15 Days
50063,0,28.0,Mobile Phone,1,20.0,Credit Card,Male,3.0,2,Others,4,Single,9,0,11.0,1.0,2.0,15.0,287.22,2+ Years,Medium (10-20km),8-15 Days
50064,0,7.0,Computer,1,8.0,Debit Card,Male,2.0,4,Laptop & Accessory,3,Divorced,2,0,17.0,0.0,1.0,9.0,195.47,6-12 Months,Near (<10km),8-15 Days
50065,0,24.0,Mobile Phone,1,9.0,Credit Card,Female,3.0,3,Grocery,4,Single,4,0,18.0,0.0,2.0,0.0,237.33999999999997,1-2 Years,Near (<10km),0-3 Days
50066,0,25.0,Mobile Phone,1,6.0,Debit Card,Male,3.0,4,Others,3,Divorced,1,0,15.0,1.0,11.0,9.0,299.99,2+ Years,Near (<10km),8-15 Days
50067,0,9.0,Mobile Phone,1,15.0,Credit Card,Female,2.0,3,Mobile Phone,4,Single,2,0,16.0,1.0,1.0,3.0,122.78999999999999,6-12 Months,Medium (10-20km),0-3 Days
50068,1,0.0,Mobile Phone,1,29.0,Debit Card,Male,2.0,4,Laptop & Accessory,3,Divorced,4,1,13.0,1.0,1.0,1.0,159.16,0-6 Months,Far (>20km),0-3 Days
50069,0,9.0,Computer,1,13.0,Credit Card,Male,2.0,2,Mobile Phone,2,Married,5,0,14.0,0.0,2.0,2.0,120.88999999999999,6-12 Months,Medium (10-20km),0-3 Days
50070,0,18.0,Computer,1,8.0,Credit Card,Male,3.0,4,Grocery,2,Divorced,10,0,23.0,1.0,11.0,8.0,267.92,1-2 Years,Near (<10km),8-15 Days
50071,0,10.0,Mobile Phone,1,27.0,Debit Card,Male,3.0,2,Mobile Phone,5,Divorced,2,1,12.0,0.0,1.0,7.0,135.64,6-12 Months,Far (>20km),4-7 Days
50072,0,8.0,Computer,1,8.0,Credit Card,Female,2.0,3,Laptop & Accessory,4,Single,6,0,11.0,1.0,1.0,2.0,144.25,6-12 Months,Near (<10km),0-3 Days
50073,0,15.0,Computer,1,27.0,Credit Card,Female,2.0,3,Laptop & Accessory,3,Married,3,0,16.0,0.0,1.0,2.0,152.65,1-2 Years,Far (>20km),0-3 Days
50074,0,11.0,Mobile Phone,1,8.0,Debit Card,Male,2.0,3,Laptop & Accessory,3,Divorced,10,0,14.0,0.0,1.0,0.0,165.53,6-12 Months,Near (<10km),0-3 Days
50075,0,11.0,Mobile Phone,1,35.0,Cash on Delivery,Male,2.0,3,Laptop & Accessory,2,Divorced,4,0,18.0,0.0,1.0,7.0,162.61,6-12 Months,Far (>20km),4-7 Days
50076,0,0.0,Computer,1,6.0,Cash on Delivery,Male,2.0,4,Laptop & Accessory,5,Divorced,6,0,19.0,0.0,2.0,0.0,142.98,0-6 Months,Near (<10km),0-3 Days
50077,0,22.0,Computer,1,24.0,Debit Card,Male,3.0,3,Laptop & Accessory,2,Married,2,1,15.0,0.0,1.0,7.0,168.04,1-2 Years,Far (>20km),4-7 Days
50078,0,7.0,Computer,1,16.0,Credit Card,Male,2.0,3,Mobile Phone,3,Married,2,1,17.0,2.0,2.0,0.0,138.15,6-12 Months,Medium (10-20km),0-3 Days
50079,0,13.0,Mobile Phone,1,25.0,Credit Card,Male,3.0,3,Laptop & Accessory,2,Divorced,9,1,15.0,1.0,3.0,7.0,127.41,1-2 Years,Far (>20km),4-7 Days
50080,1,1.0,Mobile Phone,1,35.0,Credit Card,Male,3.0,3,Laptop & Accessory,5,Divorced,8,1,19.0,0.0,1.0,0.0,166.73,0-6 Months,Far (>20km),0-3 Days
50081,1,0.0,Mobile Phone,3,33.0,E Wallet,Female,2.0,3,Fashion,2,Divorced,2,0,22.0,1.0,1.0,9.0,176.39,0-6 Months,Far (>20km),8-15 Days
50082,0,0.0,Mobile Phone,1,14.0,Debit Card,Male,2.0,2,Mobile Phone,4,Married,2,1,16.0,0.0,2.0,2.0,123.28,0-6 Months,Medium (10-20km),0-3 Days
50083,0,9.0,Computer,1,24.0,Credit Card,Female,3.0,3,Mobile Phone,2,Single,2,0,13.0,1.0,1.0,7.0,121.53,6-12 Months,Far (>20km),4-7 Days
50084,0,13.0,Computer,1,15.0,Debit Card,Male,3.0,4,Laptop & Accessory,2,Divorced,10,0,14.0,1.0,1.0,2.0,148.76,1-2 Years,Medium (10-20km),0-3 Days
50085,0,19.0,Mobile Phone,1,6.0,Credit Card,Male,3.0,3,Fashion,5,Married,8,0,16.0,0.0,1.0,3.0,193.96,1-2 Years,Near (<10km),0-3 Days
50086,1,0.0,Mobile Phone,3,10.0,Credit Card,Male,2.0,5,Fashion,2,Divorced,2,0,11.0,7.0,9.0,8.0,204.0,0-6 Months,Near (<10km),8-15 Days
50087,0,3.0,Computer,1,6.0,Debit Card,Male,2.0,4,Fashion,3,Single,2,0,22.0,2.0,5.0,8.0,184.74,0-6 Months,Near (<10km),8-15 Days
50088,0,0.0,Computer,3,26.0,Debit Card,Female,2.0,3,Laptop & Accessory,3,Single,2,0,14.0,1.0,1.0,7.0,199.81,0-6 Months,Far (>20km),4-7 Days
50089,0,24.0,Mobile Phone,1,14.0,Debit Card,Male,2.0,4,Fashion,4,Divorced,6,0,16.0,1.0,4.0,3.0,224.89999999999998,1-2 Years,Medium (10-20km),0-3 Days
50090,1,0.0,Mobile Phone,1,14.0,Cash on Delivery,Female,2.0,3,Mobile Phone,5,Single,6,1,11.0,1.0,1.0,4.0,126.57,0-6 Months,Medium (10-20km),4-7 Days
50091,0,14.0,Mobile Phone,3,12.0,Debit Card,Female,3.0,3,Fashion,2,Single,4,1,18.0,0.0,2.0,0.0,235.91000000000003,1-2 Years,Medium (10-20km),0-3 Days
50092,1,0.0,Computer,3,32.0,E Wallet,Female,2.0,4,Laptop & Accessory,5,Single,6,0,15.0,0.0,1.0,1.0,166.96,0-6 Months,Far (>20km),0-3 Days
50093,1,9.0,Mobile Phone,1,6.0,Cash on Delivery,Male,2.0,3,Mobile Phone,3,Single,1,0,14.0,0.0,1.0,5.0,120.58000000000001,6-12 Months,Near (<10km),4-7 Days
50094,0,18.0,Computer,3,12.0,Credit Card,Female,2.0,4,Fashion,2,Single,7,0,12.0,12.0,12.0,8.0,188.65,1-2 Years,Medium (10-20km),8-15 Days
50095,0,27.0,Mobile Phone,3,9.0,E Wallet,Female,2.0,3,Laptop & Accessory,5,Divorced,3,0,14.0,1.0,1.0,5.0,159.4,2+ Years,Near (<10km),4-7 Days
50096,0,9.0,Mobile Phone,1,11.0,Debit Card,Male,3.0,3,Laptop & Accessory,4,Single,9,0,16.0,0.0,3.0,7.0,159.14,6-12 Months,Medium (10-20km),4-7 Days
50097,0,6.0,Mobile Phone,1,14.0,Credit Card,Female,2.0,4,Mobile Phone,4,Divorced,7,0,21.0,0.0,1.0,1.0,126.22,0-6 Months,Medium (10-20km),0-3 Days
50098,0,10.0,Computer,1,17.0,UPI,Male,2.0,3,Fashion,2,Married,2,1,14.0,0.0,1.0,3.0,221.85000000000002,6-12 Months,Medium (10-20km),0-3 Days
50099,0,11.0,Mobile Phone,3,9.0,Debit Card,Male,3.0,3,Fashion,3,Married,1,0,12.0,1.0,5.0,13.0,206.08999999999997,6-12 Months,Near (<10km),8-15 Days
50100,0,4.0,Computer,1,6.0,Credit Card,Male,2.0,5,Laptop & Accessory,3,Divorced,1,0,12.0,1.0,1.0,4.0,143.45,0-6 Months,Near (<10km),4-7 Days
50101,0,9.0,Mobile Phone,1,9.0,Debit Card,Male,3.0,4,Mobile Phone,2,Divorced,4,0,17.0,0.0,1.0,0.0,121.77000000000001,6-12 Months,Near (<10km),0-3 Days
50102,0,10.0,Computer,3,10.0,E Wallet,Male,2.0,3,Mobile Phone,2,Married,5,0,17.0,1.0,5.0,8.0,0.0,6-12 Months,Near (<10km),8-15 Days
50103,0,2.0,Computer,3,6.0,Credit Card,Female,2.0,3,Fashion,2,Divorced,2,0,14.0,4.0,4.0,1.0,179.18,0-6 Months,Near (<10km),0-3 Days
50104,0,8.0,Computer,3,6.0,E Wallet,Female,3.0,3,Fashion,3,Single,2,0,14.0,1.0,1.0,8.0,187.89,6-12 Months,Near (<10km),8-15 Days
50105,1,0.0,Mobile Phone,1,14.0,Credit Card,Male,2.0,4,Mobile Phone,2,Single,2,1,13.0,0.0,1.0,1.0,123.88999999999999,0-6 Months,Medium (10-20km),0-3 Days
50106,0,25.0,Mobile Phone,1,8.0,Debit Card,Female,2.0,4,Mobile Phone,2,Single,8,0,15.0,0.0,2.0,2.0,132.12,2+ Years,Near (<10km),0-3 Days
50107,0,15.0,Mobile Phone,1,10.0,Cash on Delivery,Male,2.0,3,Others,2,Divorced,2,0,15.0,0.0,11.0,15.0,292.32,1-2 Years,Near (<10km),8-15 Days
50108,0,9.0,Mobile Phone,2,12.0,Credit Card,Male,2.0,3,Mobile Phone,3,Divorced,9,0,17.0,2.0,2.0,2.0,122.66999999999999,6-12 Months,Medium (10-20km),0-3 Days
50109,0,23.0,Mobile Phone,3,6.0,Credit Card,Female,3.0,3,Others,2,Married,4,0,15.0,1.0,1.0,6.0,295.17,1-2 Years,Near (<10km),4-7 Days
50110,1,0.0,Mobile Phone,1,14.0,Credit Card,Male,2.0,3,Mobile Phone,2,Divorced,6,1,13.0,0.0,1.0,4.0,124.36000000000001,0-6 Months,Medium (10-20km),4-7 Days
50111,0,16.0,Mobile Phone,3,22.0,E Wallet,Female,3.0,3,Grocery,2,Divorced,6,1,22.0,0.0,2.0,9.0,260.64,1-2 Years,Far (>20km),8-15 Days
50112,1,0.0,Mobile Phone,1,8.0,Debit Card,Female,3.0,3,Mobile Phone,5,Divorced,8,0,20.0,1.0,1.0,7.0,127.07,0-6 Months,Near (<10km),4-7 Days
50113,0,25.0,Computer,3,8.0,Debit Card,Male,3.0,4,Others,3,Single,2,1,18.0,1.0,15.0,12.0,290.68,2+ Years,Near (<10km),8-15 Days
50114,0,5.0,Mobile Phone,3,10.0,Debit Card,Female,2.0,3,Mobile Phone,4,Divorced,3,0,11.0,1.0,1.0,2.0,139.31,0-6 Months,Near (<10km),0-3 Days
50115,1,0.0,Mobile Phone,1,6.0,Debit Card,Male,3.0,4,Mobile Phone,3,Single,1,1,14.0,1.0,1.0,2.0,137.3,0-6 Months,Near (<10km),0-3 Days
50116,0,9.0,Mobile Phone,1,6.0,Credit Card,Female,3.0,3,Mobile Phone,3,Married,8,0,14.0,0.0,1.0,2.0,122.32,6-12 Months,Near (<10km),0-3 Days
50117,0,5.0,Computer,3,32.0,E Wallet,Male,3.0,3,Laptop & Accessory,2,Divorced,1,0,18.0,1.0,2.0,2.0,144.65,0-6 Months,Far (>20km),0-3 Days
50118,0,14.0,Mobile Phone,1,25.0,Debit Card,Male,3.0,3,Laptop & Accessory,5,Married,3,0,16.0,1.0,1.0,0.0,130.72,1-2 Years,Far (>20km),0-3 Days
50119,0,13.0,Mobile Phone,1,30.0,Cash on Delivery,Male,3.0,3,Laptop & Accessory,2,Married,2,0,17.0,2.0,4.0,7.0,133.19,1-2 Years,Far (>20km),4-7 Days
50120,0,18.0,Mobile Phone,1,6.0,UPI,Male,3.0,2,Others,2,Divorced,1,0,15.0,1.0,1.0,7.0,292.02,1-2 Years,Near (<10km),4-7 Days
50121,0,4.0,Computer,1,9.0,Credit Card,Male,3.0,3,Fashion,3,Married,10,0,12.0,1.0,2.0,2.0,236.75,0-6 Months,Near (<10km),0-3 Days
50122,0,6.0,Mobile Phone,1,11.0,Debit Card,Female,3.0,4,Mobile Phone,2,Divorced,2,0,13.0,0.0,1.0,2.0,129.11,0-6 Months,Medium (10-20km),0-3 Days
50123,0,7.0,Mobile Phone,1,8.0,Debit Card,Male,2.0,4,Laptop & Accessory,5,Divorced,7,0,13.0,0.0,5.0,9.0,159.57,6-12 Months,Near (<10km),8-15 Days
50124,0,10.0,Mobile Phone,1,6.0,Credit Card,Female,2.0,4,Mobile Phone,5,Divorced,3,0,14.0,1.0,1.0,2.0,139.2,6-12 Months,Near (<10km),0-3 Days
50125,0,18.0,Computer,1,13.0,Debit Card,Male,3.0,2,Laptop & Accessory,3,Divorced,5,0,17.0,0.0,1.0,2.0,164.34,1-2 Years,Medium (10-20km),0-3 Days
50126,1,0.0,Computer,1,16.0,Credit Card,Male,3.0,3,Fashion,3,Married,7,0,11.0,1.0,1.0,0.0,200.48,0-6 Months,Medium (10-20km),0-3 Days
50127,0,12.0,Computer,1,8.0,Cash on Delivery,Female,3.0,3,Fashion,3,Single,1,0,25.0,10.0,11.0,3.0,209.38,6-12 Months,Near (<10km),0-3 Days
50128,0,2.0,Mobile Phone,1,14.0,Debit Card,Male,2.0,3,Mobile Phone,2,Single,2,0,19.0,0.0,1.0,5.0,123.4,0-6 Months,Medium (10-20km),4-7 Days
50129,0,15.0,Mobile Phone,1,23.0,Debit Card,Female,2.0,2,Laptop & Accessory,5,Single,4,1,13.0,0.0,1.0,2.0,165.45,1-2 Years,Far (>20km),0-3 Days
50130,0,2.0,Mobile Phone,3,26.0,E Wallet,Male,2.0,3,Laptop & Accessory,2,Married,3,0,14.0,1.0,1.0,2.0,169.31,0-6 Months,Far (>20km),0-3 Days
50131,0,0.0,Mobile Phone,1,6.0,Debit Card,Female,3.0,3,Laptop & Accessory,3,Divorced,1,0,12.0,1.0,1.0,2.0,148.98,0-6 Months,Near (<10km),0-3 Days
50132,0,15.0,Mobile Phone,1,14.0,Credit Card,Female,2.0,4,Mobile Phone,5,Married,1,1,11.0,4.0,7.0,8.0,125.93,1-2 Years,Medium (10-20km),8-15 Days
50133,0,13.0,Mobile Phone,1,8.0,Credit Card,Male,2.0,3,Others,3,Married,1,0,15.0,0.0,3.0,9.0,294.36,1-2 Years,Near (<10km),8-15 Days
50134,0,24.0,Mobile Phone,1,6.0,Debit Card,Male,3.0,3,Mobile Phone,2,Divorced,2,0,11.0,1.0,1.0,0.0,127.22999999999999,1-2 Years,Near (<10km),0-3 Days
50135,1,0.0,Computer,1,35.0,Credit Card,Male,3.0,4,Mobile Phone,4,Single,1,0,11.0,1.0,1.0,4.0,134.79,0-6 Months,Far (>20km),4-7 Days
50136,0,5.0,Computer,1,13.0,Debit Card,Male,3.0,2,Mobile Phone,4,Divorced,2,0,20.0,0.0,1.0,3.0,127.94,0-6 Months,Medium (10-20km),0-3 Days
50137,0,11.0,Computer,3,8.0,Debit Card,Male,2.0,4,Laptop & Accessory,2,Divorced,4,0,18.0,6.0,7.0,5.0,152.49,6-12 Months,Near (<10km),4-7 Days
50138,0,9.0,Mobile Phone,1,8.0,Cash on Delivery,Male,2.0,4,Laptop & Accessory,5,Single,5,0,13.0,0.0,1.0,4.0,121.75999999999999,6-12 Months,Near (<10km),4-7 Days
50139,0,19.0,Mobile Phone,3,8.0,Cash on Delivery,Female,3.0,5,Grocery,4,Divorced,4,1,12.0,1.0,7.0,7.0,268.72,1-2 Years,Near (<10km),4-7 Days
50140,1,0.0,Mobile Phone,1,8.0,Debit Card,Male,3.0,3,Mobile Phone,3,Single,3,0,11.0,1.0,1.0,0.0,134.85,0-6 Months,Near (<10km),0-3 Days
50141,0,2.0,Mobile Phone,3,8.0,Credit Card,Male,3.0,4,Laptop & Accessory,4,Divorced,3,0,19.0,0.0,1.0,0.0,166.44,0-6 Months,Near (<10km),0-3 Days
50142,0,4.0,Mobile Phone,1,29.0,Credit Card,Male,3.0,4,Laptop & Accessory,2,Divorced,1,0,21.0,1.0,7.0,8.0,155.82,0-6 Months,Far (>20km),8-15 Days
50143,0,0.0,Computer,1,11.0,Debit Card,Male,2.0,2,Laptop & Accessory,5,Married,2,0,12.0,1.0,1.0,5.0,140.0,0-6 Months,Medium (10-20km),4-7 Days
50144,0,18.0,Mobile Phone,1,26.0,Credit Card,Male,3.0,3,Grocery,2,Divorced,1,1,14.0,0.0,2.0,10.0,234.95999999999998,1-2 Years,Far (>20km),8-15 Days
50145,0,9.0,Mobile Phone,1,12.0,Debit Card,Male,2.0,3,Mobile Phone,2,Divorced,1,0,11.0,4.0,10.0,11.0,132.1,6-12 Months,Medium (10-20km),8-15 Days
50146,0,28.0,Mobile Phone,1,6.0,Credit Card,Male,2.0,3,Others,5,Single,1,1,14.0,1.0,4.0,13.0,290.45,2+ Years,Near (<10km),8-15 Days
50147,1,10.0,Computer,1,35.0,Debit Card,Male,2.0,3,Fashion,4,Divorced,2,1,12.0,5.0,9.0,3.0,218.49,6-12 Months,Far (>20km),0-3 Days
50148,0,9.0,Mobile Phone,1,15.0,Credit Card,Male,3.0,3,Mobile Phone,2,Divorced,2,0,23.0,1.0,1.0,4.0,120.69999999999999,6-12 Months,Medium (10-20km),4-7 Days
50149,0,10.0,Mobile Phone,3,12.0,Credit Card,Male,3.0,3,Laptop & Accessory,2,Divorced,5,0,14.0,0.0,1.0,1.0,165.02,6-12 Months,Medium (10-20km),0-3 Days
50150,0,0.0,Mobile Phone,1,9.0,Credit Card,Male,3.0,4,Mobile Phone,3,Single,2,0,17.0,1.0,1.0,0.0,132.3,0-6 Months,Near (<10km),0-3 Days
50151,0,10.0,Computer,1,6.0,Credit Card,Female,0.0,3,Fashion,2,Married,3,1,18.0,0.0,2.0,2.0,236.02999999999997,6-12 Months,Near (<10km),0-3 Days
50152,0,2.0,Mobile Phone,1,28.0,Debit Card,Female,3.0,2,Fashion,4,Married,8,0,18.0,5.0,6.0,3.0,219.95999999999998,0-6 Months,Far (>20km),0-3 Days
50153,0,11.0,Mobile Phone,3,13.0,Credit Card,Female,2.0,2,Laptop & Accessory,5,Married,2,1,24.0,0.0,7.0,7.0,156.05,6-12 Months,Medium (10-20km),4-7 Days
50154,0,0.0,Computer,1,6.0,Debit Card,Female,2.0,3,Laptop & Accessory,4,Married,2,0,20.0,0.0,1.0,4.0,163.97,0-6 Months,Near (<10km),4-7 Days
50155,0,23.0,Mobile Phone,1,10.0,Debit Card,Male,3.0,3,Others,4,Married,4,0,14.0,1.0,1.0,6.0,291.44,1-2 Years,Near (<10km),4-7 Days
50156,0,26.0,Mobile Phone,1,9.0,Credit Card,Male,2.0,3,Grocery,3,Divorced,4,1,16.0,1.0,1.0,3.0,275.84,2+ Years,Near (<10km),0-3 Days
50157,0,15.0,Mobile Phone,3,6.0,Debit Card,Male,2.0,3,Laptop & Accessory,3,Divorced,2,0,25.0,4.0,11.0,6.0,149.07,1-2 Years,Near (<10km),4-7 Days
50158,0,2.0,Computer,3,8.0,Debit Card,Male,2.0,3,Laptop & Accessory,2,Single,2,0,18.0,0.0,1.0,9.0,145.54,0-6 Months,Near (<10km),8-15 Days
50159,0,28.0,Mobile Phone,1,26.0,Cash on Delivery,Male,2.0,3,Laptop & Accessory,2,Divorced,4,1,19.0,1.0,1.0,8.0,154.15,2+ Years,Far (>20km),8-15 Days
50160,0,0.0,Computer,1,17.0,Credit Card,Male,2.0,3,Laptop & Accessory,5,Divorced,2,1,13.0,2.0,3.0,3.0,147.41,0-6 Months,Medium (10-20km),0-3 Days
50161,0,9.0,Mobile Phone,1,6.0,Debit Card,Female,2.0,3,Mobile Phone,2,Single,2,0,12.0,1.0,5.0,7.0,121.15,6-12 Months,Near (<10km),4-7 Days
50162,1,7.0,Computer,1,30.0,Debit Card,Male,3.0,3,Mobile Phone,3,Married,4,1,22.0,0.0,1.0,0.0,131.61,6-12 Months,Far (>20km),0-3 Days
50163,0,11.0,Mobile Phone,1,29.0,Debit Card,Male,2.0,3,Laptop & Accessory,2,Married,10,0,14.0,0.0,1.0,2.0,157.45,6-12 Months,Far (>20km),0-3 Days
50164,1,0.0,Mobile Phone,1,14.0,Credit Card,Male,2.0,3,Mobile Phone,4,Married,3,1,13.0,1.0,1.0,2.0,123.72999999999999,0-6 Months,Medium (10-20km),0-3 Days
50165,0,1.0,Mobile Phone,1,14.0,Debit Card,Female,3.0,3,Mobile Phone,2,Single,2,0,21.0,0.0,1.0,2.0,133.1,0-6 Months,Medium (10-20km),0-3 Days
50166,0,22.0,Computer,1,16.0,Debit Card,Female,2.0,3,Others,5,Single,10,1,11.0,1.0,1.0,2.0,286.65,1-2 Years,Medium (10-20km),0-3 Days
50167,0,9.0,Mobile Phone,1,9.0,Cash on Delivery,Male,1.0,3,Laptop & Accessory,4,Single,5,0,12.0,6.0,7.0,7.0,144.85,6-12 Months,Near (<10km),4-7 Days
50168,0,4.0,Computer,3,11.0,E Wallet,Female,3.0,3,Mobile Phone,4,Married,2,0,11.0,0.0,2.0,2.0,127.88999999999999,0-6 Months,Medium (10-20km),0-3 Days
50169,1,0.0,Mobile Phone,3,10.0,E Wallet,Male,2.0,4,Laptop & Accessory,2,Single,2,1,12.0,7.0,7.0,4.0,158.28,0-6 Months,Near (<10km),4-7 Days
50170,0,10.0,Computer,1,14.0,Credit Card,Male,2.0,3,Mobile Phone,2,Divorced,2,1,12.0,0.0,1.0,2.0,123.25999999999999,6-12 Months,Medium (10-20km),0-3 Days
50171,0,15.0,Computer,3,32.0,E Wallet,Female,3.0,3,Grocery,4,Divorced,6,0,14.0,2.0,2.0,8.0,235.25,1-2 Years,Far (>20km),8-15 Days
50172,1,9.0,Mobile Phone,1,9.0,Debit Card,Male,2.0,3,Mobile Phone,3,Single,2,0,13.0,0.0,1.0,0.0,114.19999999999999,6-12 Months,Near (<10km),0-3 Days
50173,0,8.0,Mobile Phone,3,22.0,E Wallet,Male,3.0,3,Fashion,4,Divorced,1,0,15.0,3.0,6.0,9.0,180.2,6-12 Months,Far (>20km),8-15 Days
50174,0,9.0,Computer,1,24.0,Debit Card,Male,2.0,2,Mobile Phone,2,Divorced,5,0,18.0,0.0,1.0,0.0,136.88,6-12 Months,Far (>20km),0-3 Days
50175,0,24.0,Mobile Phone,1,8.0,Credit Card,Male,2.0,5,Laptop & Accessory,4,Married,6,0,18.0,0.0,1.0,2.0,154.82,1-2 Years,Near (<10km),0-3 Days
50176,0,14.0,Mobile Phone,3,8.0,Debit Card,Male,2.0,3,Grocery,4,Single,2,0,19.0,1.0,2.0,4.0,260.15,1-2 Years,Near (<10km),4-7 Days
50177,0,0.0,Mobile Phone,3,16.0,Credit Card,Female,3.0,4,Mobile Phone,3,Single,2,0,12.0,1.0,1.0,0.0,112.0,0-6 Months,Medium (10-20km),0-3 Days
50178,0,1.0,Mobile Phone,1,22.0,Credit Card,Male,3.0,2,Laptop & Accessory,5,Single,1,0,19.0,0.0,1.0,7.0,156.61,0-6 Months,Far (>20km),4-7 Days
50179,0,4.0,Mobile Phone,3,13.0,Cash on Delivery,Male,3.0,2,Laptop & Accessory,2,Divorced,5,0,11.0,3.0,7.0,7.0,169.29,0-6 Months,Medium (10-20km),4-7 Days
50180,0,12.0,Mobile Phone,1,6.0,Credit Card,Male,2.0,2,Fashion,2,Married,1,0,17.0,3.0,3.0,7.0,196.13,6-12 Months,Near (<10km),4-7 Days
50181,0,9.0,Computer,1,30.0,Debit Card,Female,2.0,3,Laptop & Accessory,4,Divorced,8,0,15.0,0.0,1.0,8.0,156.74,6-12 Months,Far (>20km),8-15 Days
50182,0,5.0,Mobile Phone,3,13.0,Debit Card,Male,3.0,4,Laptop & Accessory,3,Divorced,2,0,14.0,1.0,4.0,8.0,154.84,0-6 Months,Medium (10-20km),8-15 Days
50183,0,11.0,Mobile Phone,1,31.0,Debit Card,Female,2.0,4,Fashion,4,Divorced,4,0,17.0,1.0,1.0,3.0,220.61,6-12 Months,Far (>20km),0-3 Days
50184,0,30.0,Computer,1,6.0,Debit Card,Male,2.0,5,Laptop & Accessory,3,Married,3,1,13.0,1.0,1.0,2.0,156.6,2+ Years,Near (<10km),0-3 Days
50185,0,4.0,Mobile Phone,1,11.0,Cash on Delivery,Male,2.0,3,Mobile Phone,2,Divorced,1,1,12.0,0.0,1.0,3.0,148.21,0-6 Months,Medium (10-20km),0-3 Days
50186,0,4.0,Mobile Phone,2,8.0,UPI,Male,3.0,4,Laptop & Accessory,5,Divorced,4,0,12.0,0.0,1.0,0.0,164.1,0-6 Months,Near (<10km),0-3 Days
50187,0,18.0,Computer,1,13.0,Debit Card,Male,3.0,3,Fashion,5,Married,2,0,18.0,5.0,9.0,11.0,152.1,1-2 Years,Medium (10-20km),8-15 Days
50188,0,4.0,Mobile Phone,1,8.0,Debit Card,Male,3.0,3,Mobile Phone,2,Married,1,1,18.0,1.0,2.0,2.0,126.94999999999999,0-6 Months,Near (<10km),0-3 Days
50189,0,6.0,Computer,1,11.0,Debit Card,Female,3.0,3,Fashion,4,Divorced,7,0,11.0,2.0,8.0,3.0,218.77999999999997,0-6 Months,Medium (10-20km),0-3 Days
50190,0,12.0,Mobile Phone,1,16.0,Credit Card,Male,2.0,3,Grocery,5,Divorced,2,1,14.0,1.0,11.0,10.0,270.68,6-12 Months,Medium (10-20km),8-15 Days
50191,0,16.0,Computer,1,14.0,Debit Card,Female,2.0,3,Mobile Phone,2,Single,1,0,19.0,0.0,1.0,7.0,124.55000000000001,1-2 Years,Medium (10-20km),4-7 Days
50192,0,22.0,Mobile Phone,1,6.0,Cash on Delivery,Female,2.0,4,Grocery,3,Single,8,1,12.0,1.0,2.0,7.0,239.64,1-2 Years,Near (<10km),4-7 Days
50193,1,15.0,Mobile Phone,1,14.0,Credit Card,Male,2.0,4,Laptop & Accessory,4,Divorced,3,0,15.0,7.0,7.0,7.0,149.41,1-2 Years,Medium (10-20km),4-7 Days
50194,0,0.0,Mobile Phone,1,14.0,Debit Card,Female,2.0,3,Mobile Phone,4,Single,2,1,12.0,0.0,1.0,2.0,124.78,0-6 Months,Medium (10-20km),0-3 Days
50195,0,5.0,Mobile Phone,3,14.0,Cash on Delivery,Female,3.0,4,Laptop & Accessory,4,Divorced,2,1,11.0,6.0,11.0,9.0,152.28,0-6 Months,Medium (10-20km),8-15 Days
50196,0,0.0,Mobile Phone,3,8.0,Debit Card,Male,3.0,3,Laptop & Accessory,3,Single,2,1,11.0,1.0,1.0,4.0,144.78,0-6 Months,Near (<10km),4-7 Days
50197,0,4.0,Mobile Phone,3,13.0,E Wallet,Male,3.0,3,Laptop & Accessory,2,Married,5,0,12.0,0.0,1.0,7.0,175.47,0-6 Months,Medium (10-20km),4-7 Days
50198,0,5.0,Mobile Phone,1,8.0,Credit Card,Female,3.0,2,Laptop & Accessory,2,Single,8,0,16.0,1.0,1.0,7.0,150.55,0-6 Months,Near (<10km),4-7 Days
50199,1,0.0,Mobile Phone,1,8.0,Credit Card,Male,2.0,5,Mobile Phone,2,Divorced,6,1,13.0,2.0,2.0,2.0,134.64,0-6 Months,Near (<10km),0-3 Days
50200,0,3.0,Mobile Phone,1,34.0,Credit Card,Female,3.0,3,Laptop & Accessory,2,Divorced,2,0,13.0,0.0,1.0,9.0,157.75,0-6 Months,Far (>20km),8-15 Days
50201,0,4.0,Computer,1,13.0,Debit Card,Female,2.0,4,Fashion,3,Divorced,2,0,24.0,3.0,8.0,9.0,189.43,0-6 Months,Medium (10-20km),8-15 Days
50202,0,12.0,Computer,1,5.0,Credit Card,Male,2.0,4,Others,2,Divorced,2,0,15.0,9.0,13.0,3.0,292.72,6-12 Months,Near (<10km),0-3 Days
50203,1,2.0,Mobile Phone,3,9.0,Credit Card,Female,2.0,3,Laptop & Accessory,3,Divorced,5,1,18.0,1.0,1.0,0.0,152.38,0-6 Months,Near (<10km),0-3 Days
50204,0,6.0,Computer,3,16.0,E Wallet,Male,2.0,4,Laptop & Accessory,2,Single,4,0,14.0,1.0,1.0,1.0,146.82,0-6 Months,Medium (10-20km),0-3 Days
50205,0,20.0,Mobile Phone,1,11.0,Debit Card,Male,2.0,3,Others,3,Divorced,5,0,11.0,1.0,1.0,1.0,283.0,1-2 Years,Medium (10-20km),0-3 Days
50206,0,16.0,Computer,1,16.0,Debit Card,Female,2.0,4,Laptop & Accessory,3,Married,2,0,11.0,0.0,1.0,0.0,152.57,1-2 Years,Medium (10-20km),0-3 Days
50207,0,0.0,Computer,3,6.0,E Wallet,Male,3.0,3,Laptop & Accessory,4,Divorced,1,1,13.0,0.0,1.0,4.0,163.49,0-6 Months,Near (<10km),4-7 Days
50208,0,27.0,Computer,1,26.0,Debit Card,Female,2.0,3,Laptop & Accessory,3,Single,4,0,12.0,1.0,1.0,3.0,148.69,2+ Years,Far (>20km),0-3 Days
50209,0,16.0,Mobile Phone,1,13.0,Debit Card,Female,2.0,3,Fashion,5,Divorced,9,0,16.0,1.0,1.0,0.0,199.85,1-2 Years,Medium (10-20km),0-3 Days
50210,0,18.0,Mobile Phone,1,14.0,UPI,Male,3.0,3,Laptop & Accessory,2,Divorced,10,0,14.0,7.0,9.0,8.0,136.97,1-2 Years,Medium (10-20km),8-15 Days
50211,0,13.0,Mobile Phone,3,6.0,Credit Card,Male,2.0,5,Laptop & Accessory,2,Divorced,3,1,22.0,1.0,1.0,2.0,174.57,1-2 Years,Near (<10km),0-3 Days
50212,1,9.0,Mobile Phone,1,14.0,UPI,Male,3.0,5,Mobile Phone,5,Divorced,2,1,11.0,1.0,1.0,7.0,121.19,6-12 Months,Medium (10-20km),4-7 Days
50213,0,2.0,Mobile Phone,1,15.0,UPI,Male,1.0,4,Mobile Phone,2,Single,1,0,17.0,2.0,2.0,2.0,139.83,0-6 Months,Medium (10-20km),0-3 Days
50214,0,3.0,Mobile Phone,3,11.0,E Wallet,Female,1.0,4,Laptop & Accessory,3,Married,2,0,13.0,0.0,1.0,2.0,161.18,0-6 Months,Medium (10-20km),0-3 Days
50215,0,0.0,Mobile Phone,3,14.0,E Wallet,Female,2.0,3,Laptop & Accessory,4,Divorced,2,0,18.0,0.0,1.0,7.0,162.14,0-6 Months,Medium (10-20km),4-7 Days
50216,0,10.0,Mobile Phone,1,11.0,Credit Card,Male,3.0,3,Laptop & Accessory,2,Married,8,0,16.0,0.0,1.0,4.0,163.47,6-12 Months,Medium (10-20km),4-7 Days
50217,0,11.0,Mobile Phone,1,21.0,Debit Card,Male,3.0,4,Fashion,2,Married,1,1,14.0,1.0,2.0,3.0,215.10000000000002,6-12 Months,Far (>20km),0-3 Days
50218,0,4.0,Mobile Phone,1,13.0,Credit Card,Female,2.0,3,Fashion,2,Single,2,1,14.0,2.0,4.0,10.0,171.43,0-6 Months,Medium (10-20km),8-15 Days
50219,0,2.0,Mobile Phone,3,16.0,E Wallet,Female,2.0,4,Laptop & Accessory,4,Married,2,1,14.0,0.0,1.0,7.0,182.68,0-6 Months,Medium (10-20km),4-7 Days
50220,0,8.0,Mobile Phone,1,11.0,Cash on Delivery,Male,3.0,3,Fashion,4,Single,1,0,13.0,0.0,1.0,13.0,180.95,6-12 Months,Medium (10-20km),8-15 Days
50221,0,0.0,Mobile Phone,1,32.0,Debit Card,Male,3.0,3,Mobile Phone,2,Married,2,0,12.0,1.0,1.0,2.0,129.04,0-6 Months,Far (>20km),0-3 Days
50222,0,14.0,Mobile Phone,1,12.0,Credit Card,Male,3.0,4,Laptop & Accessory,4,Single,7,1,15.0,1.0,1.0,2.0,160.32,1-2 Years,Medium (10-20km),0-3 Days
50223,0,20.0,Computer,3,10.0,Credit Card,Male,3.0,3,Laptop & Accessory,3,Single,4,0,19.0,0.0,1.0,0.0,129.76,1-2 Years,Near (<10km),0-3 Days
50224,0,15.0,Mobile Phone,1,29.0,Debit Card,Female,2.0,3,Grocery,2,Single,3,0,14.0,0.0,2.0,0.0,259.92,1-2 Years,Far (>20km),0-3 Days
50225,0,2.0,Computer,3,8.0,Debit Card,Male,3.0,3,Laptop & Accessory,3,Divorced,2,0,14.0,1.0,1.0,2.0,146.49,0-6 Months,Near (<10km),0-3 Days
50226,0,15.0,Mobile Phone,2,8.0,Cash on Delivery,Male,3.0,3,Mobile Phone,3,Married,1,1,11.0,1.0,1.0,0.0,126.96000000000001,1-2 Years,Near (<10km),0-3 Days
50227,0,5.0,Mobile Phone,1,14.0,Credit Card,Female,3.0,3,Mobile Phone,4,Divorced,2,0,13.0,0.0,1.0,7.0,123.69999999999999,0-6 Months,Medium (10-20km),4-7 Days
50228,0,21.0,Mobile Phone,3,35.0,Credit Card,Female,3.0,3,Fashion,3,Divorced,4,0,21.0,0.0,1.0,3.0,225.04000000000002,1-2 Years,Far (>20km),0-3 Days
50229,0,10.0,Mobile Phone,1,12.0,Credit Card,Male,2.0,2,Laptop & Accessory,5,Married,5,1,13.0,2.0,6.0,7.0,159.74,6-12 Months,Medium (10-20km),4-7 Days
50230,0,3.0,Computer,3,31.0,Cash on Delivery,Female,2.0,3,Laptop & Accessory,3,Divorced,8,1,12.0,1.0,2.0,2.0,147.36,0-6 Months,Far (>20km),0-3 Days
50231,0,0.0,Mobile Phone,3,6.0,Debit Card,Male,2.0,3,Laptop & Accessory,3,Divorced,2,0,17.0,2.0,7.0,7.0,152.96,0-6 Months,Near (<10km),4-7 Days
50232,0,15.0,Mobile Phone,1,8.0,UPI,Male,3.0,4,Laptop & Accessory,2,Single,4,0,23.0,0.0,1.0,0.0,167.81,1-2 Years,Near (<10km),0-3 Days
50233,1,9.0,Computer,3,6.0,Cash on Delivery,Female,2.0,4,Mobile Phone,4,Single,2,1,11.0,1.0,1.0,2.0,121.74000000000001,6-12 Months,Near (<10km),0-3 Days
50234,0,9.0,Computer,3,6.0,Credit Card,Female,2.0,3,Laptop & Accessory,2,Single,5,0,15.0,1.0,1.0,0.0,166.53,6-12 Months,Near (<10km),0-3 Days
50235,0,9.0,Computer,3,9.0,Credit Card,Male,2.0,4,Fashion,2,Divorced,5,0,11.0,0.0,1.0,12.0,196.99,6-12 Months,Near (<10km),8-15 Days
50236,0,30.0,Mobile Phone,1,6.0,Credit Card,Male,2.0,3,Laptop & Accessory,3,Divorced,3,0,11.0,1.0,1.0,2.0,167.55,2+ Years,Near (<10km),0-3 Days
50237,0,9.0,Mobile Phone,1,16.0,Debit Card,Female,2.0,2,Mobile Phone,3,Divorced,4,1,13.0,0.0,1.0,7.0,122.13,6-12 Months,Medium (10-20km),4-7 Days
50238,0,0.0,Computer,3,14.0,Credit Card,Male,2.0,3,Mobile Phone,2,Single,2,0,24.0,0.0,2.0,2.0,126.1,0-6 Months,Medium (10-20km),0-3 Days
50239,1,0.0,Mobile Phone,3,11.0,E Wallet,Female,3.0,3,Mobile Phone,3,Single,2,1,13.0,1.0,1.0,0.0,128.51,0-6 Months,Medium (10-20km),0-3 Days
50240,0,10.0,Mobile Phone,1,16.0,Credit Card,Female,3.0,3,Mobile Phone,5,Divorced,7,0,20.0,1.0,1.0,3.0,134.52,6-12 Months,Medium (10-20km),0-3 Days
50241,0,19.0,Computer,1,13.0,Credit Card,Female,1.0,3,Laptop & Accessory,3,Divorced,3,0,14.0,0.0,1.0,0.0,152.58,1-2 Years,Medium (10-20km),0-3 Days
50242,1,4.0,Computer,3,10.0,E Wallet,Male,2.0,3,Laptop & Accessory,4,Single,2,0,18.0,7.0,7.0,7.0,193.55,0-6 Months,Near (<10km),4-7 Days
50243,0,23.0,Mobile Phone,1,16.0,Cash on Delivery,Male,3.0,4,Fashion,2,Single,7,0,15.0,0.0,1.0,3.0,204.96,1-2 Years,Medium (10-20km),0-3 Days
50244,1,3.0,Mobile Phone,3,28.0,E Wallet,Male,3.0,4,Laptop & Accessory,3,Divorced,3,1,12.0,1.0,1.0,0.0,163.8,0-6 Months,Far (>20km),0-3 Days
50245,0,4.0,Mobile Phone,1,14.0,Debit Card,Male,2.0,4,Mobile Phone,4,Single,1,1,16.0,1.0,2.0,2.0,126.57,0-6 Months,Medium (10-20km),0-3 Days
50246,1,0.0,Mobile Phone,3,18.0,Debit Card,Female,3.0,2,Mobile Phone,4,Single,2,0,15.0,0.0,1.0,0.0,127.16,0-6 Months,Medium (10-20km),0-3 Days
50247,0,9.0,Mobile Phone,1,29.0,Debit Card,Male,2.0,3,Mobile Phone,2,Single,10,0,16.0,1.0,1.0,2.0,122.00999999999999,6-12 Months,Far (>20km),0-3 Days
50248,0,8.0,Mobile Phone,1,15.0,Debit Card,Male,3.0,4,Laptop & Accessory,4,Single,10,0,19.0,1.0,1.0,0.0,165.4,6-12 Months,Medium (10-20km),0-3 Days
50249,0,0.0,Mobile Phone,1,6.0,Credit Card,Male,2.0,3,Mobile Phone,4,Married,2,0,11.0,0.0,1.0,4.0,138.16,0-6 Months,Near (<10km),4-7 Days
50250,0,1.0,Mobile Phone,3,15.0,Debit Card,Male,3.0,3,Laptop & Accessory,2,Single,2,0,16.0,1.0,1.0,7.0,152.53,0-6 Months,Medium (10-20km),4-7 Days
50251,0,22.0,Mobile Phone,1,13.0,UPI,Male,2.0,4,Fashion,3,Single,9,0,24.0,1.0,1.0,0.0,145.0,1-2 Years,Medium (10-20km),0-3 Days
50252,0,24.0,Mobile Phone,3,20.0,Debit Card,Female,2.0,3,Laptop & Accessory,2,Divorced,5,0,11.0,0.0,1.0,7.0,149.36,1-2 Years,Medium (10-20km),4-7 Days
50253,0,9.0,Mobile Phone,1,14.0,Debit Card,Female,3.0,3,Mobile Phone,3,Divorced,5,0,13.0,1.0,2.0,2.0,125.43,6-12 Months,Medium (10-20km),0-3 Days
50254,1,0.0,Computer,3,25.0,E Wallet,Male,3.0,2,Laptop & Accessory,2,Single,9,1,13.0,1.0,1.0,4.0,153.04,0-6 Months,Far (>20km),4-7 Days
50255,0,28.0,Mobile Phone,1,8.0,Debit Card,Female,3.0,3,Grocery,2,Single,3,1,13.0,1.0,1.0,2.0,266.59,2+ Years,Near (<10km),0-3 Days
50256,0,0.0,Mobile Phone,3,16.0,E Wallet,Female,3.0,3,Laptop & Accessory,3,Married,2,1,12.0,0.0,1.0,3.0,142.6,0-6 Months,Medium (10-20km),0-3 Days
50257,0,3.0,Mobile Phone,3,14.0,Cash on Delivery,Male,3.0,3,Mobile Phone,4,Divorced,2,0,18.0,1.0,1.0,0.0,124.75999999999999,0-6 Months,Medium (10-20km),0-3 Days
50258,1,0.0,Computer,1,9.0,Cash on Delivery,Male,3.0,3,Mobile Phone,5,Single,1,0,22.0,0.0,1.0,4.0,131.02,0-6 Months,Near (<10km),4-7 Days
50259,0,9.0,Mobile Phone,1,17.0,Credit Card,Female,2.0,3,Mobile Phone,4,Divorced,2,0,13.0,1.0,1.0,2.0,122.44,6-12 Months,Medium (10-20km),0-3 Days
50260,0,9.0,Mobile Phone,3,8.0,Credit Card,Male,3.0,4,Fashion,3,Divorced,2,0,13.0,9.0,9.0,0.0,175.96,6-12 Months,Near (<10km),0-3 Days
50261,1,9.0,Computer,1,10.0,Cash on Delivery,Male,2.0,3,Mobile Phone,2,Single,19,1,23.0,1.0,1.0,0.0,122.85,6-12 Months,Near (<10km),0-3 Days
50262,0,10.0,Mobile Phone,1,20.0,Debit Card,Female,3.0,3,Mobile Phone,5,Married,2,0,12.0,3.0,12.0,17.0,130.34,6-12 Months,Medium (10-20km),15+ Days
50263,0,13.0,Mobile Phone,3,8.0,E Wallet,Female,2.0,3,Laptop & Accessory,4,Married,8,0,12.0,0.0,1.0,3.0,157.15,1-2 Years,Near (<10km),0-3 Days
50264,0,15.0,Mobile Phone,1,14.0,Debit Card,Female,3.0,3,Mobile Phone,5,Married,4,0,16.0,1.0,1.0,2.0,125.75999999999999,1-2 Years,Medium (10-20km),0-3 Days
50265,0,10.0,Mobile Phone,1,16.0,Debit Card,Male,2.0,3,Laptop & Accessory,4,Single,3,1,12.0,0.0,1.0,1.0,141.97,6-12 Months,Medium (10-20km),0-3 Days
50266,0,16.0,Mobile Phone,1,18.0,Debit Card,Male,2.0,4,Grocery,4,Married,2,0,11.0,0.0,2.0,9.0,243.36,1-2 Years,Medium (10-20km),8-15 Days
50267,0,13.0,Mobile Phone,1,8.0,Credit Card,Female,3.0,4,Laptop & Accessory,3,Divorced,7,0,22.0,1.0,1.0,0.0,134.48,1-2 Years,Near (<10km),0-3 Days
50268,0,27.0,Mobile Phone,1,11.0,Credit Card,Male,2.0,3,Others,5,Divorced,5,0,15.0,1.0,1.0,2.0,294.06,2+ Years,Medium (10-20km),0-3 Days
50269,0,7.0,Computer,3,10.0,E Wallet,Female,3.0,3,Laptop & Accessory,3,Divorced,10,0,15.0,1.0,1.0,2.0,165.38,6-12 Months,Near (<10km),0-3 Days
50270,0,4.0,Mobile Phone,1,13.0,Credit Card,Female,2.0,3,Laptop & Accessory,5,Divorced,2,0,12.0,3.0,3.0,12.0,143.06,0-6 Months,Medium (10-20km),8-15 Days
50271,0,9.0,Computer,1,27.0,Credit Card,Male,3.0,3,Mobile Phone,2,Divorced,8,0,20.0,0.0,1.0,2.0,122.58000000000001,6-12 Months,Far (>20km),0-3 Days
50272,0,16.0,Mobile Phone,1,14.0,UPI,Female,3.0,3,Laptop & Accessory,3,Married,5,1,14.0,0.0,1.0,2.0,145.22,1-2 Years,Medium (10-20km),0-3 Days
50273,0,0.0,Mobile Phone,3,10.0,Debit Card,Female,2.0,4,Laptop & Accessory,2,Single,2,1,11.0,0.0,1.0,3.0,144.87,0-6 Months,Near (<10km),0-3 Days
50274,0,10.0,Computer,1,31.0,Credit Card,Female,3.0,3,Laptop & Accessory,3,Divorced,4,1,15.0,3.0,10.0,7.0,144.49,6-12 Months,Far (>20km),4-7 Days
50275,0,9.0,Mobile Phone,1,6.0,Debit Card,Male,3.0,4,Mobile Phone,5,Divorced,2,0,12.0,0.0,3.0,2.0,122.18,6-12 Months,Near (<10km),0-3 Days
50276,0,12.0,Computer,1,6.0,Debit Card,Male,2.0,3,Others,3,Married,2,1,14.0,0.0,1.0,6.0,291.97,6-12 Months,Near (<10km),4-7 Days
50277,0,29.0,Computer,3,12.0,Debit Card,Female,2.0,2,Grocery,5,Divorced,10,0,11.0,2.0,2.0,7.0,232.12,2+ Years,Medium (10-20km),4-7 Days
50278,0,3.0,Mobile Phone,3,18.0,Cash on Delivery,Female,2.0,3,Laptop & Accessory,3,Single,1,0,11.0,3.0,4.0,4.0,165.77,0-6 Months,Medium (10-20km),4-7 Days
50279,0,14.0,Mobile Phone,3,6.0,E Wallet,Male,2.0,2,Fashion,5,Divorced,2,0,16.0,1.0,1.0,7.0,183.92,1-2 Years,Near (<10km),4-7 Days
50280,0,1.0,Mobile Phone,1,23.0,Credit Card,Male,3.0,3,Laptop & Accessory,5,Married,2,0,12.0,0.0,1.0,8.0,145.58,0-6 Months,Far (>20km),8-15 Days
50281,1,0.0,Mobile Phone,1,9.0,Credit Card,Male,3.0,3,Mobile Phone,5,Divorced,6,0,13.0,1.0,1.0,2.0,140.31,0-6 Months,Near (<10km),0-3 Days
50282,0,25.0,Mobile Phone,1,9.0,Credit Card,Male,2.0,4,Fashion,3,Divorced,3,1,14.0,0.0,1.0,4.0,179.69,2+ Years,Near (<10km),4-7 Days
50283,0,18.0,Mobile Phone,1,14.0,Debit Card,Male,3.0,3,Mobile Phone,2,Divorced,4,0,21.0,1.0,1.0,2.0,126.53999999999999,1-2 Years,Medium (10-20km),0-3 Days
50284,0,25.0,Mobile Phone,1,10.0,Debit Card,Female,1.0,3,Grocery,2,Divorced,3,0,13.0,1.0,1.0,4.0,265.55,2+ Years,Near (<10km),4-7 Days
50285,0,15.0,Computer,1,35.0,Debit Card,Female,3.0,3,Laptop & Accessory,3,Married,3,0,11.0,1.0,1.0,2.0,145.56,1-2 Years,Far (>20km),0-3 Days
50286,0,3.0,Mobile Phone,1,8.0,Debit Card,Female,2.0,5,Laptop & Accessory,2,Single,3,0,20.0,0.0,1.0,2.0,160.91,0-6 Months,Near (<10km),0-3 Days
50287,0,30.0,Mobile Phone,1,13.0,Debit Card,Female,2.0,3,Others,5,Divorced,6,0,15.0,0.0,11.0,10.0,295.66,2+ Years,Medium (10-20km),8-15 Days
50288,0,19.0,Mobile Phone,1,24.0,Credit Card,Female,2.0,3,Laptop & Accessory,3,Married,3,0,14.0,0.0,1.0,8.0,148.1,1-2 Years,Far (>20km),8-15 Days
50289,0,15.0,Computer,1,34.0,Cash on Delivery,Female,2.0,4,Laptop & Accessory,2,Divorced,1,0,11.0,0.0,1.0,4.0,145.23,1-2 Years,Far (>20km),4-7 Days
50290,1,0.0,Mobile Phone,3,6.0,Cash on Delivery,Female,3.0,3,Mobile Phone,4,Single,2,1,16.0,1.0,1.0,4.0,132.02,0-6 Months,Near (<10km),4-7 Days
50291,1,0.0,Computer,3,14.0,E Wallet,Female,2.0,5,Mobile Phone,3,Married,1,0,16.0,1.0,1.0,0.0,123.50999999999999,0-6 Months,Medium (10-20km),0-3 Days
50292,0,9.0,Computer,1,8.0,Debit Card,Male,2.0,3,Mobile Phone,2,Divorced,2,1,23.0,1.0,1.0,0.0,117.02000000000001,6-12 Months,Near (<10km),0-3 Days
50293,0,13.0,Mobile Phone,3,8.0,Debit Card,Female,3.0,3,Others,3,Divorced,1,0,14.0,1.0,1.0,12.0,280.41,1-2 Years,Near (<10km),8-15 Days
50294,0,0.0,Mobile Phone,1,29.0,Debit Card,Female,3.0,3,Mobile Phone,2,Married,2,0,22.0,1.0,1.0,2.0,128.86,0-6 Months,Far (>20km),0-3 Days
50295,0,9.0,Computer,1,9.0,Debit Card,Male,2.0,3,Mobile Phone,2,Divorced,5,0,15.0,0.0,1.0,4.0,120.97,6-12 Months,Near (<10km),4-7 Days
50296,0,2.0,Mobile Phone,1,9.0,Credit Card,Male,3.0,4,Fashion,3,Divorced,2,0,18.0,1.0,1.0,3.0,219.35000000000002,0-6 Months,Near (<10km),0-3 Days
50297,1,0.0,Mobile Phone,1,14.0,Cash on Delivery,Female,3.0,4,Mobile Phone,4,Divorced,6,0,16.0,0.0,1.0,1.0,125.46000000000001,0-6 Months,Medium (10-20km),0-3 Days
50298,1,0.0,Mobile Phone,2,14.0,Cash on Delivery,Male,2.0,4,Mobile Phone,2,Single,2,0,12.0,1.0,1.0,0.0,125.63999999999999,0-6 Months,Medium (10-20km),0-3 Days
50299,0,3.0,Computer,3,28.0,UPI,Female,3.0,3,Fashion,5,Divorced,1,0,11.0,2.0,7.0,8.0,184.12,0-6 Months,Far (>20km),8-15 Days
50300,0,30.0,Mobile Phone,3,35.0,E Wallet,Male,2.0,4,Grocery,2,Married,4,0,12.0,0.0,2.0,0.0,241.18,2+ Years,Far (>20km),0-3 Days
50301,0,23.0,Mobile Phone,1,35.0,Debit Card,Male,2.0,4,Grocery,3,Divorced,1,0,15.0,1.0,15.0,7.0,270.46,1-2 Years,Far (>20km),4-7 Days
50302,0,3.0,Computer,1,14.0,Credit Card,Female,2.0,3,Mobile Phone,2,Single,1,0,14.0,5.0,6.0,7.0,125.63999999999999,0-6 Months,Medium (10-20km),4-7 Days
50303,0,30.0,Computer,3,34.0,E Wallet,Female,3.0,4,Fashion,5,Divorced,5,0,19.0,13.0,13.0,11.0,202.66,2+ Years,Far (>20km),8-15 Days
50304,0,20.0,Mobile Phone,1,8.0,Credit Card,Female,3.0,3,Laptop & Accessory,2,Married,6,0,13.0,0.0,1.0,4.0,150.7,1-2 Years,Near (<10km),4-7 Days
50305,0,19.0,Mobile Phone,1,8.0,Debit Card,Male,2.0,3,Grocery,3,Divorced,7,0,13.0,1.0,1.0,1.0,278.61,1-2 Years,Near (<10km),0-3 Days
50306,0,8.0,Mobile Phone,1,28.0,Debit Card,Male,2.0,5,Mobile Phone,3,Single,1,0,15.0,2.0,4.0,3.0,142.3,6-12 Months,Far (>20km),0-3 Days
50307,0,27.0,Mobile Phone,1,14.0,Debit Card,Female,2.0,3,Laptop & Accessory,3,Single,8,0,11.0,1.0,1.0,0.0,137.8,2+ Years,Medium (10-20km),0-3 Days
50308,0,7.0,Mobile Phone,1,8.0,Debit Card,Male,3.0,4,Mobile Phone,3,Married,4,0,12.0,5.0,5.0,7.0,127.68,6-12 Months,Near (<10km),4-7 Days
50309,0,19.0,Mobile Phone,3,16.0,E Wallet,Female,3.0,4,Fashion,2,Divorced,3,1,19.0,1.0,1.0,2.0,190.71,1-2 Years,Medium (10-20km),0-3 Days
50310,0,4.0,Mobile Phone,1,15.0,Debit Card,Male,2.0,3,Fashion,4,Married,2,0,25.0,1.0,1.0,8.0,206.48000000000002,0-6 Months,Medium (10-20km),8-15 Days
50311,1,0.0,Mobile Phone,1,21.0,Credit Card,Male,2.0,3,Fashion,3,Divorced,8,1,12.0,0.0,2.0,7.0,236.10000000000002,0-6 Months,Far (>20km),4-7 Days
50312,1,0.0,Mobile Phone,1,16.0,Credit Card,Male,2.0,5,Mobile Phone,2,Married,8,0,13.0,0.0,1.0,3.0,134.08,0-6 Months,Medium (10-20km),0-3 Days
50313,0,3.0,Mobile Phone,3,13.0,E Wallet,Male,3.0,3,Mobile Phone,4,Single,1,0,14.0,1.0,1.0,2.0,129.83,0-6 Months,Medium (10-20km),0-3 Days
50314,0,8.0,Mobile Phone,1,22.0,Debit Card,Male,3.0,3,Fashion,3,Divorced,5,1,12.0,0.0,1.0,0.0,176.32,6-12 Months,Far (>20km),0-3 Days
50315,1,0.0,Computer,1,26.0,Debit Card,Male,3.0,3,Fashion,3,Divorced,4,0,12.0,1.0,1.0,0.0,198.24,0-6 Months,Far (>20km),0-3 Days
50316,1,0.0,Computer,2,29.0,UPI,Female,2.0,3,Fashion,5,Married,10,1,15.0,1.0,1.0,2.0,199.5,0-6 Months,Far (>20km),0-3 Days
50317,0,9.0,Computer,1,11.0,UPI,Male,3.0,3,Mobile Phone,3,Divorced,5,0,17.0,2.0,2.0,0.0,120.93,6-12 Months,Medium (10-20km),0-3 Days
50318,0,9.0,Computer,3,16.0,Credit Card,Male,2.0,3,Fashion,2,Single,2,0,14.0,1.0,9.0,7.0,199.8,6-12 Months,Medium (10-20km),4-7 Days
50319,1,0.0,Computer,1,10.0,Cash on Delivery,Male,2.0,4,Mobile Phone,3,Single,6,0,16.0,1.0,1.0,2.0,138.94,0-6 Months,Near (<10km),0-3 Days
50320,0,21.0,Mobile Phone,3,8.0,E Wallet,Female,2.0,3,Laptop & Accessory,2,Divorced,3,0,14.0,4.0,6.0,7.0,140.51,1-2 Years,Near (<10km),4-7 Days
50321,0,28.0,Mobile Phone,3,24.0,Debit Card,Female,2.0,3,Grocery,4,Single,4,0,23.0,1.0,7.0,7.0,268.35,2+ Years,Far (>20km),4-7 Days
50322,0,14.0,Computer,3,16.0,Debit Card,Male,2.0,3,Laptop & Accessory,2,Single,8,0,14.0,0.0,1.0,10.0,162.3,1-2 Years,Medium (10-20km),8-15 Days
50323,0,8.0,Mobile Phone,3,6.0,E Wallet,Male,2.0,3,Laptop & Accessory,3,Divorced,10,0,11.0,3.0,6.0,9.0,147.17,6-12 Months,Near (<10km),8-15 Days
50324,0,13.0,Mobile Phone,1,12.0,Debit Card,Female,3.0,3,Grocery,3,Single,8,0,15.0,4.0,2.0,13.0,232.37,1-2 Years,Medium (10-20km),8-15 Days
50325,0,12.0,Computer,1,14.0,Debit Card,Female,2.0,3,Mobile Phone,3,Divorced,2,0,11.0,0.0,1.0,7.0,137.55,6-12 Months,Medium (10-20km),4-7 Days
50326,0,4.0,Mobile Phone,3,8.0,Debit Card,Male,3.0,3,Laptop & Accessory,2,Single,5,1,13.0,1.0,1.0,5.0,165.82,0-6 Months,Near (<10km),4-7 Days
50327,0,15.0,Mobile Phone,1,30.0,Credit Card,Male,2.0,3,Fashion,5,Divorced,2,1,21.0,4.0,5.0,8.0,174.06,1-2 Years,Far (>20km),8-15 Days
50328,0,18.0,Mobile Phone,3,8.0,UPI,Male,3.0,3,Laptop & Accessory,4,Divorced,1,0,19.0,3.0,3.0,7.0,148.05,1-2 Years,Near (<10km),4-7 Days
50329,1,0.0,Computer,2,23.0,Debit Card,Female,3.0,3,Mobile Phone,3,Married,1,1,11.0,0.0,1.0,0.0,127.41,0-6 Months,Far (>20km),0-3 Days
50330,0,2.0,Mobile Phone,1,25.0,Cash on Delivery,Male,2.0,3,Laptop & Accessory,2,Married,5,0,12.0,0.0,1.0,2.0,142.62,0-6 Months,Far (>20km),0-3 Days
50331,0,6.0,Mobile Phone,1,6.0,Credit Card,Female,3.0,2,Grocery,3,Married,5,0,19.0,1.0,1.0,5.0,261.84,0-6 Months,Near (<10km),4-7 Days
50332,0,0.0,Mobile Phone,3,13.0,Debit Card,Male,2.0,4,Fashion,2,Married,10,0,21.0,1.0,1.0,3.0,215.57,0-6 Months,Medium (10-20km),0-3 Days
50333,1,9.0,Computer,3,11.0,E Wallet,Male,3.0,3,Mobile Phone,4,Single,2,1,14.0,1.0,1.0,0.0,118.78,6-12 Months,Medium (10-20km),0-3 Days
50334,0,13.0,Computer,3,34.0,UPI,Male,2.0,5,Fashion,5,Married,4,0,15.0,1.0,1.0,3.0,209.32,1-2 Years,Far (>20km),0-3 Days
50335,0,14.0,Computer,1,8.0,UPI,Female,3.0,4,Laptop & Accessory,3,Single,3,1,17.0,0.0,1.0,7.0,168.11,1-2 Years,Near (<10km),4-7 Days
50336,0,0.0,Mobile Phone,3,35.0,Credit Card,Male,2.0,3,Laptop & Accessory,3,Married,6,0,12.0,1.0,1.0,0.0,143.06,0-6 Months,Far (>20km),0-3 Days
50337,0,8.0,Mobile Phone,3,6.0,Credit Card,Female,3.0,3,Laptop & Accessory,3,Single,2,0,16.0,0.0,1.0,3.0,148.59,6-12 Months,Near (<10km),0-3 Days
50338,0,7.0,Mobile Phone,3,27.0,Debit Card,Male,3.0,2,Laptop & Accessory,2,Single,2,0,12.0,5.0,5.0,7.0,153.37,6-12 Months,Far (>20km),4-7 Days
50339,1,0.0,Mobile Phone,1,14.0,Cash on Delivery,Male,3.0,5,Mobile Phone,2,Single,2,1,18.0,1.0,1.0,0.0,123.4,0-6 Months,Medium (10-20km),0-3 Days
50340,0,10.0,Mobile Phone,1,6.0,Cash on Delivery,Female,2.0,3,Fashion,2,Single,5,0,17.0,1.0,1.0,2.0,174.91,6-12 Months,Near (<10km),0-3 Days
50341,0,19.0,Computer,1,24.0,Credit Card,Female,2.0,3,Fashion,3,Divorced,6,0,11.0,1.0,1.0,2.0,205.27,1-2 Years,Far (>20km),0-3 Days
50342,0,14.0,Mobile Phone,3,8.0,Debit Card,Female,3.0,3,Grocery,5,Divorced,8,0,16.0,1.0,11.0,8.0,265.95,1-2 Years,Near (<10km),8-15 Days
50343,0,10.0,Computer,3,15.0,Credit Card,Male,3.0,3,Fashion,4,Married,2,0,13.0,6.0,7.0,7.0,188.34,6-12 Months,Medium (10-20km),4-7 Days
50344,0,25.0,Mobile Phone,1,12.0,Cash on Delivery,Male,3.0,3,Laptop & Accessory,5,Married,4,1,12.0,2.0,6.0,9.0,155.77,2+ Years,Medium (10-20km),8-15 Days
50345,1,0.0,Computer,3,17.0,UPI,Male,2.0,2,Laptop & Accessory,3,Divorced,9,0,12.0,1.0,1.0,2.0,147.07,0-6 Months,Medium (10-20km),0-3 Days
50346,0,0.0,Computer,3,14.0,Credit Card,Male,2.0,3,Mobile Phone,2,Divorced,1,0,13.0,0.0,2.0,1.0,124.0,0-6 Months,Medium (10-20km),0-3 Days
50347,0,11.0,Mobile Phone,1,16.0,Credit Card,Female,3.0,3,Laptop & Accessory,3,Divorced,4,0,19.0,1.0,1.0,0.0,198.24,6-12 Months,Medium (10-20km),0-3 Days
50348,0,10.0,Mobile Phone,1,6.0,Debit Card,Female,3.0,3,Laptop & Accessory,4,Divorced,7,0,12.0,3.0,4.0,3.0,164.47,6-12 Months,Near (<10km),0-3 Days
50349,0,22.0,Mobile Phone,1,24.0,Debit Card,Male,2.0,4,Others,3,Married,2,1,15.0,0.0,1.0,9.0,295.02,1-2 Years,Far (>20km),8-15 Days
50350,0,0.0,Mobile Phone,1,29.0,Credit Card,Male,3.0,2,Mobile Phone,2,Divorced,2,1,11.0,0.0,1.0,4.0,127.25,0-6 Months,Far (>20km),4-7 Days
50351,0,0.0,Mobile Phone,3,34.0,E Wallet,Male,3.0,3,Laptop & Accessory,4,Divorced,2,0,20.0,1.0,1.0,4.0,162.72,0-6 Months,Far (>20km),4-7 Days
50352,0,9.0,Mobile Phone,1,23.0,UPI,Male,3.0,4,Mobile Phone,4,Divorced,2,0,21.0,1.0,1.0,0.0,121.27000000000001,6-12 Months,Far (>20km),0-3 Days
50353,0,23.0,Computer,2,9.0,Credit Card,Male,2.0,3,Others,4,Divorced,2,0,11.0,1.0,10.0,7.0,282.0,1-2 Years,Near (<10km),4-7 Days
50354,0,9.0,Mobile Phone,3,19.0,Credit Card,Male,2.0,3,Mobile Phone,3,Divorced,2,0,11.0,1.0,1.0,6.0,120.96000000000001,6-12 Months,Medium (10-20km),4-7 Days
50355,1,0.0,Computer,1,13.0,Debit Card,Female,3.0,3,Mobile Phone,3,Divorced,2,1,16.0,0.0,1.0,2.0,128.86,0-6 Months,Medium (10-20km),0-3 Days
50356,1,9.0,Computer,3,18.0,Debit Card,Male,3.0,4,Mobile Phone,5,Divorced,2,0,18.0,1.0,1.0,0.0,120.33000000000001,6-12 Months,Medium (10-20km),0-3 Days
50357,0,7.0,Mobile Phone,1,6.0,Debit Card,Male,2.0,4,Mobile Phone,2,Divorced,2,1,13.0,0.0,1.0,3.0,136.22,6-12 Months,Near (<10km),0-3 Days
50358,1,0.0,Mobile Phone,3,19.0,Credit Card,Male,2.0,3,Laptop & Accessory,5,Married,3,0,17.0,0.0,1.0,2.0,142.33,0-6 Months,Medium (10-20km),0-3 Days
50359,0,8.0,Mobile Phone,1,31.0,UPI,Male,2.0,4,Laptop & Accessory,2,Single,5,0,14.0,0.0,1.0,2.0,136.81,6-12 Months,Far (>20km),0-3 Days
50360,0,4.0,Mobile Phone,3,12.0,Credit Card,Male,3.0,2,Laptop & Accessory,2,Married,5,0,22.0,3.0,5.0,7.0,154.6,0-6 Months,Medium (10-20km),4-7 Days
50361,0,9.0,Mobile Phone,1,12.0,Credit Card,Female,3.0,4,Mobile Phone,3,Married,1,0,12.0,1.0,1.0,3.0,121.87,6-12 Months,Medium (10-20km),0-3 Days
50362,0,10.0,Mobile Phone,3,8.0,E Wallet,Male,3.0,3,Laptop & Accessory,3,Divorced,5,1,11.0,0.0,1.0,0.0,196.02,6-12 Months,Near (<10km),0-3 Days
50363,0,0.0,Mobile Phone,1,6.0,Debit Card,Female,3.0,4,Mobile Phone,4,Single,2,0,13.0,1.0,1.0,0.0,128.36,0-6 Months,Near (<10km),0-3 Days
50364,0,15.0,Mobile Phone,1,8.0,Debit Card,Female,2.0,3,Laptop & Accessory,2,Divorced,2,0,13.0,2.0,2.0,2.0,140.89,1-2 Years,Near (<10km),0-3 Days
50365,0,16.0,Mobile Phone,1,12.0,UPI,Male,2.0,4,Grocery,2,Married,5,1,14.0,1.0,1.0,0.0,266.27,1-2 Years,Medium (10-20km),0-3 Days
50366,0,11.0,Mobile Phone,1,14.0,Debit Card,Female,2.0,3,Mobile Phone,5,Single,4,0,17.0,1.0,1.0,0.0,126.19,6-12 Months,Medium (10-20km),0-3 Days
50367,0,16.0,Computer,1,15.0,Credit Card,Male,3.0,3,Laptop & Accessory,3,Married,4,1,13.0,2.0,4.0,7.0,156.79,1-2 Years,Medium (10-20km),4-7 Days
50368,0,21.0,Mobile Phone,1,6.0,Debit Card,Female,2.0,4,Grocery,5,Divorced,8,0,11.0,0.0,2.0,2.0,254.01999999999998,1-2 Years,Near (<10km),0-3 Days
50369,0,17.0,Mobile Phone,2,6.0,Debit Card,Female,2.0,4,Laptop & Accessory,3,Single,5,0,11.0,1.0,1.0,2.0,159.85,1-2 Years,Near (<10km),0-3 Days
50370,0,7.0,Mobile Phone,3,14.0,Cash on Delivery,Female,2.0,3,Mobile Phone,3,Married,2,1,18.0,1.0,1.0,6.0,125.78999999999999,6-12 Months,Medium (10-20km),4-7 Days
50371,1,0.0,Mobile Phone,3,8.0,E Wallet,Male,3.0,3,Mobile Phone,5,Married,1,0,11.0,0.0,1.0,2.0,130.41,0-6 Months,Near (<10km),0-3 Days
50372,0,0.0,Mobile Phone,3,28.0,Cash on Delivery,Male,2.0,3,Mobile Phone,3,Single,2,0,11.0,1.0,1.0,2.0,134.47,0-6 Months,Far (>20km),0-3 Days
50373,0,17.0,Mobile Phone,1,9.0,UPI,Male,2.0,3,Others,2,Divorced,5,1,15.0,1.0,1.0,1.0,295.13,1-2 Years,Near (<10km),0-3 Days
50374,0,0.0,Mobile Phone,1,12.0,Credit Card,Male,3.0,3,Mobile Phone,3,Divorced,1,0,20.0,2.0,2.0,2.0,127.72999999999999,0-6 Months,Medium (10-20km),0-3 Days
50375,0,6.0,Mobile Phone,3,14.0,E Wallet,Male,2.0,3,Laptop & Accessory,3,Married,1,0,12.0,1.0,1.0,2.0,171.04,0-6 Months,Medium (10-20km),0-3 Days
50376,0,5.0,Mobile Phone,1,15.0,Debit Card,Female,3.0,3,Laptop & Accessory,2,Divorced,2,1,12.0,1.0,1.0,5.0,163.22,0-6 Months,Medium (10-20km),4-7 Days
50377,0,9.0,Computer,1,9.0,Credit Card,Female,3.0,3,Mobile Phone,3,Married,2,0,20.0,1.0,1.0,0.0,120.83000000000001,6-12 Months,Near (<10km),0-3 Days
50378,0,26.0,Mobile Phone,3,6.0,Credit Card,Female,2.0,3,Laptop & Accessory,5,Single,8,0,20.0,6.0,8.0,10.0,183.81,2+ Years,Near (<10km),8-15 Days
50379,0,7.0,Mobile Phone,1,6.0,Debit Card,Male,3.0,3,Mobile Phone,2,Divorced,2,0,12.0,6.0,8.0,8.0,126.91,6-12 Months,Near (<10km),8-15 Days
50380,1,8.0,Computer,3,32.0,Debit Card,Female,3.0,3,Laptop & Accessory,5,Divorced,3,0,14.0,0.0,1.0,0.0,142.86,6-12 Months,Far (>20km),0-3 Days
50381,0,0.0,Mobile Phone,1,12.0,Debit Card,Female,3.0,3,Mobile Phone,2,Divorced,2,1,13.0,0.0,1.0,2.0,126.59,0-6 Months,Medium (10-20km),0-3 Days
50382,0,10.0,Mobile Phone,1,9.0,UPI,Male,2.0,3,Fashion,3,Divorced,2,0,15.0,6.0,7.0,8.0,194.34,6-12 Months,Near (<10km),8-15 Days
50383,0,2.0,Mobile Phone,3,9.0,Credit Card,Female,3.0,3,Laptop & Accessory,3,Divorced,2,0,14.0,0.0,1.0,2.0,155.61,0-6 Months,Near (<10km),0-3 Days
50384,0,8.0,Mobile Phone,1,12.0,Debit Card,Male,2.0,5,Laptop & Accessory,2,Single,2,0,13.0,11.0,11.0,8.0,166.46,6-12 Months,Medium (10-20km),8-15 Days
50385,0,6.0,Computer,1,12.0,Debit Card,Male,1.0,3,Laptop & Accessory,2,Married,4,0,23.0,4.0,4.0,7.0,177.25,0-6 Months,Medium (10-20km),4-7 Days
50386,0,27.0,Mobile Phone,2,25.0,Credit Card,Male,2.0,3,Fashion,4,Divorced,3,0,15.0,3.0,7.0,1.0,207.25,2+ Years,Far (>20km),0-3 Days
50387,0,9.0,Mobile Phone,1,15.0,Credit Card,Male,2.0,4,Laptop & Accessory,4,Married,3,1,11.0,1.0,1.0,2.0,188.47,6-12 Months,Medium (10-20km),0-3 Days
50388,0,9.0,Mobile Phone,1,9.0,Credit Card,Male,2.0,4,Mobile Phone,2,Single,1,0,13.0,0.0,1.0,1.0,120.44999999999999,6-12 Months,Near (<10km),0-3 Days
50389,1,0.0,Mobile Phone,1,16.0,Credit Card,Male,2.0,3,Mobile Phone,3,Single,2,1,11.0,0.0,1.0,1.0,110.09,0-6 Months,Medium (10-20km),0-3 Days
50390,1,0.0,Computer,1,9.0,Debit Card,Male,3.0,3,Mobile Phone,5,Single,2,1,11.0,9.0,9.0,7.0,133.48,0-6 Months,Near (<10km),4-7 Days
50391,0,9.0,Computer,1,9.0,Debit Card,Male,2.0,4,Mobile Phone,3,Divorced,2,0,18.0,1.0,1.0,0.0,112.81,6-12 Months,Near (<10km),0-3 Days
50392,0,0.0,Mobile Phone,1,10.0,Credit Card,Male,3.0,2,Mobile Phone,5,Divorced,3,0,16.0,0.0,1.0,2.0,128.19,0-6 Months,Near (<10km),0-3 Days
50393,0,0.0,Mobile Phone,3,14.0,Debit Card,Male,2.0,2,Laptop & Accessory,4,Divorced,1,0,22.0,0.0,1.0,2.0,148.51,0-6 Months,Medium (10-20km),0-3 Days
50394,0,11.0,Mobile Phone,3,13.0,E Wallet,Female,2.0,4,Laptop & Accessory,2,Single,1,0,20.0,1.0,1.0,5.0,140.28,6-12 Months,Medium (10-20km),4-7 Days
50395,0,2.0,Computer,1,6.0,Debit Card,Male,3.0,5,Mobile Phone,2,Married,2,0,18.0,2.0,2.0,8.0,127.19999999999999,0-6 Months,Near (<10km),8-15 Days
50396,0,21.0,Mobile Phone,3,8.0,E Wallet,Male,2.0,2,Laptop & Accessory,4,Divorced,4,0,12.0,2.0,2.0,2.0,181.2,1-2 Years,Near (<10km),0-3 Days
50397,0,0.0,Computer,3,9.0,Credit Card,Female,3.0,2,Laptop & Accessory,2,Married,2,1,20.0,1.0,1.0,4.0,146.47,0-6 Months,Near (<10km),4-7 Days
50398,0,10.0,Mobile Phone,1,16.0,Debit Card,Male,3.0,2,Mobile Phone,2,Single,4,0,17.0,1.0,1.0,0.0,146.8,6-12 Months,Medium (10-20km),0-3 Days
50399,0,23.0,Mobile Phone,1,34.0,Credit Card,Male,3.0,2,Mobile Phone,3,Divorced,2,1,11.0,3.0,3.0,8.0,132.21,1-2 Years,Far (>20km),8-15 Days
50400,0,7.0,Mobile Phone,1,15.0,Credit Card,Female,2.0,4,Fashion,4,Single,2,0,14.0,4.0,7.0,7.0,186.21,6-12 Months,Medium (10-20km),4-7 Days
50401,1,0.0,Mobile Phone,3,9.0,Debit Card,Female,3.0,3,Laptop & Accessory,3,Single,10,0,14.0,1.0,2.0,0.0,145.77,0-6 Months,Near (<10km),0-3 Days
50402,0,12.0,Mobile Phone,1,8.0,Cash on Delivery,Female,3.0,4,Laptop & Accessory,3,Single,2,0,11.0,2.0,11.0,10.0,145.53,6-12 Months,Near (<10km),8-15 Days
50403,0,5.0,Mobile Phone,3,16.0,E Wallet,Male,2.0,3,Laptop & Accessory,2,Single,2,0,12.0,0.0,1.0,8.0,153.96,0-6 Months,Medium (10-20km),8-15 Days
50404,1,13.0,Computer,3,14.0,Cash on Delivery,Male,2.0,3,Laptop & Accessory,3,Divorced,4,1,14.0,1.0,1.0,3.0,167.96,1-2 Years,Medium (10-20km),0-3 Days
50405,0,11.0,Mobile Phone,1,6.0,Debit Card,Female,2.0,2,Laptop & Accessory,2,Single,1,0,13.0,1.0,1.0,8.0,176.25,6-12 Months,Near (<10km),8-15 Days
50406,0,0.0,Mobile Phone,1,6.0,Debit Card,Female,3.0,3,Fashion,5,Divorced,2,0,11.0,1.0,1.0,7.0,174.12,0-6 Months,Near (<10km),4-7 Days
50407,0,5.0,Mobile Phone,1,9.0,Debit Card,Female,2.0,3,Fashion,2,Single,4,0,15.0,3.0,7.0,3.0,211.58999999999997,0-6 Months,Near (<10km),0-3 Days
50408,0,20.0,Mobile Phone,3,20.0,E Wallet,Male,2.0,3,Laptop & Accessory,5,Single,3,0,12.0,0.0,1.0,7.0,149.6,1-2 Years,Medium (10-20km),4-7 Days
50409,0,13.0,Computer,3,11.0,Debit Card,Male,2.0,4,Fashion,5,Divorced,6,1,21.0,0.0,1.0,12.0,204.75,1-2 Years,Medium (10-20km),8-15 Days
50410,0,26.0,Mobile Phone,1,13.0,Debit Card,Male,2.0,2,Grocery,3,Divorced,4,0,19.0,0.0,2.0,3.0,248.14,2+ Years,Medium (10-20km),0-3 Days
50411,0,14.0,Mobile Phone,2,16.0,UPI,Male,3.0,4,Others,2,Married,4,0,15.0,1.0,12.0,6.0,291.41,1-2 Years,Medium (10-20km),4-7 Days
50412,0,30.0,Mobile Phone,3,22.0,E Wallet,Male,2.0,3,Laptop & Accessory,5,Single,9,0,14.0,1.0,2.0,2.0,154.05,2+ Years,Far (>20km),0-3 Days
50413,0,0.0,Computer,1,16.0,Debit Card,Male,2.0,3,Fashion,5,Married,2,0,21.0,1.0,1.0,7.0,187.93,0-6 Months,Medium (10-20km),4-7 Days
50414,0,14.0,Mobile Phone,2,6.0,UPI,Male,2.0,4,Others,3,Divorced,2,0,12.0,1.0,2.0,10.0,291.89,1-2 Years,Near (<10km),8-15 Days
50415,0,23.0,Mobile Phone,3,14.0,E Wallet,Male,2.0,3,Mobile Phone,4,Divorced,8,0,15.0,1.0,2.0,2.0,138.75,1-2 Years,Medium (10-20km),0-3 Days
50416,1,9.0,Mobile Phone,1,6.0,Debit Card,Female,3.0,5,Mobile Phone,4,Single,8,1,13.0,1.0,3.0,7.0,122.16,6-12 Months,Near (<10km),4-7 Days
50417,0,9.0,Computer,1,14.0,Debit Card,Female,3.0,2,Fashion,5,Divorced,10,0,14.0,0.0,1.0,3.0,217.13,6-12 Months,Medium (10-20km),0-3 Days
50418,0,11.0,Mobile Phone,1,6.0,Debit Card,Female,2.0,3,Fashion,3,Single,5,1,14.0,0.0,1.0,0.0,178.61,6-12 Months,Near (<10km),0-3 Days
50419,0,17.0,Computer,1,30.0,Credit Card,Male,2.0,5,Mobile Phone,3,Single,3,0,14.0,0.0,1.0,4.0,137.08,1-2 Years,Far (>20km),4-7 Days
50420,0,20.0,Computer,3,9.0,Credit Card,Female,2.0,3,Grocery,3,Married,10,1,12.0,7.0,2.0,13.0,237.7,1-2 Years,Near (<10km),8-15 Days
50421,0,3.0,Mobile Phone,3,33.0,E Wallet,Male,2.0,3,Laptop & Accessory,2,Married,8,0,23.0,4.0,7.0,7.0,153.04,0-6 Months,Far (>20km),4-7 Days
50422,0,2.0,Mobile Phone,3,14.0,Debit Card,Male,2.0,3,Mobile Phone,3,Single,2,0,11.0,0.0,1.0,0.0,126.41999999999999,0-6 Months,Medium (10-20km),0-3 Days
50423,1,5.0,Computer,1,25.0,Credit Card,Male,3.0,2,Mobile Phone,3,Married,7,1,12.0,2.0,2.0,2.0,127.59,0-6 Months,Far (>20km),0-3 Days
50424,0,16.0,Computer,3,21.0,Debit Card,Male,2.0,4,Laptop & Accessory,2,Divorced,4,0,18.0,0.0,2.0,2.0,168.04,1-2 Years,Far (>20km),0-3 Days
50425,0,7.0,Mobile Phone,1,14.0,Credit Card,Female,3.0,3,Laptop & Accessory,3,Single,4,0,11.0,1.0,4.0,3.0,161.42,6-12 Months,Medium (10-20km),0-3 Days
50426,0,0.0,Mobile Phone,1,14.0,Credit Card,Male,2.0,3,Mobile Phone,5,Divorced,2,0,14.0,0.0,1.0,2.0,125.0,0-6 Months,Medium (10-20km),0-3 Days
50427,0,12.0,Mobile Phone,2,9.0,UPI,Female,2.0,2,Laptop & Accessory,4,Divorced,10,0,15.0,3.0,3.0,6.0,163.89,6-12 Months,Near (<10km),4-7 Days
50428,0,29.0,Mobile Phone,1,15.0,Credit Card,Male,2.0,3,Grocery,2,Divorced,8,0,11.0,0.0,1.0,3.0,211.02999999999997,2+ Years,Medium (10-20km),0-3 Days
50429,0,13.0,Mobile Phone,1,14.0,Credit Card,Female,2.0,4,Mobile Phone,2,Single,1,1,20.0,2.0,2.0,3.0,123.41999999999999,1-2 Years,Medium (10-20km),0-3 Days
50430,0,0.0,Mobile Phone,1,13.0,Credit Card,Female,2.0,4,Laptop & Accessory,5,Single,9,0,19.0,1.0,1.0,7.0,168.11,0-6 Months,Medium (10-20km),4-7 Days
50431,0,9.0,Mobile Phone,3,16.0,E Wallet,Male,2.0,3,Mobile Phone,4,Married,2,0,14.0,0.0,2.0,2.0,122.97,6-12 Months,Medium (10-20km),0-3 Days
50432,0,26.0,Mobile Phone,1,14.0,Debit Card,Male,2.0,3,Laptop & Accessory,2,Single,3,0,17.0,1.0,2.0,2.0,124.5,2+ Years,Medium (10-20km),0-3 Days
50433,0,8.0,Computer,1,8.0,Debit Card,Female,3.0,3,Laptop & Accessory,5,Married,3,0,11.0,0.0,1.0,0.0,150.93,6-12 Months,Near (<10km),0-3 Days
50434,0,5.0,Computer,1,30.0,Debit Card,Male,3.0,3,Laptop & Accessory,2,Divorced,2,0,15.0,2.0,4.0,7.0,153.09,0-6 Months,Far (>20km),4-7 Days
50435,0,11.0,Mobile Phone,1,8.0,Credit Card,Male,3.0,3,Mobile Phone,3,Divorced,7,1,13.0,0.0,1.0,1.0,130.57,6-12 Months,Near (<10km),0-3 Days
50436,0,7.0,Mobile Phone,1,14.0,Debit Card,Female,2.0,3,Laptop & Accessory,5,Married,4,0,14.0,1.0,1.0,0.0,151.21,6-12 Months,Medium (10-20km),0-3 Days
50437,0,25.0,Mobile Phone,3,9.0,E Wallet,Male,2.0,4,Grocery,5,Divorced,2,0,11.0,1.0,1.0,16.0,268.56,2+ Years,Near (<10km),15+ Days
50438,1,0.0,Mobile Phone,1,6.0,UPI,Male,3.0,3,Mobile Phone,2,Single,2,1,13.0,5.0,7.0,8.0,126.86000000000001,0-6 Months,Near (<10km),8-15 Days
50439,0,0.0,Mobile Phone,3,32.0,Credit Card,Female,2.0,3,Laptop & Accessory,2,Single,2,0,23.0,0.0,1.0,4.0,161.8,0-6 Months,Far (>20km),4-7 Days
50440,0,18.0,Mobile Phone,3,8.0,Cash on Delivery,Male,2.0,5,Laptop & Accessory,3,Single,1,0,13.0,0.0,3.0,1.0,166.32,1-2 Years,Near (<10km),0-3 Days
50441,0,0.0,Mobile Phone,1,16.0,Credit Card,Male,3.0,2,Mobile Phone,3,Single,2,0,18.0,1.0,1.0,2.0,135.05,0-6 Months,Medium (10-20km),0-3 Days
50442,1,10.0,Computer,3,33.0,Debit Card,Female,3.0,1,Laptop & Accessory,3,Single,5,1,12.0,1.0,1.0,3.0,163.97,6-12 Months,Far (>20km),0-3 Days
50443,0,7.0,Mobile Phone,3,8.0,UPI,Male,2.0,3,Laptop & Accessory,2,Single,2,0,22.0,0.0,1.0,4.0,162.74,6-12 Months,Near (<10km),4-7 Days
50444,1,18.0,Mobile Phone,1,8.0,Credit Card,Male,3.0,3,Others,5,Divorced,6,1,15.0,1.0,1.0,4.0,298.59,1-2 Years,Near (<10km),4-7 Days
50445,0,9.0,Computer,3,14.0,Debit Card,Male,3.0,4,Fashion,5,Single,2,0,15.0,0.0,1.0,9.0,175.87,6-12 Months,Medium (10-20km),8-15 Days
50446,0,25.0,Computer,1,25.0,Credit Card,Male,2.0,3,Mobile Phone,2,Divorced,1,0,18.0,1.0,1.0,2.0,142.58,2+ Years,Far (>20km),0-3 Days
50447,0,0.0,Computer,1,6.0,Debit Card,Female,3.0,5,Mobile Phone,2,Married,4,0,14.0,2.0,2.0,0.0,143.64,0-6 Months,Near (<10km),0-3 Days
50448,0,2.0,Mobile Phone,1,33.0,Credit Card,Female,3.0,3,Laptop & Accessory,3,Divorced,5,0,12.0,1.0,1.0,1.0,143.35,0-6 Months,Far (>20km),0-3 Days
50449,1,0.0,Mobile Phone,3,14.0,Cash on Delivery,Male,2.0,4,Laptop & Accessory,5,Single,7,0,17.0,1.0,1.0,2.0,153.26,0-6 Months,Medium (10-20km),0-3 Days
50450,0,7.0,Mobile Phone,1,6.0,Debit Card,Female,3.0,1,Mobile Phone,2,Single,3,0,16.0,0.0,1.0,3.0,132.8,6-12 Months,Near (<10km),0-3 Days
50451,0,27.0,Mobile Phone,1,25.0,Credit Card,Female,3.0,3,Laptop & Accessory,5,Married,10,1,11.0,0.0,1.0,4.0,154.85,2+ Years,Far (>20km),4-7 Days
50452,0,2.0,Computer,3,5.0,E Wallet,Male,2.0,3,Laptop & Accessory,2,Divorced,1,0,19.0,0.0,1.0,1.0,143.42,0-6 Months,Near (<10km),0-3 Days
50453,0,10.0,Mobile Phone,1,16.0,Debit Card,Female,3.0,3,Mobile Phone,5,Married,1,1,13.0,3.0,4.0,3.0,127.82,6-12 Months,Medium (10-20km),0-3 Days
50454,0,11.0,Computer,1,8.0,Debit Card,Female,3.0,1,Laptop & Accessory,5,Single,7,1,12.0,4.0,4.0,12.0,159.8,6-12 Months,Near (<10km),8-15 Days
50455,0,7.0,Mobile Phone,1,8.0,Credit Card,Female,2.0,4,Mobile Phone,5,Single,2,0,11.0,1.0,1.0,3.0,143.81,6-12 Months,Near (<10km),0-3 Days
50456,0,8.0,Mobile Phone,3,14.0,Debit Card,Female,3.0,3,Mobile Phone,2,Divorced,2,0,16.0,0.0,1.0,2.0,125.72,6-12 Months,Medium (10-20km),0-3 Days
50457,0,3.0,Mobile Phone,1,6.0,Debit Card,Male,2.0,5,Mobile Phone,3,Divorced,4,0,21.0,1.0,1.0,2.0,138.33,0-6 Months,Near (<10km),0-3 Days
50458,0,13.0,Computer,1,8.0,Credit Card,Female,2.0,1,Laptop & Accessory,4,Divorced,2,0,24.0,0.0,3.0,7.0,142.44,1-2 Years,Near (<10km),4-7 Days
50459,0,7.0,Mobile Phone,3,14.0,Debit Card,Female,3.0,3,Laptop & Accessory,5,Divorced,6,0,17.0,1.0,1.0,2.0,165.0,6-12 Months,Medium (10-20km),0-3 Days
50460,0,15.0,Computer,1,14.0,Debit Card,Male,3.0,3,Others,2,Married,2,0,13.0,1.0,14.0,9.0,284.3,1-2 Years,Medium (10-20km),8-15 Days
50461,1,9.0,Mobile Phone,1,12.0,Debit Card,Male,3.0,1,Mobile Phone,5,Divorced,2,1,21.0,1.0,1.0,0.0,116.00999999999999,6-12 Months,Medium (10-20km),0-3 Days
50462,0,0.0,Computer,1,15.0,Debit Card,Male,3.0,4,Mobile Phone,4,Married,2,0,11.0,1.0,1.0,0.0,126.94,0-6 Months,Medium (10-20km),0-3 Days
50463,0,25.0,Mobile Phone,1,17.0,Debit Card,Female,3.0,3,Laptop & Accessory,3,Divorced,9,0,20.0,1.0,1.0,4.0,131.49,2+ Years,Medium (10-20km),4-7 Days
50464,0,23.0,Mobile Phone,1,8.0,Credit Card,Male,3.0,3,Grocery,3,Divorced,6,0,16.0,1.0,1.0,3.0,276.39,1-2 Years,Near (<10km),0-3 Days
50465,1,0.0,Mobile Phone,1,14.0,Debit Card,Female,2.0,4,Mobile Phone,5,Divorced,2,1,11.0,0.0,1.0,0.0,123.19,0-6 Months,Medium (10-20km),0-3 Days
50466,0,6.0,Mobile Phone,1,13.0,Credit Card,Male,2.0,3,Fashion,3,Divorced,1,0,11.0,0.0,3.0,3.0,216.91000000000003,0-6 Months,Medium (10-20km),0-3 Days
50467,1,0.0,Mobile Phone,3,22.0,E Wallet,Female,3.0,3,Laptop & Accessory,5,Single,6,0,15.0,1.0,1.0,2.0,153.24,0-6 Months,Far (>20km),0-3 Days
50468,0,20.0,Mobile Phone,1,8.0,UPI,Female,2.0,3,Grocery,2,Divorced,2,1,11.0,1.0,3.0,0.0,267.52,1-2 Years,Near (<10km),0-3 Days
50469,0,9.0,Mobile Phone,1,6.0,UPI,Female,2.0,3,Laptop & Accessory,4,Divorced,1,0,15.0,0.0,1.0,5.0,152.28,6-12 Months,Near (<10km),4-7 Days
50470,0,2.0,Mobile Phone,1,29.0,Debit Card,Male,3.0,1,Mobile Phone,3,Divorced,2,0,24.0,1.0,1.0,7.0,127.0,0-6 Months,Far (>20km),4-7 Days
50471,1,20.0,Mobile Phone,1,8.0,Debit Card,Male,2.0,3,Others,4,Single,8,1,15.0,5.0,13.0,8.0,292.46,1-2 Years,Near (<10km),8-15 Days
50472,0,8.0,Mobile Phone,1,14.0,Debit Card,Female,2.0,1,Mobile Phone,3,Single,4,0,13.0,0.0,2.0,2.0,125.06,6-12 Months,Medium (10-20km),0-3 Days
50473,0,15.0,Mobile Phone,1,6.0,Debit Card,Female,2.0,4,Laptop & Accessory,2,Divorced,10,1,13.0,0.0,1.0,2.0,160.62,1-2 Years,Near (<10km),0-3 Days
50474,1,0.0,Mobile Phone,1,8.0,Credit Card,Male,2.0,3,Mobile Phone,3,Single,7,0,17.0,0.0,2.0,1.0,143.82,0-6 Months,Near (<10km),0-3 Days
50475,0,9.0,Mobile Phone,2,19.0,UPI,Male,2.0,3,Mobile Phone,4,Divorced,4,0,13.0,1.0,1.0,4.0,121.43,6-12 Months,Medium (10-20km),4-7 Days
50476,0,5.0,Mobile Phone,1,10.0,Debit Card,Female,3.0,4,Laptop & Accessory,3,Divorced,2,0,12.0,1.0,6.0,8.0,161.62,0-6 Months,Near (<10km),8-15 Days
50477,0,13.0,Computer,1,22.0,Credit Card,Male,2.0,4,Laptop & Accessory,3,Single,7,0,14.0,1.0,1.0,0.0,150.94,1-2 Years,Far (>20km),0-3 Days
50478,0,3.0,Mobile Phone,1,8.0,Credit Card,Female,2.0,4,Laptop & Accessory,2,Single,6,1,24.0,1.0,1.0,0.0,168.77,0-6 Months,Near (<10km),0-3 Days
50479,0,9.0,Mobile Phone,1,8.0,Debit Card,Female,3.0,4,Mobile Phone,3,Single,2,0,14.0,1.0,1.0,0.0,122.74000000000001,6-12 Months,Near (<10km),0-3 Days
50480,0,15.0,Mobile Phone,1,35.0,Debit Card,Male,3.0,3,Laptop & Accessory,4,Divorced,2,0,13.0,2.0,7.0,8.0,144.34,1-2 Years,Far (>20km),8-15 Days
50481,0,11.0,Computer,1,18.0,Debit Card,Male,2.0,4,Laptop & Accessory,5,Married,3,0,15.0,1.0,1.0,2.0,162.88,6-12 Months,Medium (10-20km),0-3 Days
50482,0,7.0,Computer,1,14.0,Debit Card,Female,3.0,4,Mobile Phone,2,Single,2,0,16.0,1.0,1.0,3.0,125.53,6-12 Months,Medium (10-20km),0-3 Days
50483,1,12.0,Mobile Phone,3,17.0,E Wallet,Female,2.0,3,Fashion,2,Divorced,2,0,18.0,0.0,7.0,7.0,176.54,6-12 Months,Medium (10-20km),4-7 Days
50484,1,18.0,Mobile Phone,3,8.0,Credit Card,Male,2.0,3,Laptop & Accessory,2,Single,5,0,16.0,0.0,7.0,3.0,151.6,1-2 Years,Near (<10km),0-3 Days
50485,0,16.0,Mobile Phone,1,20.0,Debit Card,Male,3.0,3,Grocery,5,Divorced,7,0,24.0,1.0,1.0,0.0,271.59,1-2 Years,Medium (10-20km),0-3 Days
50486,0,0.0,Mobile Phone,1,11.0,Cash on Delivery,Male,2.0,4,Fashion,2,Married,2,1,16.0,0.0,1.0,3.0,228.07999999999998,0-6 Months,Medium (10-20km),0-3 Days
50487,0,8.0,Mobile Phone,1,13.0,UPI,Male,2.0,3,Fashion,3,Single,4,0,21.0,0.0,1.0,6.0,202.21,6-12 Months,Medium (10-20km),4-7 Days
50488,0,1.0,Mobile Phone,3,8.0,E Wallet,Female,2.0,3,Laptop & Accessory,4,Divorced,2,1,20.0,7.0,7.0,5.0,147.79,0-6 Months,Near (<10km),4-7 Days
50489,0,7.0,Mobile Phone,2,9.0,UPI,Male,2.0,3,Mobile Phone,2,Divorced,1,0,19.0,1.0,1.0,2.0,137.37,6-12 Months,Near (<10km),0-3 Days
50490,1,0.0,Computer,1,14.0,Credit Card,Female,2.0,4,Mobile Phone,3,Divorced,2,1,14.0,0.0,1.0,7.0,123.66,0-6 Months,Medium (10-20km),4-7 Days
50491,0,9.0,Computer,1,9.0,Credit Card,Male,2.0,3,Mobile Phone,2,Divorced,2,0,11.0,1.0,1.0,0.0,117.06,6-12 Months,Near (<10km),0-3 Days
50492,0,24.0,Mobile Phone,3,32.0,E Wallet,Female,3.0,3,Grocery,3,Divorced,3,0,14.0,1.0,4.0,17.0,263.07,1-2 Years,Far (>20km),15+ Days
50493,0,17.0,Mobile Phone,1,10.0,Credit Card,Male,2.0,3,Laptop & Accessory,4,Single,10,0,12.0,1.0,2.0,3.0,159.33,1-2 Years,Near (<10km),0-3 Days
50494,0,0.0,Mobile Phone,1,8.0,Credit Card,Male,3.0,1,Mobile Phone,5,Single,8,0,13.0,1.0,1.0,1.0,134.24,0-6 Months,Near (<10km),0-3 Days
50495,0,6.0,Mobile Phone,3,6.0,Credit Card,Male,2.0,1,Laptop & Accessory,5,Married,2,0,22.0,0.0,1.0,8.0,140.37,0-6 Months,Near (<10km),8-15 Days
50496,0,8.0,Mobile Phone,1,14.0,Credit Card,Female,2.0,4,Mobile Phone,5,Single,2,0,11.0,1.0,1.0,1.0,125.59,6-12 Months,Medium (10-20km),0-3 Days
50497,0,9.0,Mobile Phone,3,6.0,Debit Card,Male,2.0,3,Laptop & Accessory,2,Divorced,2,1,14.0,2.0,4.0,11.0,162.01,6-12 Months,Near (<10km),8-15 Days
50498,0,5.0,Mobile Phone,3,19.0,Debit Card,Male,3.0,3,Laptop & Accessory,2,Married,3,0,11.0,0.0,1.0,3.0,144.03,0-6 Months,Medium (10-20km),0-3 Days
50499,0,3.0,Computer,1,11.0,Debit Card,Male,3.0,4,Mobile Phone,2,Married,10,0,12.0,0.0,1.0,3.0,137.61,0-6 Months,Medium (10-20km),0-3 Days
50500,0,26.0,Mobile Phone,3,13.0,E Wallet,Female,3.0,4,Fashion,2,Divorced,8,1,18.0,0.0,1.0,3.0,209.33999999999997,2+ Years,Medium (10-20km),0-3 Days
50501,0,18.0,Mobile Phone,3,15.0,E Wallet,Male,3.0,3,Fashion,5,Married,5,1,12.0,1.0,1.0,2.0,207.61,1-2 Years,Medium (10-20km),0-3 Days
50502,0,5.0,Mobile Phone,1,14.0,Credit Card,Female,3.0,1,Laptop & Accessory,3,Divorced,6,0,12.0,1.0,1.0,3.0,151.75,0-6 Months,Medium (10-20km),0-3 Days
50503,0,25.0,Computer,1,31.0,Credit Card,Female,2.0,4,Grocery,2,Divorced,4,0,22.0,0.0,2.0,0.0,238.26,2+ Years,Far (>20km),0-3 Days
50504,0,10.0,Mobile Phone,3,22.0,E Wallet,Male,3.0,4,Laptop & Accessory,3,Married,5,0,19.0,1.0,1.0,0.0,163.34,6-12 Months,Far (>20km),0-3 Days
50505,0,1.0,Mobile Phone,2,14.0,Credit Card,Male,3.0,4,Mobile Phone,2,Married,2,0,13.0,0.0,1.0,4.0,149.36,0-6 Months,Medium (10-20km),4-7 Days
50506,0,0.0,Mobile Phone,1,6.0,Debit Card,Male,2.0,4,Laptop & Accessory,2,Divorced,7,0,22.0,2.0,2.0,2.0,147.75,0-6 Months,Near (<10km),0-3 Days
50507,0,17.0,Mobile Phone,1,14.0,Debit Card,Male,3.0,1,Mobile Phone,2,Divorced,3,1,24.0,1.0,1.0,2.0,128.18,1-2 Years,Medium (10-20km),0-3 Days
50508,0,15.0,Computer,1,14.0,Credit Card,Male,2.0,3,Mobile Phone,2,Single,6,1,14.0,0.0,2.0,2.0,125.15,1-2 Years,Medium (10-20km),0-3 Days
50509,0,9.0,Mobile Phone,2,14.0,Debit Card,Male,3.0,4,Mobile Phone,5,Divorced,1,0,21.0,1.0,1.0,3.0,123.41999999999999,6-12 Months,Medium (10-20km),0-3 Days
50510,0,0.0,Mobile Phone,3,9.0,UPI,Male,3.0,3,Laptop & Accessory,5,Divorced,2,1,18.0,1.0,1.0,3.0,141.94,0-6 Months,Near (<10km),0-3 Days
50511,0,8.0,Mobile Phone,1,15.0,Debit Card,Female,3.0,4,Fashion,3,Divorced,2,1,20.0,2.0,5.0,15.0,206.85000000000002,6-12 Months,Medium (10-20km),8-15 Days
50512,1,9.0,Computer,1,31.0,Debit Card,Female,3.0,3,Mobile Phone,4,Married,2,1,19.0,0.0,7.0,8.0,120.22,6-12 Months,Far (>20km),8-15 Days
50513,0,5.0,Computer,1,6.0,Debit Card,Male,3.0,3,Mobile Phone,2,Married,1,0,12.0,0.0,1.0,2.0,123.13999999999999,0-6 Months,Near (<10km),0-3 Days
50514,0,0.0,Mobile Phone,3,10.0,E Wallet,Male,2.0,4,Laptop & Accessory,5,Divorced,2,0,12.0,1.0,1.0,3.0,142.56,0-6 Months,Near (<10km),0-3 Days
50515,0,22.0,Mobile Phone,1,6.0,Cash on Delivery,Female,2.0,3,Mobile Phone,5,Divorced,3,0,16.0,1.0,1.0,2.0,135.8,1-2 Years,Near (<10km),0-3 Days
50516,0,0.0,Computer,1,10.0,Debit Card,Male,3.0,4,Mobile Phone,2,Divorced,1,0,17.0,0.0,3.0,4.0,131.62,0-6 Months,Near (<10km),4-7 Days
50517,0,5.0,Computer,3,11.0,Debit Card,Male,2.0,3,Laptop & Accessory,4,Divorced,2,0,14.0,2.0,5.0,3.0,165.24,0-6 Months,Medium (10-20km),0-3 Days
50518,0,11.0,Mobile Phone,3,15.0,E Wallet,Male,3.0,4,Mobile Phone,4,Divorced,1,0,19.0,0.0,1.0,2.0,128.99,6-12 Months,Medium (10-20km),0-3 Days
50519,0,15.0,Mobile Phone,1,9.0,Debit Card,Female,3.0,1,Laptop & Accessory,2,Divorced,3,1,13.0,0.0,1.0,3.0,152.31,1-2 Years,Near (<10km),0-3 Days
50520,0,4.0,Mobile Phone,1,14.0,Debit Card,Male,2.0,3,Mobile Phone,2,Divorced,4,1,19.0,1.0,1.0,2.0,123.56,0-6 Months,Medium (10-20km),0-3 Days
50521,1,0.0,Mobile Phone,3,6.0,Credit Card,Female,3.0,4,Mobile Phone,3,Married,7,1,19.0,0.0,1.0,2.0,128.0,0-6 Months,Near (<10km),0-3 Days
50522,0,26.0,Mobile Phone,3,14.0,E Wallet,Male,3.0,3,Grocery,2,Divorced,6,0,14.0,0.0,2.0,3.0,218.36,2+ Years,Medium (10-20km),0-3 Days
50523,0,8.0,Mobile Phone,1,31.0,Cash on Delivery,Male,3.0,4,Fashion,4,Divorced,4,0,16.0,3.0,4.0,8.0,209.02999999999997,6-12 Months,Far (>20km),8-15 Days
50524,0,10.0,Computer,3,27.0,Credit Card,Female,3.0,3,Mobile Phone,2,Divorced,6,0,15.0,1.0,1.0,0.0,129.73,6-12 Months,Far (>20km),0-3 Days
50525,0,26.0,Mobile Phone,1,29.0,Debit Card,Female,3.0,3,Grocery,2,Single,7,0,18.0,2.0,2.0,8.0,242.75,2+ Years,Far (>20km),8-15 Days
50526,0,16.0,Computer,1,6.0,Debit Card,Female,2.0,3,Laptop & Accessory,2,Divorced,5,0,13.0,1.0,2.0,2.0,155.62,1-2 Years,Near (<10km),0-3 Days
50527,0,20.0,Mobile Phone,3,8.0,E Wallet,Female,2.0,3,Laptop & Accessory,2,Divorced,1,1,22.0,5.0,7.0,7.0,145.37,1-2 Years,Near (<10km),4-7 Days
50528,0,10.0,Computer,3,25.0,Credit Card,Male,2.0,3,Fashion,4,Single,2,1,13.0,0.0,1.0,9.0,176.42,6-12 Months,Far (>20km),8-15 Days
50529,0,23.0,Computer,1,8.0,Debit Card,Male,3.0,3,Grocery,5,Married,2,0,11.0,1.0,14.0,7.0,279.24,1-2 Years,Near (<10km),4-7 Days
50530,0,12.0,Mobile Phone,2,8.0,Debit Card,Female,2.0,4,Laptop & Accessory,2,Divorced,9,0,11.0,0.0,1.0,4.0,152.04,6-12 Months,Near (<10km),4-7 Days
50531,0,9.0,Mobile Phone,2,9.0,UPI,Male,2.0,3,Mobile Phone,4,Married,4,1,11.0,0.0,1.0,3.0,122.77000000000001,6-12 Months,Near (<10km),0-3 Days
50532,1,0.0,Mobile Phone,1,31.0,Debit Card,Male,3.0,3,Mobile Phone,2,Single,2,1,24.0,1.0,1.0,1.0,127.94999999999999,0-6 Months,Far (>20km),0-3 Days
50533,0,2.0,Mobile Phone,1,14.0,Credit Card,Female,3.0,4,Mobile Phone,2,Married,7,0,14.0,1.0,1.0,3.0,125.32,0-6 Months,Medium (10-20km),0-3 Days
50534,0,17.0,Mobile Phone,1,14.0,Debit Card,Male,3.0,3,Mobile Phone,5,Divorced,2,1,13.0,2.0,7.0,1.0,125.59,1-2 Years,Medium (10-20km),0-3 Days
50535,0,1.0,Mobile Phone,3,11.0,Credit Card,Male,3.0,3,Laptop & Accessory,2,Single,2,0,14.0,1.0,1.0,2.0,149.08,0-6 Months,Medium (10-20km),0-3 Days
50536,1,20.0,Computer,1,14.0,Debit Card,Male,2.0,4,Mobile Phone,2,Married,10,1,14.0,0.0,1.0,0.0,123.80000000000001,1-2 Years,Medium (10-20km),0-3 Days
50537,0,16.0,Mobile Phone,1,14.0,Debit Card,Female,2.0,3,Laptop & Accessory,4,Married,5,0,21.0,1.0,1.0,0.0,147.65,1-2 Years,Medium (10-20km),0-3 Days
50538,1,9.0,Mobile Phone,3,8.0,Credit Card,Female,2.0,4,Mobile Phone,3,Single,2,0,13.0,0.0,1.0,2.0,120.44,6-12 Months,Near (<10km),0-3 Days
50539,1,0.0,Mobile Phone,1,24.0,UPI,Female,3.0,3,Mobile Phone,2,Single,2,0,19.0,1.0,1.0,0.0,126.93,0-6 Months,Far (>20km),0-3 Days
50540,0,9.0,Mobile Phone,1,20.0,Debit Card,Male,3.0,3,Laptop & Accessory,2,Divorced,1,1,17.0,4.0,4.0,11.0,165.86,6-12 Months,Medium (10-20km),8-15 Days
50541,0,20.0,Mobile Phone,3,8.0,Debit Card,Female,3.0,4,Mobile Phone,2,Single,2,1,18.0,1.0,1.0,2.0,132.94,1-2 Years,Near (<10km),0-3 Days
50542,1,0.0,Mobile Phone,1,9.0,Debit Card,Female,2.0,3,Laptop & Accessory,3,Divorced,1,1,19.0,1.0,1.0,2.0,141.71,0-6 Months,Near (<10km),0-3 Days
50543,1,4.0,Mobile Phone,1,8.0,Debit Card,Female,3.0,5,Mobile Phone,2,Married,5,1,13.0,0.0,1.0,0.0,127.78,0-6 Months,Near (<10km),0-3 Days
50544,0,1.0,Mobile Phone,1,14.0,Credit Card,Female,3.0,3,Mobile Phone,3,Married,6,0,18.0,2.0,2.0,2.0,123.77000000000001,0-6 Months,Medium (10-20km),0-3 Days
50545,1,2.0,Mobile Phone,1,14.0,Credit Card,Male,3.0,3,Mobile Phone,5,Divorced,8,1,21.0,1.0,2.0,2.0,124.03999999999999,0-6 Months,Medium (10-20km),0-3 Days
50546,0,0.0,Mobile Phone,1,14.0,Debit Card,Female,3.0,3,Mobile Phone,3,Single,2,0,19.0,1.0,1.0,0.0,123.18,0-6 Months,Medium (10-20km),0-3 Days
50547,0,9.0,Mobile Phone,1,16.0,Debit Card,Male,2.0,3,Mobile Phone,4,Married,2,0,14.0,1.0,1.0,0.0,120.08000000000001,6-12 Months,Medium (10-20km),0-3 Days
50548,0,15.0,Mobile Phone,3,20.0,Credit Card,Female,3.0,4,Laptop & Accessory,3,Single,8,0,17.0,0.0,1.0,3.0,162.44,1-2 Years,Medium (10-20km),0-3 Days
50549,0,6.0,Mobile Phone,1,6.0,UPI,Male,3.0,4,Mobile Phone,5,Single,4,1,11.0,0.0,1.0,2.0,127.99000000000001,0-6 Months,Near (<10km),0-3 Days
50550,0,30.0,Mobile Phone,1,11.0,Cash on Delivery,Female,2.0,4,Fashion,4,Married,3,1,13.0,1.0,1.0,4.0,205.52,2+ Years,Medium (10-20km),4-7 Days
50551,0,4.0,Mobile Phone,3,14.0,Debit Card,Male,2.0,4,Mobile Phone,3,Divorced,4,0,15.0,3.0,5.0,2.0,123.28999999999999,0-6 Months,Medium (10-20km),0-3 Days
50552,0,8.0,Mobile Phone,1,27.0,Debit Card,Female,2.0,3,Laptop & Accessory,2,Divorced,2,1,25.0,0.0,1.0,7.0,140.14,6-12 Months,Far (>20km),4-7 Days
50553,0,22.0,Mobile Phone,1,14.0,UPI,Female,2.0,3,Fashion,4,Divorced,5,0,11.0,0.0,1.0,7.0,174.03,1-2 Years,Medium (10-20km),4-7 Days
50554,0,9.0,Mobile Phone,1,26.0,Credit Card,Male,2.0,3,Mobile Phone,3,Divorced,5,0,17.0,0.0,1.0,0.0,122.59,6-12 Months,Far (>20km),0-3 Days
50555,0,4.0,Computer,3,26.0,E Wallet,Female,2.0,3,Laptop & Accessory,3,Divorced,2,0,13.0,1.0,1.0,0.0,169.32,0-6 Months,Far (>20km),0-3 Days
50556,0,9.0,Mobile Phone,1,13.0,UPI,Male,3.0,3,Mobile Phone,2,Single,3,0,18.0,0.0,1.0,1.0,146.78,6-12 Months,Medium (10-20km),0-3 Days
50557,0,11.0,Mobile Phone,1,6.0,Cash on Delivery,Female,3.0,3,Fashion,5,Divorced,2,0,13.0,3.0,2.0,11.0,235.82,6-12 Months,Near (<10km),8-15 Days
50558,0,5.0,Computer,1,14.0,Debit Card,Female,3.0,4,Mobile Phone,4,Divorced,7,0,20.0,1.0,1.0,2.0,123.32,0-6 Months,Medium (10-20km),0-3 Days
50559,1,0.0,Mobile Phone,3,14.0,E Wallet,Male,2.0,4,Mobile Phone,4,Divorced,2,1,18.0,0.0,1.0,0.0,124.13,0-6 Months,Medium (10-20km),0-3 Days
50560,0,13.0,Mobile Phone,3,16.0,E Wallet,Male,3.0,4,Fashion,4,Married,3,0,12.0,1.0,1.0,0.0,197.05,1-2 Years,Medium (10-20km),0-3 Days
50561,0,0.0,Computer,3,6.0,Credit Card,Male,2.0,4,Laptop & Accessory,5,Single,2,0,12.0,1.0,1.0,7.0,142.94,0-6 Months,Near (<10km),4-7 Days
50562,0,14.0,Mobile Phone,1,12.0,Credit Card,Male,2.0,3,Mobile Phone,5,Single,3,1,13.0,1.0,2.0,17.0,147.21,1-2 Years,Medium (10-20km),15+ Days
50563,0,9.0,Mobile Phone,1,14.0,Credit Card,Male,3.0,3,Mobile Phone,3,Single,5,0,21.0,2.0,3.0,9.0,125.19,6-12 Months,Medium (10-20km),8-15 Days
50564,1,9.0,Mobile Phone,3,27.0,UPI,Male,2.0,4,Mobile Phone,4,Single,2,1,13.0,0.0,1.0,0.0,121.21000000000001,6-12 Months,Far (>20km),0-3 Days
50565,1,0.0,Mobile Phone,1,10.0,Cash on Delivery,Male,3.0,3,Mobile Phone,5,Single,2,0,19.0,1.0,1.0,0.0,129.73,0-6 Months,Near (<10km),0-3 Days
50566,0,4.0,Mobile Phone,1,18.0,Credit Card,Female,2.0,3,Laptop & Accessory,2,Divorced,1,1,11.0,0.0,8.0,5.0,158.55,0-6 Months,Medium (10-20km),4-7 Days
50567,0,13.0,Computer,1,15.0,Credit Card,Male,2.0,3,Mobile Phone,4,Married,9,1,14.0,0.0,1.0,0.0,136.17,1-2 Years,Medium (10-20km),0-3 Days
50568,0,5.0,Mobile Phone,1,9.0,Credit Card,Female,3.0,3,Laptop & Accessory,5,Divorced,2,0,12.0,6.0,6.0,3.0,167.25,0-6 Months,Near (<10km),0-3 Days
50569,1,0.0,Mobile Phone,3,9.0,Debit Card,Male,2.0,4,Fashion,2,Divorced,2,1,11.0,3.0,3.0,7.0,203.25,0-6 Months,Near (<10km),4-7 Days
50570,0,6.0,Mobile Phone,1,6.0,Debit Card,Female,2.0,4,Laptop & Accessory,2,Single,1,0,14.0,0.0,1.0,4.0,169.49,0-6 Months,Near (<10km),4-7 Days
50571,1,0.0,Mobile Phone,3,6.0,Debit Card,Male,2.0,4,Fashion,3,Divorced,6,0,11.0,1.0,11.0,7.0,206.08999999999997,0-6 Months,Near (<10km),4-7 Days
50572,0,18.0,Computer,1,10.0,Debit Card,Male,2.0,3,Laptop & Accessory,4,Divorced,2,0,12.0,1.0,1.0,8.0,144.47,1-2 Years,Near (<10km),8-15 Days
50573,0,9.0,Computer,3,26.0,Cash on Delivery,Female,2.0,3,Mobile Phone,2,Divorced,2,0,15.0,0.0,1.0,2.0,121.57,6-12 Months,Far (>20km),0-3 Days
50574,0,8.0,Mobile Phone,3,24.0,Credit Card,Female,2.0,3,Laptop & Accessory,3,Divorced,2,0,16.0,1.0,1.0,0.0,146.01,6-12 Months,Far (>20km),0-3 Days
50575,0,25.0,Mobile Phone,1,6.0,Debit Card,Male,3.0,3,Grocery,2,Divorced,3,0,15.0,1.0,7.0,8.0,270.99,2+ Years,Near (<10km),8-15 Days
50576,1,20.0,Mobile Phone,1,14.0,Cash on Delivery,Male,2.0,3,Mobile Phone,3,Single,5,0,24.0,1.0,1.0,0.0,124.78999999999999,1-2 Years,Medium (10-20km),0-3 Days
50577,0,26.0,Mobile Phone,3,8.0,Credit Card,Male,2.0,3,Grocery,3,Married,7,0,13.0,2.0,2.0,2.0,248.51999999999998,2+ Years,Near (<10km),0-3 Days
50578,0,3.0,Mobile Phone,3,14.0,UPI,Male,3.0,3,Fashion,3,Married,6,0,11.0,4.0,7.0,7.0,172.64,0-6 Months,Medium (10-20km),4-7 Days
50579,0,11.0,Computer,3,16.0,Cash on Delivery,Female,2.0,3,Laptop & Accessory,2,Single,2,1,13.0,0.0,1.0,3.0,156.66,6-12 Months,Medium (10-20km),0-3 Days
50580,0,8.0,Mobile Phone,3,9.0,Debit Card,Male,3.0,3,Fashion,2,Married,7,0,13.0,0.0,1.0,8.0,178.23,6-12 Months,Near (<10km),8-15 Days
50581,0,12.0,Mobile Phone,3,8.0,Debit Card,Male,2.0,1,Fashion,3,Single,1,0,18.0,1.0,1.0,7.0,178.8,6-12 Months,Near (<10km),4-7 Days
50582,1,3.0,Computer,3,30.0,Debit Card,Female,3.0,1,Grocery,4,Single,5,1,16.0,1.0,2.0,0.0,231.94,0-6 Months,Far (>20km),0-3 Days
50583,0,20.0,Computer,1,22.0,Credit Card,Male,3.0,1,Laptop & Accessory,3,Married,2,1,19.0,0.0,2.0,7.0,150.67,1-2 Years,Far (>20km),4-7 Days
50584,0,9.0,Computer,3,14.0,Cash on Delivery,Male,2.0,3,Laptop & Accessory,2,Married,5,0,13.0,1.0,1.0,7.0,150.79,6-12 Months,Medium (10-20km),4-7 Days
50585,1,0.0,Computer,1,14.0,Credit Card,Male,2.0,4,Mobile Phone,5,Single,1,1,22.0,1.0,1.0,2.0,123.21000000000001,0-6 Months,Medium (10-20km),0-3 Days
50586,0,6.0,Computer,3,23.0,Debit Card,Male,2.0,3,Grocery,3,Single,2,0,11.0,1.0,6.0,0.0,274.44,0-6 Months,Far (>20km),0-3 Days
50587,1,0.0,Mobile Phone,1,14.0,Debit Card,Female,3.0,4,Mobile Phone,5,Single,7,1,20.0,1.0,1.0,0.0,124.03999999999999,0-6 Months,Medium (10-20km),0-3 Days
50588,0,6.0,Mobile Phone,1,19.0,Debit Card,Female,2.0,3,Mobile Phone,2,Single,4,0,18.0,1.0,1.0,2.0,134.52,0-6 Months,Medium (10-20km),0-3 Days
50589,0,9.0,Mobile Phone,1,6.0,Credit Card,Female,3.0,3,Mobile Phone,2,Married,4,0,14.0,0.0,1.0,2.0,122.69999999999999,6-12 Months,Near (<10km),0-3 Days
50590,0,23.0,Mobile Phone,1,6.0,Credit Card,Male,3.0,3,Grocery,2,Married,10,0,22.0,1.0,1.0,3.0,273.99,1-2 Years,Near (<10km),0-3 Days
50591,0,6.0,Computer,1,6.0,UPI,Female,2.0,1,Laptop & Accessory,4,Divorced,2,1,13.0,0.0,1.0,2.0,154.88,0-6 Months,Near (<10km),0-3 Days
50592,0,14.0,Computer,1,15.0,Credit Card,Male,3.0,3,Others,3,Married,3,0,15.0,1.0,1.0,11.0,294.19,1-2 Years,Medium (10-20km),8-15 Days
50593,0,0.0,Mobile Phone,1,22.0,Cash on Delivery,Female,3.0,3,Mobile Phone,4,Divorced,10,0,14.0,2.0,2.0,2.0,128.11,0-6 Months,Far (>20km),0-3 Days
50594,0,18.0,Computer,1,29.0,Debit Card,Male,2.0,3,Laptop & Accessory,5,Divorced,2,1,15.0,1.0,1.0,8.0,136.33,1-2 Years,Far (>20km),8-15 Days
50595,0,20.0,Mobile Phone,3,10.0,Debit Card,Female,2.0,3,Laptop & Accessory,2,Single,2,1,17.0,1.0,1.0,7.0,141.63,1-2 Years,Near (<10km),4-7 Days
50596,1,9.0,Mobile Phone,1,28.0,Debit Card,Female,2.0,3,Mobile Phone,3,Divorced,5,1,11.0,0.0,1.0,1.0,121.32,6-12 Months,Far (>20km),0-3 Days
50597,0,23.0,Mobile Phone,1,30.0,Debit Card,Male,3.0,3,Grocery,3,Divorced,4,1,18.0,0.0,2.0,5.0,239.73000000000002,1-2 Years,Far (>20km),4-7 Days
50598,0,11.0,Computer,1,16.0,Credit Card,Male,3.0,3,Mobile Phone,3,Divorced,1,0,17.0,0.0,1.0,2.0,126.84,6-12 Months,Medium (10-20km),0-3 Days
50599,0,19.0,Mobile Phone,1,13.0,Credit Card,Male,3.0,3,Fashion,3,Married,7,0,13.0,0.0,1.0,7.0,208.45,1-2 Years,Medium (10-20km),4-7 Days
50600,0,0.0,Mobile Phone,1,23.0,Credit Card,Female,2.0,4,Laptop & Accessory,3,Married,2,0,15.0,2.0,3.0,2.0,143.77,0-6 Months,Far (>20km),0-3 Days
50601,1,0.0,Mobile Phone,1,20.0,UPI,Male,2.0,4,Mobile Phone,4,Married,2,1,24.0,1.0,1.0,2.0,137.43,0-6 Months,Medium (10-20km),0-3 Days
50602,0,4.0,Computer,1,6.0,Debit Card,Female,3.0,3,Laptop & Accessory,5,Divorced,2,0,12.0,1.0,1.0,3.0,141.48,0-6 Months,Near (<10km),0-3 Days
50603,0,0.0,Computer,1,11.0,Debit Card,Male,3.0,3,Mobile Phone,2,Single,2,0,15.0,1.0,1.0,0.0,110.50999999999999,0-6 Months,Medium (10-20km),0-3 Days
50604,0,27.0,Mobile Phone,1,23.0,Cash on Delivery,Female,2.0,3,Fashion,3,Divorced,9,0,11.0,1.0,1.0,8.0,207.39,2+ Years,Far (>20km),8-15 Days
50605,0,8.0,Mobile Phone,1,31.0,Credit Card,Female,2.0,3,Fashion,3,Married,2,1,11.0,2.0,10.0,1.0,203.88,6-12 Months,Far (>20km),0-3 Days
50606,0,3.0,Mobile Phone,1,14.0,Debit Card,Female,3.0,1,Fashion,5,Divorced,1,1,12.0,0.0,1.0,3.0,214.16000000000003,0-6 Months,Medium (10-20km),0-3 Days
50607,1,0.0,Mobile Phone,1,14.0,Credit Card,Female,3.0,4,Mobile Phone,5,Single,2,1,15.0,0.0,1.0,0.0,126.0,0-6 Months,Medium (10-20km),0-3 Days
50608,1,0.0,Computer,1,14.0,Credit Card,Female,2.0,3,Mobile Phone,4,Single,1,0,17.0,0.0,1.0,2.0,124.22,0-6 Months,Medium (10-20km),0-3 Days
50609,0,0.0,Mobile Phone,1,8.0,Credit Card,Male,2.0,1,Laptop & Accessory,2,Divorced,2,0,12.0,1.0,1.0,3.0,154.72,0-6 Months,Near (<10km),0-3 Days
50610,0,0.0,Mobile Phone,1,14.0,Debit Card,Male,3.0,5,Mobile Phone,5,Divorced,2,0,15.0,1.0,1.0,1.0,124.50999999999999,0-6 Months,Medium (10-20km),0-3 Days
50611,0,21.0,Mobile Phone,1,12.0,Debit Card,Male,3.0,4,Laptop & Accessory,3,Single,3,0,13.0,0.0,2.0,2.0,142.4,1-2 Years,Medium (10-20km),0-3 Days
50612,0,21.0,Mobile Phone,1,10.0,Debit Card,Male,3.0,4,Fashion,3,Single,8,0,14.0,1.0,4.0,3.0,209.99,1-2 Years,Near (<10km),0-3 Days
50613,0,14.0,Mobile Phone,1,13.0,Credit Card,Female,2.0,3,Laptop & Accessory,3,Single,7,0,14.0,1.0,2.0,1.0,150.03,1-2 Years,Medium (10-20km),0-3 Days
50614,0,12.0,Mobile Phone,1,6.0,Debit Card,Female,3.0,4,Grocery,2,Divorced,2,0,16.0,0.0,11.0,3.0,227.42000000000002,6-12 Months,Near (<10km),0-3 Days
50615,0,0.0,Mobile Phone,1,8.0,Debit Card,Female,2.0,3,Laptop & Accessory,2,Divorced,1,0,18.0,0.0,2.0,2.0,142.27,0-6 Months,Near (<10km),0-3 Days
50616,0,8.0,Mobile Phone,1,16.0,UPI,Male,2.0,3,Mobile Phone,2,Married,2,0,20.0,1.0,1.0,2.0,139.17,6-12 Months,Medium (10-20km),0-3 Days
50617,0,15.0,Mobile Phone,3,11.0,E Wallet,Male,2.0,3,Others,3,Divorced,7,0,13.0,1.0,1.0,0.0,283.03,1-2 Years,Medium (10-20km),0-3 Days
50618,0,23.0,Mobile Phone,1,14.0,Debit Card,Male,3.0,3,Mobile Phone,2,Divorced,5,0,18.0,1.0,1.0,0.0,123.80000000000001,1-2 Years,Medium (10-20km),0-3 Days
50619,0,30.0,Mobile Phone,1,8.0,Debit Card,Female,3.0,4,Grocery,2,Single,4,1,13.0,0.0,2.0,3.0,237.26,2+ Years,Near (<10km),0-3 Days
50620,1,0.0,Mobile Phone,1,17.0,Credit Card,Female,3.0,5,Laptop & Accessory,4,Divorced,6,0,15.0,1.0,1.0,0.0,147.77,0-6 Months,Medium (10-20km),0-3 Days
50621,0,28.0,Computer,1,24.0,Credit Card,Male,3.0,3,Laptop & Accessory,4,Divorced,4,1,14.0,6.0,6.0,7.0,163.85,2+ Years,Far (>20km),4-7 Days
50622,0,14.0,Computer,1,13.0,Debit Card,Female,2.0,5,Others,3,Married,2,0,15.0,1.0,5.0,10.0,299.73,1-2 Years,Medium (10-20km),8-15 Days
50623,0,11.0,Mobile Phone,3,9.0,Debit Card,Male,2.0,3,Laptop & Accessory,2,Single,9,1,12.0,1.0,1.0,0.0,168.61,6-12 Months,Near (<10km),0-3 Days
50624,1,0.0,Computer,3,35.0,Credit Card,Male,3.0,5,Laptop & Accessory,5,Single,9,0,18.0,0.0,2.0,2.0,149.69,0-6 Months,Far (>20km),0-3 Days
50625,1,15.0,Mobile Phone,3,8.0,E Wallet,Female,2.0,5,Others,2,Divorced,2,0,15.0,5.0,6.0,9.0,298.45,1-2 Years,Near (<10km),8-15 Days
50626,0,17.0,Mobile Phone,3,34.0,Credit Card,Female,2.0,1,Grocery,2,Divorced,4,1,18.0,1.0,2.0,11.0,233.2,1-2 Years,Far (>20km),8-15 Days
50627,0,23.0,Computer,3,6.0,Debit Card,Female,3.0,3,Laptop & Accessory,3,Divorced,1,0,12.0,1.0,1.0,13.0,163.47,1-2 Years,Near (<10km),8-15 Days
50628,1,0.0,Mobile Phone,1,22.0,Debit Card,Female,3.0,1,Mobile Phone,5,Single,2,0,16.0,15.0,15.0,14.0,127.43,0-6 Months,Far (>20km),8-15 Days
50629,0,12.0,Computer,1,28.0,Credit Card,Female,2.0,3,Fashion,5,Single,2,1,13.0,1.0,2.0,8.0,208.8,6-12 Months,Far (>20km),8-15 Days
50630,0,6.0,Computer,3,14.0,Debit Card,Female,2.0,4,Mobile Phone,2,Single,1,0,19.0,2.0,2.0,2.0,123.41999999999999,0-6 Months,Medium (10-20km),0-3 Days
50631,0,18.0,Mobile Phone,3,17.0,Debit Card,Female,2.0,3,Grocery,2,Divorced,4,0,13.0,1.0,1.0,1.0,276.5,1-2 Years,Medium (10-20km),0-3 Days
50632,0,5.0,Computer,1,35.0,Credit Card,Female,3.0,3,Mobile Phone,3,Single,10,0,12.0,5.0,7.0,7.0,140.25,0-6 Months,Far (>20km),4-7 Days
50633,0,7.0,Mobile Phone,3,6.0,E Wallet,Male,3.0,1,Laptop & Accessory,2,Married,1,0,11.0,1.0,1.0,9.0,197.25,6-12 Months,Near (<10km),8-15 Days
50634,0,30.0,Mobile Phone,3,6.0,Cash on Delivery,Male,3.0,3,Fashion,2,Divorced,4,1,14.0,0.0,1.0,3.0,219.04000000000002,2+ Years,Near (<10km),0-3 Days
50635,0,9.0,Mobile Phone,2,30.0,Credit Card,Male,2.0,3,Mobile Phone,4,Single,2,0,16.0,0.0,1.0,4.0,121.77000000000001,6-12 Months,Far (>20km),4-7 Days
50636,0,26.0,Computer,3,8.0,E Wallet,Female,2.0,4,Fashion,4,Divorced,3,0,12.0,0.0,6.0,12.0,175.25,2+ Years,Near (<10km),8-15 Days
50637,1,0.0,Mobile Phone,1,21.0,UPI,Male,2.0,3,Laptop & Accessory,3,Married,8,0,14.0,0.0,1.0,0.0,148.34,0-6 Months,Far (>20km),0-3 Days
50638,1,9.0,Computer,1,8.0,Debit Card,Male,2.0,3,Mobile Phone,5,Divorced,7,1,14.0,1.0,1.0,2.0,120.41999999999999,6-12 Months,Near (<10km),0-3 Days
50639,0,9.0,Mobile Phone,3,16.0,Debit Card,Female,2.0,3,Mobile Phone,3,Divorced,2,1,19.0,0.0,1.0,0.0,122.19999999999999,6-12 Months,Medium (10-20km),0-3 Days
50640,0,1.0,Mobile Phone,3,16.0,Credit Card,Male,3.0,3,Mobile Phone,4,Divorced,2,0,22.0,1.0,1.0,0.0,110.52000000000001,0-6 Months,Medium (10-20km),0-3 Days
50641,0,11.0,Computer,1,9.0,UPI,Male,3.0,3,Mobile Phone,3,Divorced,4,0,16.0,2.0,2.0,2.0,128.21,6-12 Months,Near (<10km),0-3 Days
50642,0,23.0,Mobile Phone,1,8.0,Credit Card,Male,3.0,3,Others,3,Divorced,3,1,15.0,7.0,7.0,7.0,292.37,1-2 Years,Near (<10km),4-7 Days
50643,0,10.0,Mobile Phone,1,9.0,UPI,Female,2.0,3,Laptop & Accessory,4,Single,4,0,15.0,1.0,1.0,1.0,141.07,6-12 Months,Near (<10km),0-3 Days
50644,0,13.0,Mobile Phone,3,32.0,E Wallet,Male,3.0,3,Laptop & Accessory,5,Divorced,2,0,14.0,5.0,7.0,5.0,183.96,1-2 Years,Far (>20km),4-7 Days
50645,0,9.0,Computer,1,6.0,Credit Card,Female,3.0,4,Mobile Phone,3,Married,2,0,13.0,1.0,1.0,3.0,120.07,6-12 Months,Near (<10km),0-3 Days
50646,0,19.0,Mobile Phone,1,6.0,Credit Card,Male,2.0,3,Others,2,Married,10,0,15.0,1.0,2.0,2.0,296.27,1-2 Years,Near (<10km),0-3 Days
50647,0,27.0,Mobile Phone,3,8.0,Debit Card,Female,2.0,4,Fashion,3,Divorced,7,0,11.0,6.0,7.0,0.0,206.86,2+ Years,Near (<10km),0-3 Days
50648,0,29.0,Computer,1,15.0,Credit Card,Female,3.0,3,Mobile Phone,3,Divorced,3,0,19.0,0.0,1.0,3.0,129.42,2+ Years,Medium (10-20km),0-3 Days
50649,0,9.0,Mobile Phone,1,18.0,Credit Card,Female,2.0,4,Fashion,2,Single,1,0,11.0,5.0,7.0,8.0,188.58,6-12 Months,Medium (10-20km),8-15 Days
50650,0,28.0,Computer,1,8.0,Credit Card,Male,2.0,4,Grocery,5,Single,8,0,15.0,1.0,6.0,2.0,267.56,2+ Years,Near (<10km),0-3 Days
50651,0,16.0,Mobile Phone,3,31.0,Credit Card,Male,3.0,4,Fashion,2,Married,6,0,13.0,1.0,2.0,0.0,234.0,1-2 Years,Far (>20km),0-3 Days
50652,1,0.0,Computer,3,14.0,E Wallet,Female,2.0,3,Mobile Phone,2,Single,2,1,14.0,0.0,1.0,2.0,123.22999999999999,0-6 Months,Medium (10-20km),0-3 Days
50653,1,9.0,Mobile Phone,1,16.0,Debit Card,Female,2.0,4,Mobile Phone,5,Single,2,0,13.0,1.0,1.0,0.0,114.16,6-12 Months,Medium (10-20km),0-3 Days
50654,0,19.0,Mobile Phone,1,14.0,Debit Card,Female,3.0,4,Laptop & Accessory,5,Married,9,1,23.0,1.0,1.0,7.0,146.15,1-2 Years,Medium (10-20km),4-7 Days
50655,1,14.0,Mobile Phone,1,14.0,Debit Card,Male,2.0,3,Mobile Phone,3,Divorced,10,1,12.0,1.0,2.0,7.0,124.61000000000001,1-2 Years,Medium (10-20km),4-7 Days
50656,1,0.0,Computer,1,30.0,Cash on Delivery,Male,3.0,4,Fashion,5,Single,2,0,12.0,0.0,1.0,9.0,187.22,0-6 Months,Far (>20km),8-15 Days
50657,0,0.0,Mobile Phone,1,6.0,Credit Card,Male,2.0,4,Mobile Phone,5,Divorced,2,0,16.0,0.0,1.0,3.0,139.55,0-6 Months,Near (<10km),0-3 Days
50658,0,3.0,Mobile Phone,1,26.0,UPI,Male,2.0,3,Laptop & Accessory,5,Divorced,1,0,15.0,1.0,1.0,2.0,199.57,0-6 Months,Far (>20km),0-3 Days
50659,0,14.0,Mobile Phone,1,13.0,Cash on Delivery,Female,2.0,1,Mobile Phone,3,Divorced,2,0,13.0,1.0,1.0,8.0,133.76,1-2 Years,Medium (10-20km),8-15 Days
50660,0,11.0,Mobile Phone,1,23.0,Debit Card,Female,3.0,4,Fashion,3,Divorced,1,0,18.0,0.0,1.0,9.0,188.23,6-12 Months,Far (>20km),8-15 Days
50661,0,13.0,Mobile Phone,1,26.0,Cash on Delivery,Male,3.0,3,Fashion,2,Divorced,5,0,20.0,4.0,11.0,1.0,203.22,1-2 Years,Far (>20km),0-3 Days
50662,0,0.0,Computer,1,14.0,Debit Card,Male,2.0,5,Mobile Phone,3,Divorced,2,0,19.0,1.0,1.0,2.0,146.21,0-6 Months,Medium (10-20km),0-3 Days
50663,0,28.0,Computer,1,8.0,Debit Card,Male,3.0,3,Fashion,4,Divorced,4,0,18.0,1.0,1.0,3.0,209.76,2+ Years,Near (<10km),0-3 Days
50664,0,1.0,Mobile Phone,1,16.0,UPI,Female,2.0,3,Laptop & Accessory,3,Single,4,0,13.0,1.0,1.0,7.0,136.6,0-6 Months,Medium (10-20km),4-7 Days
50665,1,7.0,Mobile Phone,2,6.0,Credit Card,Male,3.0,4,Fashion,5,Divorced,10,0,14.0,2.0,3.0,6.0,204.82,6-12 Months,Near (<10km),4-7 Days
50666,0,6.0,Mobile Phone,1,11.0,Debit Card,Male,2.0,4,Fashion,2,Married,5,0,15.0,0.0,1.0,2.0,171.19,0-6 Months,Medium (10-20km),0-3 Days
50667,1,0.0,Mobile Phone,3,10.0,Cash on Delivery,Male,2.0,3,Fashion,5,Single,1,1,22.0,3.0,4.0,7.0,195.82,0-6 Months,Near (<10km),4-7 Days
50668,1,0.0,Computer,1,35.0,Credit Card,Female,2.0,4,Laptop & Accessory,3,Single,2,0,22.0,3.0,3.0,8.0,145.08,0-6 Months,Far (>20km),8-15 Days
50669,0,9.0,Mobile Phone,1,21.0,Debit Card,Male,2.0,3,Mobile Phone,3,Married,2,0,16.0,2.0,2.0,2.0,122.07,6-12 Months,Far (>20km),0-3 Days
50670,0,7.0,Computer,1,9.0,Debit Card,Male,2.0,3,Laptop & Accessory,2,Single,1,0,17.0,1.0,1.0,4.0,177.56,6-12 Months,Near (<10km),4-7 Days
50671,0,10.0,Mobile Phone,3,16.0,Debit Card,Female,2.0,4,Laptop & Accessory,2,Married,3,1,14.0,0.0,1.0,0.0,166.94,6-12 Months,Medium (10-20km),0-3 Days
50672,1,0.0,Mobile Phone,1,10.0,Cash on Delivery,Male,2.0,3,Mobile Phone,2,Divorced,2,1,15.0,5.0,5.0,6.0,136.91,0-6 Months,Near (<10km),4-7 Days
50673,1,0.0,Mobile Phone,1,14.0,Credit Card,Male,2.0,3,Mobile Phone,3,Married,2,0,20.0,1.0,1.0,0.0,123.77000000000001,0-6 Months,Medium (10-20km),0-3 Days
50674,1,9.0,Mobile Phone,1,31.0,Credit Card,Male,2.0,4,Mobile Phone,4,Single,5,1,20.0,0.0,2.0,2.0,123.13,6-12 Months,Far (>20km),0-3 Days
50675,0,15.0,Mobile Phone,1,8.0,Credit Card,Male,2.0,3,Grocery,5,Divorced,1,0,17.0,1.0,13.0,7.0,276.65,1-2 Years,Near (<10km),4-7 Days
50676,1,0.0,Computer,1,14.0,Credit Card,Male,2.0,4,Mobile Phone,4,Married,2,0,15.0,0.0,1.0,0.0,125.96000000000001,0-6 Months,Medium (10-20km),0-3 Days
50677,1,13.0,Computer,3,6.0,UPI,Male,2.0,3,Laptop & Accessory,3,Single,4,1,14.0,0.0,1.0,0.0,147.28,1-2 Years,Near (<10km),0-3 Days
50678,0,6.0,Computer,3,13.0,Debit Card,Female,1.0,3,Laptop & Accessory,4,Divorced,1,0,17.0,1.0,1.0,2.0,143.02,0-6 Months,Medium (10-20km),0-3 Days
50679,0,7.0,Computer,1,9.0,Debit Card,Male,3.0,4,Mobile Phone,2,Divorced,4,0,17.0,1.0,1.0,0.0,129.79,6-12 Months,Near (<10km),0-3 Days
50680,0,21.0,Computer,1,6.0,Credit Card,Male,2.0,1,Grocery,2,Single,3,0,22.0,1.0,2.0,1.0,268.85,1-2 Years,Near (<10km),0-3 Days
50681,0,18.0,Computer,3,15.0,Debit Card,Female,3.0,4,Laptop & Accessory,3,Divorced,2,0,13.0,0.0,4.0,12.0,155.93,1-2 Years,Medium (10-20km),8-15 Days
50682,0,25.0,Mobile Phone,1,13.0,Debit Card,Male,2.0,3,Fashion,4,Single,8,0,19.0,3.0,4.0,0.0,204.45,2+ Years,Medium (10-20km),0-3 Days
50683,0,11.0,Mobile Phone,3,16.0,E Wallet,Male,3.0,4,Fashion,3,Married,1,1,14.0,2.0,2.0,7.0,187.4,6-12 Months,Medium (10-20km),4-7 Days
50684,0,2.0,Mobile Phone,1,14.0,Debit Card,Female,3.0,3,Mobile Phone,2,Married,5,0,22.0,0.0,1.0,7.0,125.13999999999999,0-6 Months,Medium (10-20km),4-7 Days
50685,0,1.0,Mobile Phone,1,9.0,Credit Card,Female,3.0,3,Fashion,4,Married,1,0,17.0,0.0,1.0,7.0,176.55,0-6 Months,Near (<10km),4-7 Days
50686,0,19.0,Mobile Phone,3,9.0,E Wallet,Male,2.0,3,Grocery,3,Divorced,4,0,12.0,1.0,4.0,9.0,274.65,1-2 Years,Near (<10km),8-15 Days
50687,0,11.0,Mobile Phone,3,8.0,E Wallet,Male,2.0,3,Fashion,4,Single,8,0,16.0,1.0,1.0,0.0,173.51,6-12 Months,Near (<10km),0-3 Days
50688,0,16.0,Computer,1,33.0,Debit Card,Female,2.0,3,Fashion,5,Divorced,9,0,11.0,0.0,1.0,1.0,208.2,1-2 Years,Far (>20km),0-3 Days
50689,1,2.0,Computer,1,8.0,Debit Card,Male,2.0,3,Grocery,2,Married,8,0,11.0,7.0,11.0,3.0,221.69,0-6 Months,Near (<10km),0-3 Days
50690,0,13.0,Mobile Phone,1,20.0,Credit Card,Male,2.0,4,Others,3,Single,2,0,15.0,4.0,4.0,9.0,296.26,1-2 Years,Medium (10-20km),8-15 Days
50691,0,9.0,Mobile Phone,1,6.0,Cash on Delivery,Female,3.0,4,Mobile Phone,4,Single,2,1,11.0,0.0,2.0,2.0,120.69999999999999,6-12 Months,Near (<10km),0-3 Days
50692,0,12.0,Computer,1,15.0,Debit Card,Male,3.0,3,Laptop & Accessory,4,Single,21,0,15.0,1.0,1.0,3.0,167.82,6-12 Months,Medium (10-20km),0-3 Days
50693,0,9.0,Computer,1,24.0,Debit Card,Male,3.0,3,Laptop & Accessory,2,Single,3,0,20.0,1.0,1.0,9.0,177.79,6-12 Months,Far (>20km),8-15 Days
50694,0,4.0,Computer,3,26.0,Debit Card,Male,3.0,1,Mobile Phone,2,Divorced,1,0,12.0,1.0,2.0,2.0,127.91,0-6 Months,Far (>20km),0-3 Days
50695,0,1.0,Mobile Phone,1,8.0,Debit Card,Male,3.0,4,Mobile Phone,4,Divorced,1,0,17.0,0.0,1.0,4.0,132.01,0-6 Months,Near (<10km),4-7 Days
50696,0,8.0,Computer,3,17.0,E Wallet,Male,2.0,3,Laptop & Accessory,2,Married,2,0,11.0,0.0,1.0,2.0,149.68,6-12 Months,Medium (10-20km),0-3 Days
50697,0,22.0,Mobile Phone,3,14.0,Cash on Delivery,Male,2.0,4,Grocery,4,Divorced,7,0,17.0,1.0,2.0,3.0,231.2,1-2 Years,Medium (10-20km),0-3 Days
50698,0,7.0,Computer,1,8.0,Debit Card,Male,3.0,3,Laptop & Accessory,3,Single,3,0,11.0,1.0,1.0,2.0,140.33,6-12 Months,Near (<10km),0-3 Days
50699,0,2.0,Computer,1,16.0,Debit Card,Female,3.0,3,Mobile Phone,4,Married,1,0,14.0,1.0,1.0,1.0,132.91,0-6 Months,Medium (10-20km),0-3 Days
50700,0,15.0,Mobile Phone,1,35.0,Credit Card,Male,2.0,5,Laptop & Accessory,2,Single,5,0,19.0,1.0,1.0,0.0,142.72,1-2 Years,Far (>20km),0-3 Days
50701,0,2.0,Mobile Phone,1,14.0,Credit Card,Male,3.0,4,Laptop & Accessory,2,Divorced,2,1,13.0,0.0,1.0,2.0,150.56,0-6 Months,Medium (10-20km),0-3 Days
50702,0,11.0,Mobile Phone,2,6.0,UPI,Male,3.0,1,Mobile Phone,3,Divorced,2,0,13.0,1.0,5.0,0.0,128.44,6-12 Months,Near (<10km),0-3 Days
50703,0,4.0,Computer,1,12.0,Debit Card,Male,3.0,4,Mobile Phone,3,Married,2,1,14.0,1.0,1.0,2.0,127.03,0-6 Months,Medium (10-20km),0-3 Days
50704,1,9.0,Computer,1,14.0,Credit Card,Male,3.0,3,Mobile Phone,3,Single,2,0,12.0,0.0,1.0,0.0,119.03999999999999,6-12 Months,Medium (10-20km),0-3 Days
50705,1,0.0,Mobile Phone,3,15.0,E Wallet,Female,3.0,3,Laptop & Accessory,5,Single,1,1,17.0,0.0,1.0,3.0,182.24,0-6 Months,Medium (10-20km),0-3 Days
50706,0,14.0,Mobile Phone,1,18.0,Debit Card,Male,2.0,3,Mobile Phone,2,Divorced,4,1,11.0,1.0,1.0,0.0,147.66,1-2 Years,Medium (10-20km),0-3 Days
50707,1,0.0,Computer,1,14.0,Credit Card,Male,3.0,3,Mobile Phone,3,Divorced,2,0,12.0,2.0,2.0,2.0,126.1,0-6 Months,Medium (10-20km),0-3 Days
50708,0,10.0,Mobile Phone,1,31.0,Credit Card,Female,2.0,4,Laptop & Accessory,2,Married,8,0,13.0,0.0,1.0,3.0,157.31,6-12 Months,Far (>20km),0-3 Days
50709,0,0.0,Mobile Phone,1,14.0,Debit Card,Male,2.0,4,Mobile Phone,3,Divorced,2,0,13.0,2.0,2.0,2.0,125.38999999999999,0-6 Months,Medium (10-20km),0-3 Days
50710,0,7.0,Mobile Phone,3,15.0,Debit Card,Female,3.0,3,Laptop & Accessory,3,Divorced,2,0,20.0,1.0,1.0,3.0,157.14,6-12 Months,Medium (10-20km),0-3 Days
50711,0,8.0,Mobile Phone,2,14.0,Cash on Delivery,Male,3.0,3,Mobile Phone,3,Single,2,0,17.0,0.0,1.0,4.0,143.23,6-12 Months,Medium (10-20km),4-7 Days
50712,1,0.0,Mobile Phone,3,29.0,Debit Card,Female,2.0,4,Fashion,5,Divorced,2,0,13.0,0.0,3.0,10.0,173.36,0-6 Months,Far (>20km),8-15 Days
50713,0,13.0,Computer,1,15.0,Credit Card,Female,2.0,3,Fashion,3,Single,10,0,17.0,0.0,2.0,13.0,234.99,1-2 Years,Medium (10-20km),8-15 Days
50714,1,5.0,Computer,3,18.0,Debit Card,Male,2.0,3,Grocery,5,Single,1,1,12.0,7.0,2.0,14.0,237.57999999999998,0-6 Months,Medium (10-20km),8-15 Days
50715,0,15.0,Mobile Phone,3,10.0,E Wallet,Male,2.0,3,Laptop & Accessory,5,Single,8,0,13.0,1.0,1.0,5.0,151.55,1-2 Years,Near (<10km),4-7 Days
50716,0,9.0,Mobile Phone,1,6.0,Credit Card,Male,2.0,4,Mobile Phone,3,Divorced,7,0,12.0,1.0,1.0,7.0,122.58000000000001,6-12 Months,Near (<10km),4-7 Days
50717,0,0.0,Mobile Phone,1,30.0,Credit Card,Male,2.0,3,Mobile Phone,4,Single,9,0,22.0,1.0,1.0,2.0,135.97,0-6 Months,Far (>20km),0-3 Days
50718,1,0.0,Mobile Phone,1,14.0,Debit Card,Female,3.0,3,Mobile Phone,2,Divorced,2,1,11.0,1.0,1.0,0.0,125.15,0-6 Months,Medium (10-20km),0-3 Days
50719,0,0.0,Mobile Phone,1,9.0,Credit Card,Male,2.0,1,Mobile Phone,2,Divorced,2,0,22.0,1.0,1.0,7.0,144.2,0-6 Months,Near (<10km),4-7 Days
50720,0,3.0,Mobile Phone,3,16.0,E Wallet,Male,3.0,4,Laptop & Accessory,3,Divorced,2,0,18.0,1.0,1.0,4.0,165.78,0-6 Months,Medium (10-20km),4-7 Days
50721,0,13.0,Computer,1,32.0,Credit Card,Female,3.0,4,Laptop & Accessory,2,Divorced,4,1,13.0,1.0,1.0,0.0,144.22,1-2 Years,Far (>20km),0-3 Days
50722,0,8.0,Mobile Phone,1,8.0,Debit Card,Male,2.0,4,Fashion,4,Married,3,0,18.0,6.0,6.0,4.0,202.74,6-12 Months,Near (<10km),4-7 Days
50723,0,7.0,Computer,1,6.0,Credit Card,Male,3.0,4,Laptop & Accessory,5,Single,1,0,20.0,1.0,4.0,9.0,153.43,6-12 Months,Near (<10km),8-15 Days
50724,0,8.0,Computer,1,14.0,UPI,Male,2.0,4,Mobile Phone,2,Divorced,2,0,13.0,2.0,2.0,2.0,123.75999999999999,6-12 Months,Medium (10-20km),0-3 Days
50725,1,6.0,Mobile Phone,3,15.0,E Wallet,Female,2.0,5,Laptop & Accessory,3,Single,9,0,13.0,1.0,1.0,3.0,153.46,0-6 Months,Medium (10-20km),0-3 Days
50726,0,5.0,Computer,3,8.0,Debit Card,Female,3.0,3,Mobile Phone,5,Married,2,0,12.0,0.0,1.0,0.0,128.27,0-6 Months,Near (<10km),0-3 Days
50727,0,29.0,Mobile Phone,1,10.0,Cash on Delivery,Female,3.0,3,Others,5,Married,5,0,15.0,0.0,4.0,2.0,299.43,2+ Years,Near (<10km),0-3 Days
50728,0,2.0,Mobile Phone,1,12.0,Credit Card,Female,3.0,3,Mobile Phone,2,Divorced,2,0,13.0,0.0,1.0,8.0,131.31,0-6 Months,Medium (10-20km),8-15 Days
50729,0,0.0,Mobile Phone,1,14.0,Debit Card,Male,2.0,3,Mobile Phone,5,Single,2,0,25.0,0.0,1.0,0.0,125.52000000000001,0-6 Months,Medium (10-20km),0-3 Days
50730,0,18.0,Mobile Phone,1,13.0,Credit Card,Female,2.0,3,Mobile Phone,3,Divorced,5,1,19.0,1.0,1.0,2.0,144.77,1-2 Years,Medium (10-20km),0-3 Days
50731,0,10.0,Mobile Phone,1,6.0,Debit Card,Female,2.0,4,Laptop & Accessory,2,Divorced,2,0,13.0,3.0,3.0,11.0,164.74,6-12 Months,Near (<10km),8-15 Days
50732,0,0.0,Mobile Phone,1,9.0,Debit Card,Male,3.0,4,Mobile Phone,3,Single,2,0,12.0,0.0,1.0,2.0,130.33,0-6 Months,Near (<10km),0-3 Days
50733,1,7.0,Mobile Phone,1,16.0,Debit Card,Male,3.0,3,Mobile Phone,3,Single,2,1,11.0,1.0,1.0,2.0,129.36,6-12 Months,Medium (10-20km),0-3 Days
50734,0,26.0,Mobile Phone,1,13.0,Credit Card,Female,2.0,3,Others,3,Married,4,0,18.0,1.0,4.0,7.0,286.06,2+ Years,Medium (10-20km),4-7 Days
50735,0,9.0,Mobile Phone,1,21.0,Debit Card,Female,3.0,5,Mobile Phone,2,Divorced,1,1,18.0,1.0,1.0,3.0,121.68,6-12 Months,Far (>20km),0-3 Days
50736,1,0.0,Computer,1,9.0,Debit Card,Male,3.0,4,Mobile Phone,2,Divorced,1,1,11.0,0.0,1.0,0.0,128.53,0-6 Months,Near (<10km),0-3 Days
50737,0,19.0,Mobile Phone,3,8.0,E Wallet,Female,3.0,3,Grocery,5,Divorced,9,0,23.0,1.0,15.0,9.0,270.48,1-2 Years,Near (<10km),8-15 Days
50738,0,9.0,Computer,1,23.0,Debit Card,Male,3.0,5,Mobile Phone,3,Single,3,0,13.0,1.0,1.0,0.0,122.9,6-12 Months,Far (>20km),0-3 Days
50739,0,6.0,Mobile Phone,2,8.0,UPI,Male,2.0,3,Mobile Phone,3,Divorced,2,0,13.0,0.0,1.0,4.0,136.0,0-6 Months,Near (<10km),4-7 Days
50740,1,9.0,Computer,1,11.0,Debit Card,Male,3.0,4,Mobile Phone,5,Married,7,0,17.0,1.0,1.0,0.0,121.07,6-12 Months,Medium (10-20km),0-3 Days
50741,0,3.0,Mobile Phone,3,35.0,Debit Card,Male,3.0,3,Laptop & Accessory,5,Married,9,0,19.0,1.0,1.0,3.0,141.15,0-6 Months,Far (>20km),0-3 Days
50742,0,13.0,Computer,3,8.0,Credit Card,Male,3.0,3,Laptop & Accessory,4,Divorced,6,0,12.0,1.0,1.0,0.0,143.27,1-2 Years,Near (<10km),0-3 Days
50743,0,23.0,Computer,1,8.0,Credit Card,Female,1.0,3,Grocery,5,Divorced,3,0,22.0,1.0,2.0,2.0,278.56,1-2 Years,Near (<10km),0-3 Days
50744,0,1.0,Mobile Phone,1,25.0,Credit Card,Male,3.0,4,Mobile Phone,5,Divorced,2,0,12.0,1.0,3.0,3.0,131.96,0-6 Months,Far (>20km),0-3 Days
50745,0,19.0,Mobile Phone,1,21.0,Debit Card,Male,2.0,3,Others,4,Divorced,6,0,11.0,1.0,1.0,3.0,290.81,1-2 Years,Far (>20km),0-3 Days
50746,0,8.0,Mobile Phone,3,23.0,Debit Card,Male,3.0,3,Laptop & Accessory,5,Divorced,4,1,15.0,1.0,1.0,7.0,189.66,6-12 Months,Far (>20km),4-7 Days
50747,1,9.0,Mobile Phone,1,23.0,Debit Card,Female,3.0,3,Mobile Phone,4,Divorced,2,0,13.0,0.0,1.0,0.0,122.1,6-12 Months,Far (>20km),0-3 Days
50748,0,6.0,Computer,3,31.0,Credit Card,Female,2.0,3,Laptop & Accessory,3,Divorced,2,0,12.0,0.0,1.0,1.0,145.39,0-6 Months,Far (>20km),0-3 Days
50749,0,9.0,Mobile Phone,1,12.0,Debit Card,Male,3.0,5,Mobile Phone,3,Married,2,0,14.0,0.0,1.0,7.0,127.41,6-12 Months,Medium (10-20km),4-7 Days
50750,0,3.0,Mobile Phone,1,13.0,Debit Card,Male,2.0,3,Laptop & Accessory,3,Married,2,0,13.0,8.0,8.0,9.0,134.91,0-6 Months,Medium (10-20km),8-15 Days
50751,0,17.0,Mobile Phone,1,35.0,UPI,Male,2.0,3,Laptop & Accessory,2,Single,2,0,25.0,1.0,1.0,17.0,145.41,1-2 Years,Far (>20km),15+ Days
50752,0,0.0,Mobile Phone,3,27.0,E Wallet,Male,3.0,1,Mobile Phone,2,Single,2,0,17.0,0.0,2.0,2.0,126.78,0-6 Months,Far (>20km),0-3 Days
50753,0,19.0,Mobile Phone,1,8.0,Cash on Delivery,Male,2.0,3,Laptop & Accessory,2,Married,3,0,11.0,1.0,1.0,4.0,173.79,1-2 Years,Near (<10km),4-7 Days
50754,0,15.0,Computer,2,8.0,Credit Card,Male,3.0,1,Laptop & Accessory,5,Divorced,8,0,16.0,0.0,1.0,3.0,162.72,1-2 Years,Near (<10km),0-3 Days
50755,0,30.0,Mobile Phone,3,13.0,E Wallet,Male,2.0,1,Laptop & Accessory,2,Married,1,1,18.0,0.0,1.0,9.0,152.2,2+ Years,Medium (10-20km),8-15 Days
50756,0,5.0,Computer,1,19.0,UPI,Female,3.0,4,Mobile Phone,4,Divorced,2,0,20.0,0.0,2.0,2.0,127.43,0-6 Months,Medium (10-20km),0-3 Days
50757,0,5.0,Computer,1,8.0,Debit Card,Female,2.0,3,Laptop & Accessory,3,Single,5,1,14.0,1.0,1.0,7.0,149.98,0-6 Months,Near (<10km),4-7 Days
50758,0,9.0,Mobile Phone,1,6.0,Cash on Delivery,Female,3.0,5,Fashion,5,Married,3,1,21.0,5.0,7.0,7.0,202.52,6-12 Months,Near (<10km),4-7 Days
50759,0,6.0,Mobile Phone,1,15.0,Credit Card,Male,3.0,3,Mobile Phone,2,Divorced,1,0,13.0,1.0,4.0,10.0,127.81,0-6 Months,Medium (10-20km),8-15 Days
50760,0,13.0,Mobile Phone,3,16.0,Cash on Delivery,Female,2.0,4,Laptop & Accessory,4,Married,8,0,12.0,1.0,1.0,3.0,168.52,1-2 Years,Medium (10-20km),0-3 Days
50761,0,0.0,Mobile Phone,3,16.0,Debit Card,Male,2.0,3,Laptop & Accessory,2,Single,1,0,14.0,0.0,1.0,1.0,149.5,0-6 Months,Medium (10-20km),0-3 Days
50762,0,3.0,Mobile Phone,1,6.0,Credit Card,Male,3.0,3,Mobile Phone,4,Divorced,1,1,21.0,1.0,5.0,7.0,135.79,0-6 Months,Near (<10km),4-7 Days
50763,0,15.0,Computer,1,32.0,Credit Card,Female,2.0,3,Fashion,5,Divorced,4,1,17.0,0.0,2.0,0.0,231.91000000000003,1-2 Years,Far (>20km),0-3 Days
50764,0,8.0,Computer,3,14.0,E Wallet,Female,3.0,4,Fashion,2,Divorced,5,1,11.0,2.0,4.0,12.0,203.77,6-12 Months,Medium (10-20km),8-15 Days
50765,0,9.0,Mobile Phone,1,20.0,Debit Card,Male,2.0,3,Mobile Phone,5,Divorced,2,1,14.0,2.0,6.0,8.0,122.35,6-12 Months,Medium (10-20km),8-15 Days
50766,0,27.0,Computer,1,6.0,Debit Card,Female,2.0,3,Fashion,3,Married,8,0,17.0,1.0,1.0,4.0,205.02,2+ Years,Near (<10km),4-7 Days
50767,0,9.0,Mobile Phone,1,8.0,Debit Card,Female,3.0,1,Mobile Phone,2,Divorced,2,0,13.0,6.0,7.0,7.0,120.11000000000001,6-12 Months,Near (<10km),4-7 Days
50768,1,9.0,Computer,1,16.0,Credit Card,Female,3.0,4,Mobile Phone,4,Single,2,1,25.0,1.0,1.0,0.0,118.59,6-12 Months,Medium (10-20km),0-3 Days
50769,0,2.0,Mobile Phone,1,6.0,Debit Card,Female,3.0,3,Mobile Phone,2,Married,2,0,15.0,0.0,1.0,2.0,137.6,0-6 Months,Near (<10km),0-3 Days
50770,0,27.0,Mobile Phone,1,9.0,Debit Card,Male,2.0,3,Grocery,2,Divorced,4,0,14.0,1.0,1.0,9.0,277.79,2+ Years,Near (<10km),8-15 Days
50771,0,4.0,Mobile Phone,1,17.0,Credit Card,Male,3.0,3,Laptop & Accessory,5,Divorced,2,1,12.0,0.0,1.0,1.0,168.33,0-6 Months,Medium (10-20km),0-3 Days
50772,0,4.0,Mobile Phone,1,30.0,Credit Card,Female,3.0,4,Laptop & Accessory,5,Single,2,0,19.0,0.0,1.0,8.0,168.12,0-6 Months,Far (>20km),8-15 Days
50773,0,30.0,Mobile Phone,3,9.0,Debit Card,Female,2.0,4,Laptop & Accessory,2,Single,6,0,17.0,0.0,1.0,5.0,151.71,2+ Years,Near (<10km),4-7 Days
50774,0,16.0,Mobile Phone,1,9.0,Debit Card,Male,3.0,5,Others,2,Divorced,4,0,15.0,1.0,1.0,7.0,297.4,1-2 Years,Near (<10km),4-7 Days
50775,0,22.0,Mobile Phone,1,10.0,Credit Card,Male,2.0,4,Others,3,Divorced,3,0,13.0,1.0,1.0,0.0,287.11,1-2 Years,Near (<10km),0-3 Days
50776,0,9.0,Computer,1,9.0,Cash on Delivery,Male,2.0,3,Mobile Phone,4,Divorced,2,0,12.0,1.0,1.0,7.0,136.92,6-12 Months,Near (<10km),4-7 Days
50777,0,21.0,Mobile Phone,1,14.0,Cash on Delivery,Male,3.0,1,Mobile Phone,4,Single,6,0,11.0,0.0,1.0,0.0,125.59,1-2 Years,Medium (10-20km),0-3 Days
50778,0,0.0,Mobile Phone,1,14.0,Debit Card,Male,3.0,3,Mobile Phone,3,Married,2,0,11.0,1.0,1.0,3.0,125.16999999999999,0-6 Months,Medium (10-20km),0-3 Days
50779,0,2.0,Mobile Phone,1,13.0,Debit Card,Male,2.0,3,Laptop & Accessory,2,Married,2,1,11.0,0.0,1.0,0.0,166.23,0-6 Months,Medium (10-20km),0-3 Days
50780,0,21.0,Mobile Phone,1,6.0,Debit Card,Male,3.0,4,Others,2,Single,7,0,12.0,1.0,1.0,0.0,282.65,1-2 Years,Near (<10km),0-3 Days
50781,0,2.0,Mobile Phone,1,6.0,Debit Card,Female,2.0,4,Grocery,2,Married,4,0,14.0,1.0,1.0,7.0,261.24,0-6 Months,Near (<10km),4-7 Days
50782,0,7.0,Mobile Phone,1,14.0,Cash on Delivery,Female,2.0,1,Mobile Phone,3,Divorced,1,0,17.0,1.0,1.0,0.0,125.85,6-12 Months,Medium (10-20km),0-3 Days
50783,0,17.0,Mobile Phone,3,11.0,E Wallet,Male,2.0,3,Others,4,Divorced,8,0,11.0,1.0,3.0,10.0,282.13,1-2 Years,Medium (10-20km),8-15 Days
50784,0,6.0,Mobile Phone,3,16.0,E Wallet,Male,2.0,1,Fashion,3,Married,1,1,14.0,1.0,1.0,8.0,183.8,0-6 Months,Medium (10-20km),8-15 Days
50785,0,0.0,Mobile Phone,1,31.0,Debit Card,Female,3.0,1,Mobile Phone,2,Single,2,1,12.0,1.0,1.0,1.0,129.94,0-6 Months,Far (>20km),0-3 Days
50786,0,9.0,Mobile Phone,1,6.0,Debit Card,Male,2.0,3,Mobile Phone,3,Divorced,2,0,22.0,0.0,1.0,1.0,112.22999999999999,6-12 Months,Near (<10km),0-3 Days
50787,1,0.0,Computer,3,30.0,Debit Card,Male,3.0,5,Mobile Phone,2,Single,2,1,14.0,1.0,1.0,0.0,111.18,0-6 Months,Far (>20km),0-3 Days
50788,0,0.0,Mobile Phone,1,10.0,Debit Card,Male,3.0,3,Mobile Phone,2,Single,2,1,20.0,0.0,2.0,2.0,128.75,0-6 Months,Near (<10km),0-3 Days
50789,1,8.0,Mobile Phone,3,8.0,E Wallet,Female,3.0,5,Others,4,Single,3,1,16.0,1.0,1.0,11.0,288.24,6-12 Months,Near (<10km),8-15 Days
50790,0,28.0,Computer,1,14.0,Credit Card,Male,2.0,4,Grocery,4,Married,2,1,15.0,3.0,2.0,0.0,235.76999999999998,2+ Years,Medium (10-20km),0-3 Days
50791,1,0.0,Computer,1,14.0,Debit Card,Female,2.0,4,Mobile Phone,3,Single,2,0,20.0,2.0,2.0,2.0,126.25,0-6 Months,Medium (10-20km),0-3 Days
50792,0,19.0,Mobile Phone,3,10.0,E Wallet,Female,2.0,4,Others,4,Divorced,3,0,14.0,1.0,1.0,8.0,287.89,1-2 Years,Near (<10km),8-15 Days
50793,0,7.0,Mobile Phone,3,8.0,E Wallet,Female,2.0,3,Laptop & Accessory,5,Single,1,1,12.0,1.0,1.0,2.0,145.38,6-12 Months,Near (<10km),0-3 Days
50794,0,24.0,Computer,3,15.0,Debit Card,Male,2.0,3,Others,4,Married,5,1,15.0,2.0,11.0,10.0,298.47,1-2 Years,Medium (10-20km),8-15 Days
50795,0,30.0,Mobile Phone,1,24.0,Credit Card,Male,3.0,3,Fashion,2,Single,7,0,12.0,1.0,5.0,4.0,205.12,2+ Years,Far (>20km),4-7 Days
50796,0,7.0,Computer,1,25.0,Credit Card,Female,2.0,3,Laptop & Accessory,4,Married,5,0,13.0,3.0,5.0,10.0,144.44,6-12 Months,Far (>20km),8-15 Days
50797,0,9.0,Computer,1,6.0,Credit Card,Male,2.0,3,Mobile Phone,3,Single,1,1,11.0,0.0,1.0,2.0,121.53999999999999,6-12 Months,Near (<10km),0-3 Days
50798,0,17.0,Mobile Phone,1,10.0,Debit Card,Male,3.0,1,Others,5,Married,2,0,14.0,1.0,14.0,13.0,291.9,1-2 Years,Near (<10km),8-15 Days
50799,0,7.0,Computer,2,17.0,Debit Card,Male,2.0,4,Laptop & Accessory,4,Divorced,5,0,11.0,0.0,1.0,8.0,144.9,6-12 Months,Medium (10-20km),8-15 Days
50800,0,8.0,Mobile Phone,1,12.0,Debit Card,Male,3.0,3,Mobile Phone,3,Divorced,1,1,14.0,1.0,2.0,2.0,135.06,6-12 Months,Medium (10-20km),0-3 Days
50801,0,15.0,Mobile Phone,1,14.0,Credit Card,Female,3.0,1,Laptop & Accessory,4,Divorced,7,1,16.0,0.0,1.0,0.0,123.72,1-2 Years,Medium (10-20km),0-3 Days
50802,0,16.0,Mobile Phone,3,10.0,E Wallet,Female,2.0,4,Fashion,2,Single,4,0,14.0,10.0,15.0,17.0,202.31,1-2 Years,Near (<10km),15+ Days
50803,0,9.0,Mobile Phone,1,8.0,Debit Card,Female,2.0,3,Laptop & Accessory,4,Single,10,1,11.0,4.0,5.0,12.0,154.1,6-12 Months,Near (<10km),8-15 Days
50804,1,7.0,Mobile Phone,1,21.0,Credit Card,Female,3.0,3,Fashion,2,Divorced,2,0,11.0,0.0,1.0,5.0,179.78,6-12 Months,Far (>20km),4-7 Days
50805,0,1.0,Computer,1,8.0,Debit Card,Male,2.0,4,Mobile Phone,2,Divorced,2,1,12.0,2.0,2.0,2.0,138.67,0-6 Months,Near (<10km),0-3 Days
50806,0,24.0,Computer,1,12.0,Credit Card,Female,3.0,4,Mobile Phone,3,Single,1,0,14.0,7.0,7.0,7.0,128.38,1-2 Years,Medium (10-20km),4-7 Days
50807,0,3.0,Computer,1,15.0,Credit Card,Female,3.0,3,Laptop & Accessory,3,Single,8,1,18.0,1.0,1.0,7.0,146.95,0-6 Months,Medium (10-20km),4-7 Days
50808,1,0.0,Mobile Phone,1,13.0,Cash on Delivery,Female,2.0,3,Mobile Phone,3,Married,4,1,13.0,1.0,7.0,7.0,133.39,0-6 Months,Medium (10-20km),4-7 Days
50809,0,9.0,Mobile Phone,1,6.0,Cash on Delivery,Male,2.0,3,Mobile Phone,5,Single,3,0,11.0,0.0,1.0,2.0,120.80000000000001,6-12 Months,Near (<10km),0-3 Days
50810,0,9.0,Mobile Phone,1,6.0,Credit Card,Female,2.0,3,Mobile Phone,4,Single,2,0,18.0,1.0,2.0,1.0,120.96000000000001,6-12 Months,Near (<10km),0-3 Days
50811,0,5.0,Mobile Phone,3,14.0,Credit Card,Male,2.0,1,Laptop & Accessory,2,Divorced,2,0,15.0,0.0,1.0,8.0,162.09,0-6 Months,Medium (10-20km),8-15 Days
50812,0,18.0,Computer,1,31.0,Credit Card,Female,2.0,3,Others,4,Single,4,0,22.0,1.0,1.0,0.0,280.61,1-2 Years,Far (>20km),0-3 Days
50813,0,12.0,Mobile Phone,1,19.0,Credit Card,Female,3.0,4,Grocery,4,Married,7,1,13.0,1.0,15.0,2.0,271.23,6-12 Months,Medium (10-20km),0-3 Days
50814,0,30.0,Mobile Phone,1,14.0,Debit Card,Male,2.0,3,Mobile Phone,3,Married,2,0,12.0,2.0,2.0,2.0,123.72,2+ Years,Medium (10-20km),0-3 Days
50815,1,0.0,Mobile Phone,1,13.0,Debit Card,Male,3.0,3,Laptop & Accessory,3,Divorced,2,0,18.0,1.0,1.0,1.0,148.83,0-6 Months,Medium (10-20km),0-3 Days
50816,1,2.0,Mobile Phone,1,29.0,Credit Card,Male,3.0,3,Mobile Phone,5,Single,1,0,13.0,0.0,1.0,3.0,139.04,0-6 Months,Far (>20km),0-3 Days
50817,0,3.0,Mobile Phone,1,12.0,Cash on Delivery,Female,2.0,4,Laptop & Accessory,2,Divorced,1,0,12.0,5.0,6.0,7.0,146.27,0-6 Months,Medium (10-20km),4-7 Days
50818,0,9.0,Mobile Phone,1,16.0,Cash on Delivery,Female,3.0,3,Fashion,3,Divorced,4,0,12.0,0.0,1.0,7.0,170.94,6-12 Months,Medium (10-20km),4-7 Days
50819,0,19.0,Mobile Phone,2,6.0,Debit Card,Female,2.0,3,Mobile Phone,5,Single,7,0,12.0,3.0,5.0,7.0,134.23,1-2 Years,Near (<10km),4-7 Days
50820,0,1.0,Computer,1,6.0,Debit Card,Female,2.0,5,Laptop & Accessory,2,Divorced,1,0,11.0,7.0,7.0,5.0,166.74,0-6 Months,Near (<10km),4-7 Days
50821,0,23.0,Mobile Phone,1,34.0,Debit Card,Female,2.0,3,Grocery,5,Divorced,5,1,11.0,1.0,1.0,2.0,268.8,1-2 Years,Far (>20km),0-3 Days
50822,1,3.0,Mobile Phone,3,31.0,E Wallet,Male,2.0,4,Fashion,4,Single,3,1,12.0,0.0,1.0,0.0,190.94,0-6 Months,Far (>20km),0-3 Days
50823,1,15.0,Mobile Phone,3,11.0,Debit Card,Male,3.0,3,Fashion,4,Single,10,1,19.0,5.0,7.0,7.0,184.46,1-2 Years,Medium (10-20km),4-7 Days
50824,0,3.0,Mobile Phone,1,23.0,Credit Card,Female,3.0,3,Fashion,5,Divorced,2,1,23.0,0.0,1.0,3.0,219.16000000000003,0-6 Months,Far (>20km),0-3 Days
50825,0,12.0,Mobile Phone,1,24.0,Debit Card,Male,2.0,3,Laptop & Accessory,3,Single,1,0,11.0,0.0,1.0,7.0,145.34,6-12 Months,Far (>20km),4-7 Days
50826,0,4.0,Computer,3,8.0,Debit Card,Female,2.0,3,Fashion,3,Married,2,1,19.0,3.0,9.0,6.0,198.52,0-6 Months,Near (<10km),4-7 Days
50827,0,14.0,Computer,3,16.0,Credit Card,Male,2.0,5,Laptop & Accessory,4,Single,2,0,13.0,3.0,11.0,9.0,161.51,1-2 Years,Medium (10-20km),8-15 Days
50828,1,9.0,Computer,3,6.0,Debit Card,Female,2.0,3,Mobile Phone,4,Single,2,1,11.0,1.0,2.0,2.0,123.02000000000001,6-12 Months,Near (<10km),0-3 Days
50829,1,7.0,Mobile Phone,1,14.0,Debit Card,Male,2.0,3,Mobile Phone,5,Divorced,5,0,12.0,1.0,1.0,2.0,123.62,6-12 Months,Medium (10-20km),0-3 Days
50830,0,15.0,Computer,1,8.0,Debit Card,Male,2.0,3,Grocery,3,Divorced,1,1,13.0,1.0,2.0,10.0,278.61,1-2 Years,Near (<10km),8-15 Days
50831,0,28.0,Mobile Phone,1,8.0,Credit Card,Female,2.0,5,Others,3,Divorced,5,0,14.0,1.0,9.0,11.0,291.87,2+ Years,Near (<10km),8-15 Days
50832,0,29.0,Mobile Phone,2,14.0,Debit Card,Male,2.0,3,Others,4,Single,7,0,15.0,1.0,7.0,7.0,297.17,2+ Years,Medium (10-20km),4-7 Days
50833,0,13.0,Computer,1,22.0,Debit Card,Male,3.0,3,Mobile Phone,3,Married,10,0,16.0,1.0,1.0,0.0,135.44,1-2 Years,Far (>20km),0-3 Days
50834,0,7.0,Mobile Phone,1,15.0,Debit Card,Male,2.0,3,Fashion,2,Married,1,0,11.0,1.0,1.0,6.0,185.0,6-12 Months,Medium (10-20km),4-7 Days
50835,0,13.0,Mobile Phone,1,8.0,Debit Card,Male,3.0,3,Laptop & Accessory,2,Single,2,0,13.0,3.0,8.0,8.0,146.61,1-2 Years,Near (<10km),8-15 Days
50836,0,14.0,Computer,3,6.0,E Wallet,Female,3.0,3,Laptop & Accessory,5,Married,1,0,17.0,0.0,1.0,7.0,141.03,1-2 Years,Near (<10km),4-7 Days
50837,0,8.0,Computer,1,10.0,Debit Card,Male,2.0,3,Laptop & Accessory,3,Single,2,1,11.0,1.0,1.0,1.0,142.49,6-12 Months,Near (<10km),0-3 Days
50838,0,24.0,Mobile Phone,2,11.0,Debit Card,Male,2.0,3,Grocery,4,Married,2,1,11.0,1.0,2.0,10.0,240.26,1-2 Years,Medium (10-20km),8-15 Days
50839,0,11.0,Mobile Phone,3,8.0,Debit Card,Female,2.0,3,Laptop & Accessory,5,Married,4,0,15.0,0.0,1.0,7.0,168.93,6-12 Months,Near (<10km),4-7 Days
50840,0,7.0,Mobile Phone,3,21.0,Credit Card,Female,3.0,3,Laptop & Accessory,5,Single,2,0,12.0,1.0,9.0,6.0,161.25,6-12 Months,Far (>20km),4-7 Days
50841,0,0.0,Mobile Phone,1,25.0,Credit Card,Male,3.0,3,Mobile Phone,2,Divorced,4,0,11.0,1.0,1.0,2.0,136.69,0-6 Months,Far (>20km),0-3 Days
50842,1,20.0,Mobile Phone,1,13.0,Credit Card,Female,2.0,4,Fashion,5,Divorced,8,1,14.0,4.0,5.0,9.0,200.08,1-2 Years,Medium (10-20km),8-15 Days
50843,0,13.0,Mobile Phone,1,14.0,Debit Card,Male,2.0,3,Mobile Phone,4,Divorced,4,0,22.0,1.0,1.0,3.0,123.87,1-2 Years,Medium (10-20km),0-3 Days
50844,0,9.0,Computer,3,13.0,E Wallet,Female,2.0,1,Laptop & Accessory,5,Divorced,3,0,16.0,5.0,6.0,13.0,146.39,6-12 Months,Medium (10-20km),8-15 Days
50845,0,21.0,Mobile Phone,1,10.0,Debit Card,Male,2.0,3,Fashion,2,Single,2,0,11.0,1.0,1.0,8.0,178.98,1-2 Years,Near (<10km),8-15 Days
50846,0,0.0,Mobile Phone,3,14.0,Credit Card,Female,3.0,1,Mobile Phone,2,Divorced,9,0,14.0,1.0,1.0,0.0,125.34,0-6 Months,Medium (10-20km),0-3 Days
50847,0,24.0,Mobile Phone,1,17.0,Cash on Delivery,Female,2.0,4,Grocery,4,Single,4,0,16.0,0.0,1.0,3.0,231.42000000000002,1-2 Years,Medium (10-20km),0-3 Days
50848,0,9.0,Computer,1,6.0,Debit Card,Female,3.0,3,Mobile Phone,2,Single,2,0,15.0,1.0,1.0,0.0,116.11000000000001,6-12 Months,Near (<10km),0-3 Days
50849,0,8.0,Mobile Phone,1,6.0,Credit Card,Female,2.0,4,Laptop & Accessory,2,Divorced,1,0,12.0,1.0,1.0,0.0,153.63,6-12 Months,Near (<10km),0-3 Days
50850,0,0.0,Computer,3,8.0,Debit Card,Male,2.0,5,Laptop & Accessory,2,Single,4,0,20.0,1.0,1.0,0.0,150.71,0-6 Months,Near (<10km),0-3 Days
50851,1,18.0,Mobile Phone,3,19.0,E Wallet,Male,2.0,1,Grocery,3,Single,7,1,17.0,2.0,2.0,8.0,236.95,1-2 Years,Medium (10-20km),8-15 Days
50852,0,29.0,Mobile Phone,1,29.0,Debit Card,Male,3.0,3,Grocery,4,Divorced,5,1,12.0,11.0,2.0,9.0,234.01999999999998,2+ Years,Far (>20km),8-15 Days
50853,0,9.0,Computer,1,32.0,Cash on Delivery,Female,3.0,4,Mobile Phone,3,Married,2,0,20.0,1.0,1.0,0.0,120.28999999999999,6-12 Months,Far (>20km),0-3 Days
50854,0,13.0,Mobile Phone,1,8.0,Credit Card,Female,2.0,1,Laptop & Accessory,3,Married,6,0,20.0,5.0,11.0,8.0,163.77,1-2 Years,Near (<10km),8-15 Days
50855,0,7.0,Mobile Phone,1,35.0,Credit Card,Male,2.0,3,Laptop & Accessory,3,Divorced,5,0,13.0,0.0,7.0,7.0,154.29,6-12 Months,Far (>20km),4-7 Days
50856,1,0.0,Computer,3,8.0,Debit Card,Female,3.0,4,Mobile Phone,2,Single,8,0,14.0,0.0,1.0,0.0,127.85,0-6 Months,Near (<10km),0-3 Days
50857,1,0.0,Computer,3,24.0,E Wallet,Female,3.0,3,Laptop & Accessory,3,Divorced,1,1,18.0,3.0,3.0,2.0,146.14,0-6 Months,Far (>20km),0-3 Days
50858,0,11.0,Computer,1,14.0,Debit Card,Male,2.0,1,Mobile Phone,3,Married,2,0,11.0,0.0,1.0,3.0,126.1,6-12 Months,Medium (10-20km),0-3 Days
50859,0,7.0,Mobile Phone,1,8.0,Cash on Delivery,Female,3.0,3,Laptop & Accessory,2,Single,2,0,11.0,1.0,4.0,11.0,166.87,6-12 Months,Near (<10km),8-15 Days
50860,0,1.0,Mobile Phone,3,32.0,Debit Card,Male,2.0,4,Laptop & Accessory,5,Divorced,2,0,11.0,1.0,1.0,4.0,147.24,0-6 Months,Far (>20km),4-7 Days
50861,1,0.0,Mobile Phone,1,28.0,Credit Card,Male,3.0,3,Laptop & Accessory,3,Divorced,2,1,15.0,3.0,6.0,7.0,161.79,0-6 Months,Far (>20km),4-7 Days
50862,0,12.0,Mobile Phone,3,27.0,Debit Card,Male,2.0,4,Laptop & Accessory,2,Divorced,4,1,12.0,0.0,1.0,4.0,161.2,6-12 Months,Far (>20km),4-7 Days
50863,0,24.0,Computer,3,8.0,E Wallet,Male,2.0,3,Fashion,4,Divorced,3,0,11.0,0.0,3.0,2.0,205.96,1-2 Years,Near (<10km),0-3 Days
50864,0,14.0,Computer,1,28.0,Debit Card,Female,3.0,3,Laptop & Accessory,2,Married,4,1,14.0,0.0,3.0,3.0,154.67,1-2 Years,Far (>20km),0-3 Days
50865,0,10.0,Mobile Phone,1,10.0,Debit Card,Male,3.0,3,Mobile Phone,3,Divorced,8,1,15.0,1.0,1.0,3.0,129.96,6-12 Months,Near (<10km),0-3 Days
50866,0,6.0,Computer,3,11.0,Debit Card,Male,3.0,3,Laptop & Accessory,2,Divorced,7,0,13.0,1.0,1.0,2.0,199.98,0-6 Months,Medium (10-20km),0-3 Days
50867,0,5.0,Mobile Phone,3,8.0,E Wallet,Male,2.0,3,Laptop & Accessory,4,Divorced,1,1,13.0,0.0,1.0,2.0,140.78,0-6 Months,Near (<10km),0-3 Days
50868,0,12.0,Computer,1,31.0,Debit Card,Male,3.0,3,Fashion,3,Divorced,4,0,21.0,0.0,1.0,5.0,209.2,6-12 Months,Far (>20km),4-7 Days
50869,0,0.0,Mobile Phone,3,24.0,Debit Card,Male,3.0,1,Laptop & Accessory,3,Divorced,3,0,11.0,0.0,1.0,2.0,162.32,0-6 Months,Far (>20km),0-3 Days
50870,0,25.0,Computer,1,34.0,Credit Card,Female,2.0,1,Grocery,3,Divorced,3,1,11.0,0.0,2.0,2.0,232.47000000000003,2+ Years,Far (>20km),0-3 Days
50871,0,16.0,Mobile Phone,1,12.0,Credit Card,Female,3.0,4,Laptop & Accessory,3,Single,2,1,14.0,1.0,1.0,8.0,140.81,1-2 Years,Medium (10-20km),8-15 Days
50872,0,0.0,Mobile Phone,3,16.0,E Wallet,Female,3.0,4,Laptop & Accessory,2,Divorced,2,1,11.0,2.0,4.0,4.0,157.69,0-6 Months,Medium (10-20km),4-7 Days
50873,1,0.0,Mobile Phone,1,14.0,Debit Card,Female,2.0,3,Mobile Phone,3,Single,2,1,13.0,3.0,7.0,7.0,123.94,0-6 Months,Medium (10-20km),4-7 Days
50874,0,0.0,Mobile Phone,1,8.0,Credit Card,Male,2.0,4,Mobile Phone,2,Single,1,0,12.0,0.0,1.0,1.0,139.04,0-6 Months,Near (<10km),0-3 Days
50875,0,15.0,Mobile Phone,2,16.0,UPI,Female,2.0,3,Grocery,5,Divorced,1,0,14.0,1.0,1.0,9.0,267.99,1-2 Years,Medium (10-20km),8-15 Days
50876,0,25.0,Mobile Phone,1,14.0,UPI,Female,3.0,3,Mobile Phone,5,Divorced,10,0,13.0,1.0,1.0,4.0,129.5,2+ Years,Medium (10-20km),4-7 Days
50877,0,10.0,Mobile Phone,1,17.0,Credit Card,Female,3.0,3,Mobile Phone,3,Single,5,0,18.0,0.0,1.0,2.0,136.29,6-12 Months,Medium (10-20km),0-3 Days
50878,0,8.0,Computer,1,24.0,Debit Card,Male,2.0,3,Fashion,2,Single,3,0,11.0,0.0,2.0,2.0,193.62,6-12 Months,Far (>20km),0-3 Days
50879,0,0.0,Mobile Phone,1,6.0,Cash on Delivery,Male,2.0,3,Mobile Phone,2,Divorced,5,0,11.0,1.0,1.0,2.0,132.29,0-6 Months,Near (<10km),0-3 Days
50880,0,0.0,Mobile Phone,1,13.0,UPI,Male,3.0,1,Mobile Phone,5,Single,1,0,12.0,1.0,1.0,7.0,135.78,0-6 Months,Medium (10-20km),4-7 Days
50881,0,2.0,Mobile Phone,2,23.0,UPI,Male,2.0,4,Fashion,5,Single,2,0,13.0,0.0,1.0,9.0,179.88,0-6 Months,Far (>20km),8-15 Days
50882,1,0.0,Computer,1,34.0,Debit Card,Male,3.0,4,Laptop & Accessory,5,Single,4,0,20.0,0.0,1.0,3.0,142.84,0-6 Months,Far (>20km),0-3 Days
50883,1,0.0,Computer,1,20.0,UPI,Female,2.0,3,Fashion,2,Single,1,1,12.0,2.0,7.0,7.0,175.53,0-6 Months,Medium (10-20km),4-7 Days
50884,0,27.0,Mobile Phone,1,6.0,Credit Card,Female,2.0,3,Grocery,2,Single,7,0,19.0,1.0,12.0,7.0,273.28,2+ Years,Near (<10km),4-7 Days
50885,0,30.0,Mobile Phone,1,6.0,Credit Card,Female,3.0,3,Others,5,Divorced,4,1,15.0,1.0,1.0,5.0,297.01,2+ Years,Near (<10km),4-7 Days
50886,0,28.0,Mobile Phone,1,6.0,Credit Card,Male,2.0,1,Grocery,2,Married,3,0,13.0,1.0,2.0,0.0,247.32,2+ Years,Near (<10km),0-3 Days
50887,0,9.0,Mobile Phone,3,9.0,E Wallet,Female,2.0,3,Laptop & Accessory,4,Single,4,1,16.0,0.0,1.0,1.0,192.78,6-12 Months,Near (<10km),0-3 Days
50888,1,9.0,Computer,3,6.0,Debit Card,Female,2.0,5,Mobile Phone,3,Single,2,0,12.0,1.0,1.0,0.0,113.59,6-12 Months,Near (<10km),0-3 Days
50889,0,3.0,Mobile Phone,3,13.0,E Wallet,Female,3.0,3,Laptop & Accessory,5,Married,8,0,14.0,1.0,1.0,2.0,147.79,0-6 Months,Medium (10-20km),0-3 Days
50890,0,4.0,Mobile Phone,1,14.0,Debit Card,Female,3.0,3,Grocery,4,Single,4,0,11.0,1.0,1.0,0.0,264.22,0-6 Months,Medium (10-20km),0-3 Days
50891,0,7.0,Computer,1,6.0,UPI,Male,3.0,3,Mobile Phone,5,Married,6,0,14.0,1.0,1.0,3.0,129.96,6-12 Months,Near (<10km),0-3 Days
50892,1,9.0,Mobile Phone,1,14.0,Debit Card,Female,2.0,4,Mobile Phone,4,Single,2,0,12.0,0.0,1.0,0.0,112.61000000000001,6-12 Months,Medium (10-20km),0-3 Days
50893,0,9.0,Mobile Phone,1,17.0,Debit Card,Male,3.0,3,Mobile Phone,5,Divorced,1,0,14.0,1.0,1.0,4.0,120.99000000000001,6-12 Months,Medium (10-20km),4-7 Days
50894,0,9.0,Mobile Phone,1,10.0,Debit Card,Male,2.0,4,Laptop & Accessory,2,Single,2,0,16.0,1.0,1.0,8.0,158.1,6-12 Months,Near (<10km),8-15 Days
50895,0,9.0,Mobile Phone,3,22.0,E Wallet,Female,3.0,4,Laptop & Accessory,5,Divorced,5,0,13.0,1.0,1.0,2.0,156.47,6-12 Months,Far (>20km),0-3 Days
50896,0,20.0,Mobile Phone,1,6.0,Cash on Delivery,Male,3.0,3,Mobile Phone,2,Divorced,8,0,12.0,1.0,1.0,2.0,134.2,1-2 Years,Near (<10km),0-3 Days
50897,1,0.0,Mobile Phone,3,15.0,Debit Card,Male,3.0,4,Mobile Phone,5,Divorced,4,0,12.0,1.0,2.0,2.0,144.0,0-6 Months,Medium (10-20km),0-3 Days
50898,0,10.0,Computer,1,11.0,Cash on Delivery,Male,2.0,1,Mobile Phone,3,Single,1,0,14.0,1.0,1.0,3.0,135.0,6-12 Months,Medium (10-20km),0-3 Days
50899,0,9.0,Mobile Phone,1,6.0,Debit Card,Female,2.0,3,Mobile Phone,5,Divorced,3,0,22.0,1.0,1.0,0.0,120.66,6-12 Months,Near (<10km),0-3 Days
50900,0,20.0,Mobile Phone,1,8.0,Credit Card,Female,2.0,3,Grocery,3,Divorced,4,0,19.0,1.0,5.0,6.0,271.69,1-2 Years,Near (<10km),4-7 Days
50901,0,0.0,Mobile Phone,3,10.0,Credit Card,Female,2.0,3,Laptop & Accessory,3,Divorced,2,1,12.0,1.0,1.0,3.0,141.62,0-6 Months,Near (<10km),0-3 Days
50902,0,5.0,Mobile Phone,3,13.0,E Wallet,Male,3.0,3,Laptop & Accessory,2,Divorced,5,0,12.0,1.0,1.0,3.0,192.04,0-6 Months,Medium (10-20km),0-3 Days
50903,0,7.0,Mobile Phone,1,6.0,Debit Card,Female,2.0,4,Mobile Phone,4,Divorced,6,0,17.0,1.0,1.0,2.0,132.94,6-12 Months,Near (<10km),0-3 Days
50904,0,9.0,Mobile Phone,1,11.0,Credit Card,Male,2.0,1,Mobile Phone,3,Divorced,3,1,12.0,1.0,1.0,3.0,121.27000000000001,6-12 Months,Medium (10-20km),0-3 Days
50905,0,13.0,Computer,1,15.0,UPI,Male,2.0,3,Laptop & Accessory,3,Married,4,0,11.0,1.0,1.0,7.0,139.75,1-2 Years,Medium (10-20km),4-7 Days
50906,0,4.0,Mobile Phone,3,14.0,Debit Card,Male,2.0,3,Fashion,2,Married,2,0,18.0,2.0,9.0,9.0,207.93,0-6 Months,Medium (10-20km),8-15 Days
50907,1,9.0,Mobile Phone,3,15.0,E Wallet,Male,2.0,3,Fashion,1,Married,5,0,11.0,0.0,4.0,3.0,200.96,6-12 Months,Medium (10-20km),0-3 Days
50908,1,2.0,Computer,1,8.0,Debit Card,Female,2.0,4,Mobile Phone,5,Single,3,1,23.0,0.0,1.0,0.0,136.46,0-6 Months,Near (<10km),0-3 Days
50909,1,0.0,Computer,1,6.0,Debit Card,Female,3.0,1,Fashion,4,Single,2,0,11.0,3.0,4.0,7.0,174.46,0-6 Months,Near (<10km),4-7 Days
50910,0,18.0,Mobile Phone,1,26.0,Credit Card,Male,3.0,5,Fashion,5,Married,3,1,18.0,0.0,1.0,7.0,208.51,1-2 Years,Far (>20km),4-7 Days
50911,0,9.0,Mobile Phone,2,14.0,Credit Card,Female,3.0,1,Mobile Phone,4,Single,10,0,18.0,0.0,1.0,2.0,121.09,6-12 Months,Medium (10-20km),0-3 Days
50912,1,0.0,Computer,1,8.0,Debit Card,Male,3.0,3,Mobile Phone,1,Divorced,7,1,13.0,2.0,2.0,2.0,137.22,0-6 Months,Near (<10km),0-3 Days
50913,0,18.0,Mobile Phone,1,35.0,Cash on Delivery,Male,2.0,3,Fashion,1,Divorced,5,1,18.0,1.0,1.0,2.0,193.8,1-2 Years,Far (>20km),0-3 Days
50914,0,21.0,Mobile Phone,3,13.0,E Wallet,Male,3.0,3,Laptop & Accessory,5,Married,5,0,11.0,1.0,2.0,2.0,154.86,1-2 Years,Medium (10-20km),0-3 Days
50915,1,0.0,Mobile Phone,2,15.0,Cash on Delivery,Female,3.0,3,Mobile Phone,3,Divorced,2,0,15.0,1.0,2.0,2.0,127.41999999999999,0-6 Months,Medium (10-20km),0-3 Days
50916,0,13.0,Computer,1,14.0,Credit Card,Male,2.0,4,Fashion,4,Married,3,0,11.0,1.0,2.0,8.0,237.57,1-2 Years,Medium (10-20km),8-15 Days
50917,0,1.0,Mobile Phone,3,11.0,Credit Card,Male,2.0,3,Laptop & Accessory,5,Single,1,0,18.0,1.0,1.0,3.0,184.63,0-6 Months,Medium (10-20km),0-3 Days
50918,0,17.0,Computer,1,11.0,Debit Card,Male,3.0,4,Mobile Phone,3,Single,4,0,14.0,0.0,1.0,3.0,131.62,1-2 Years,Medium (10-20km),0-3 Days
50919,0,26.0,Mobile Phone,1,8.0,Credit Card,Male,2.0,1,Grocery,4,Single,5,0,12.0,1.0,8.0,8.0,265.98,2+ Years,Near (<10km),8-15 Days
50920,0,22.0,Mobile Phone,1,11.0,Cash on Delivery,Male,3.0,3,Laptop & Accessory,3,Divorced,3,0,14.0,0.0,1.0,2.0,166.51,1-2 Years,Medium (10-20km),0-3 Days
50921,0,13.0,Mobile Phone,1,14.0,Credit Card,Male,3.0,3,Mobile Phone,3,Married,3,0,14.0,0.0,1.0,2.0,123.44999999999999,1-2 Years,Medium (10-20km),0-3 Days
50922,0,17.0,Mobile Phone,1,26.0,Debit Card,Male,2.0,3,Mobile Phone,4,Single,2,0,13.0,1.0,1.0,3.0,134.2,1-2 Years,Far (>20km),0-3 Days
50923,0,6.0,Computer,3,13.0,Credit Card,Male,2.0,3,Laptop & Accessory,5,Divorced,1,0,14.0,0.0,1.0,3.0,143.73,0-6 Months,Medium (10-20km),0-3 Days
50924,0,7.0,Mobile Phone,3,9.0,UPI,Male,2.0,5,Laptop & Accessory,5,Single,4,0,18.0,2.0,3.0,12.0,147.59,6-12 Months,Near (<10km),8-15 Days
50925,0,3.0,Mobile Phone,3,22.0,Debit Card,Male,3.0,3,Laptop & Accessory,3,Divorced,9,0,15.0,0.0,2.0,2.0,153.01,0-6 Months,Far (>20km),0-3 Days
50926,0,15.0,Computer,1,15.0,Credit Card,Female,3.0,3,Mobile Phone,1,Single,2,0,13.0,4.0,5.0,8.0,136.73,1-2 Years,Medium (10-20km),8-15 Days
50927,0,17.0,Computer,3,6.0,E Wallet,Female,3.0,3,Laptop & Accessory,3,Divorced,8,0,12.0,1.0,1.0,0.0,147.68,1-2 Years,Near (<10km),0-3 Days
50928,0,9.0,Computer,1,13.0,Cash on Delivery,Male,3.0,3,Mobile Phone,3,Married,2,0,13.0,0.0,1.0,0.0,112.74000000000001,6-12 Months,Medium (10-20km),0-3 Days
50929,0,50.0,Mobile Phone,1,6.0,Debit Card,Male,3.0,1,Laptop & Accessory,3,Divorced,1,0,24.0,1.0,2.0,8.0,149.0,2+ Years,Near (<10km),8-15 Days
50930,0,22.0,Mobile Phone,1,13.0,Debit Card,Male,2.0,3,Fashion,4,Married,4,0,14.0,0.0,1.0,7.0,204.66,1-2 Years,Medium (10-20km),4-7 Days
50931,0,7.0,Computer,1,21.0,Credit Card,Male,3.0,3,Grocery,5,Married,8,0,14.0,1.0,6.0,9.0,270.07,6-12 Months,Far (>20km),8-15 Days
50932,1,0.0,Computer,3,6.0,Cash on Delivery,Male,3.0,3,Mobile Phone,3,Divorced,4,0,15.0,1.0,1.0,2.0,129.09,0-6 Months,Near (<10km),0-3 Days
50933,1,0.0,Computer,3,19.0,Cash on Delivery,Female,2.0,3,Laptop & Accessory,4,Single,6,0,11.0,0.0,1.0,0.0,157.65,0-6 Months,Medium (10-20km),0-3 Days
50934,1,0.0,Mobile Phone,3,30.0,Credit Card,Female,2.0,4,Laptop & Accessory,4,Single,1,1,23.0,2.0,10.0,10.0,145.99,0-6 Months,Far (>20km),8-15 Days
50935,0,8.0,Mobile Phone,3,14.0,Debit Card,Male,3.0,3,Mobile Phone,3,Divorced,2,0,13.0,1.0,1.0,0.0,124.03999999999999,6-12 Months,Medium (10-20km),0-3 Days
50936,1,0.0,Computer,1,15.0,Credit Card,Male,2.0,3,Mobile Phone,5,Single,3,1,11.0,0.0,1.0,0.0,131.72,0-6 Months,Medium (10-20km),0-3 Days
50937,0,9.0,Computer,3,19.0,Debit Card,Female,3.0,3,Mobile Phone,4,Divorced,2,0,13.0,0.0,1.0,0.0,120.33000000000001,6-12 Months,Medium (10-20km),0-3 Days
50938,0,17.0,Computer,1,8.0,Credit Card,Male,2.0,3,Fashion,3,Single,6,1,18.0,0.0,2.0,2.0,202.09,1-2 Years,Near (<10km),0-3 Days
50939,0,2.0,Mobile Phone,3,25.0,Debit Card,Male,3.0,4,Laptop & Accessory,3,Married,2,0,14.0,1.0,1.0,4.0,186.2,0-6 Months,Far (>20km),4-7 Days
50940,0,9.0,Mobile Phone,2,6.0,Debit Card,Male,2.0,3,Mobile Phone,3,Married,1,0,21.0,0.0,1.0,3.0,120.63999999999999,6-12 Months,Near (<10km),0-3 Days
50941,0,28.0,Mobile Phone,1,10.0,Debit Card,Male,1.0,3,Laptop & Accessory,3,Divorced,1,1,16.0,0.0,1.0,2.0,140.35,2+ Years,Near (<10km),0-3 Days
50942,0,6.0,Mobile Phone,1,10.0,Credit Card,Female,2.0,4,Mobile Phone,4,Divorced,9,0,11.0,0.0,1.0,2.0,138.38,0-6 Months,Near (<10km),0-3 Days
50943,0,20.0,Mobile Phone,3,20.0,Credit Card,Female,3.0,3,Laptop & Accessory,3,Divorced,4,1,17.0,1.0,1.0,2.0,145.91,1-2 Years,Medium (10-20km),0-3 Days
50944,1,0.0,Computer,1,14.0,Credit Card,Male,2.0,4,Mobile Phone,5,Single,8,0,11.0,0.0,1.0,0.0,125.61000000000001,0-6 Months,Medium (10-20km),0-3 Days
50945,0,9.0,Mobile Phone,1,6.0,Debit Card,Male,3.0,4,Mobile Phone,3,Married,2,0,14.0,0.0,1.0,0.0,115.63,6-12 Months,Near (<10km),0-3 Days
50946,0,1.0,Computer,3,13.0,Debit Card,Male,2.0,3,Laptop & Accessory,5,Single,1,0,14.0,1.0,1.0,3.0,148.98,0-6 Months,Medium (10-20km),0-3 Days
50947,0,22.0,Mobile Phone,1,9.0,Credit Card,Female,2.0,4,Laptop & Accessory,5,Divorced,5,0,25.0,1.0,1.0,2.0,147.89,1-2 Years,Near (<10km),0-3 Days
50948,0,2.0,Computer,1,8.0,Debit Card,Female,3.0,3,Mobile Phone,4,Divorced,1,0,13.0,0.0,1.0,2.0,131.8,0-6 Months,Near (<10km),0-3 Days
50949,0,1.0,Mobile Phone,1,35.0,Debit Card,Male,3.0,5,Laptop & Accessory,4,Divorced,2,0,14.0,1.0,1.0,7.0,165.49,0-6 Months,Far (>20km),4-7 Days
50950,0,6.0,Mobile Phone,1,14.0,Debit Card,Male,3.0,3,Laptop & Accessory,3,Single,3,1,17.0,0.0,1.0,0.0,163.88,0-6 Months,Medium (10-20km),0-3 Days
50951,0,5.0,Mobile Phone,1,16.0,Credit Card,Male,0.0,3,Fashion,1,Single,3,0,25.0,0.0,1.0,3.0,212.44,0-6 Months,Medium (10-20km),0-3 Days
50952,0,27.0,Computer,1,17.0,Credit Card,Female,2.0,3,Grocery,1,Married,4,0,20.0,1.0,2.0,12.0,260.32,2+ Years,Medium (10-20km),8-15 Days
50953,1,0.0,Mobile Phone,1,14.0,Cash on Delivery,Male,3.0,4,Mobile Phone,5,Single,7,0,13.0,0.0,1.0,7.0,123.62,0-6 Months,Medium (10-20km),4-7 Days
50954,0,17.0,Mobile Phone,1,34.0,Debit Card,Male,2.0,3,Grocery,5,Divorced,4,0,13.0,1.0,14.0,17.0,263.28,1-2 Years,Far (>20km),15+ Days
50955,0,12.0,Mobile Phone,1,12.0,Debit Card,Female,2.0,3,Fashion,4,Single,5,0,18.0,0.0,2.0,2.0,183.76,6-12 Months,Medium (10-20km),0-3 Days
50956,0,19.0,Mobile Phone,3,9.0,Debit Card,Female,2.0,3,Grocery,4,Divorced,9,0,12.0,1.0,5.0,1.0,266.06,1-2 Years,Near (<10km),0-3 Days
50957,0,8.0,Mobile Phone,1,22.0,Debit Card,Female,3.0,4,Fashion,4,Single,2,0,19.0,1.0,3.0,3.0,186.06,6-12 Months,Far (>20km),0-3 Days
50958,0,9.0,Mobile Phone,1,26.0,Debit Card,Male,3.0,3,Laptop & Accessory,3,Single,1,0,14.0,1.0,1.0,2.0,122.72,6-12 Months,Far (>20km),0-3 Days
50959,1,9.0,Mobile Phone,1,15.0,Debit Card,Male,2.0,3,Mobile Phone,5,Single,4,0,14.0,1.0,1.0,0.0,120.18,6-12 Months,Medium (10-20km),0-3 Days
50960,0,7.0,Mobile Phone,3,6.0,Cash on Delivery,Male,3.0,4,Fashion,3,Divorced,2,1,14.0,7.0,8.0,6.0,170.83,6-12 Months,Near (<10km),4-7 Days
50961,1,0.0,Computer,1,9.0,Debit Card,Female,2.0,3,Mobile Phone,3,Single,2,0,12.0,6.0,7.0,7.0,140.84,0-6 Months,Near (<10km),4-7 Days
50962,0,23.0,Computer,1,28.0,Credit Card,Male,2.0,5,Grocery,1,Single,2,1,13.0,13.0,2.0,9.0,244.11,1-2 Years,Far (>20km),8-15 Days
50963,0,9.0,Mobile Phone,3,13.0,Cash on Delivery,Male,2.0,3,Mobile Phone,3,Married,1,1,25.0,0.0,5.0,7.0,123.08000000000001,6-12 Months,Medium (10-20km),4-7 Days
50964,0,15.0,Mobile Phone,1,8.0,Credit Card,Male,3.0,4,Mobile Phone,4,Married,5,0,14.0,1.0,1.0,0.0,148.41,1-2 Years,Near (<10km),0-3 Days
50965,0,10.0,Mobile Phone,1,19.0,Credit Card,Male,2.0,3,Laptop & Accessory,1,Married,2,0,17.0,0.0,3.0,7.0,142.85,6-12 Months,Medium (10-20km),4-7 Days
50966,0,2.0,Mobile Phone,1,14.0,UPI,Female,2.0,5,Laptop & Accessory,5,Married,4,0,13.0,0.0,1.0,7.0,197.15,0-6 Months,Medium (10-20km),4-7 Days
50967,0,6.0,Mobile Phone,1,31.0,Debit Card,Male,2.0,4,Laptop & Accessory,4,Single,2,0,13.0,0.0,1.0,2.0,143.2,0-6 Months,Far (>20km),0-3 Days
50968,0,9.0,Mobile Phone,1,34.0,Cash on Delivery,Male,3.0,3,Mobile Phone,1,Married,5,0,20.0,1.0,1.0,3.0,121.32,6-12 Months,Far (>20km),0-3 Days
50969,0,15.0,Computer,1,8.0,Debit Card,Male,2.0,3,Fashion,1,Married,3,1,14.0,12.0,13.0,9.0,201.24,1-2 Years,Near (<10km),8-15 Days
50970,0,13.0,Mobile Phone,3,15.0,Credit Card,Male,2.0,3,Laptop & Accessory,5,Married,1,0,12.0,2.0,7.0,1.0,154.73,1-2 Years,Medium (10-20km),0-3 Days
50971,0,6.0,Mobile Phone,1,34.0,Debit Card,Male,3.0,3,Laptop & Accessory,3,Married,2,1,12.0,1.0,5.0,7.0,152.07,0-6 Months,Far (>20km),4-7 Days
50972,0,13.0,Mobile Phone,2,12.0,Credit Card,Male,2.0,3,Grocery,1,Single,2,1,21.0,1.0,7.0,7.0,264.37,1-2 Years,Medium (10-20km),4-7 Days
50973,0,9.0,Mobile Phone,1,27.0,Cash on Delivery,Male,2.0,4,Mobile Phone,5,Married,1,0,14.0,0.0,1.0,0.0,122.96000000000001,6-12 Months,Far (>20km),0-3 Days
50974,0,13.0,Computer,1,14.0,Debit Card,Male,3.0,3,Laptop & Accessory,1,Married,4,1,18.0,2.0,2.0,2.0,140.69,1-2 Years,Medium (10-20km),0-3 Days
50975,0,18.0,Mobile Phone,1,6.0,Cash on Delivery,Male,3.0,3,Fashion,4,Married,2,0,12.0,6.0,7.0,7.0,174.41,1-2 Years,Near (<10km),4-7 Days
50976,0,8.0,Mobile Phone,3,14.0,Debit Card,Female,3.0,4,Mobile Phone,3,Married,1,0,23.0,2.0,4.0,2.0,124.30000000000001,6-12 Months,Medium (10-20km),0-3 Days
50977,0,5.0,Mobile Phone,1,11.0,Debit Card,Female,3.0,4,Laptop & Accessory,4,Married,4,0,12.0,1.0,2.0,5.0,158.78,0-6 Months,Medium (10-20km),4-7 Days
50978,0,9.0,Mobile Phone,3,14.0,Debit Card,Male,3.0,3,Mobile Phone,1,Single,4,1,21.0,0.0,1.0,2.0,126.44,6-12 Months,Medium (10-20km),0-3 Days
50979,0,21.0,Mobile Phone,3,22.0,Debit Card,Female,3.0,3,Laptop & Accessory,3,Married,9,0,14.0,1.0,7.0,7.0,164.39,1-2 Years,Far (>20km),4-7 Days
50980,0,2.0,Mobile Phone,1,14.0,Debit Card,Male,3.0,1,Mobile Phone,3,Married,7,0,18.0,1.0,1.0,0.0,124.50999999999999,0-6 Months,Medium (10-20km),0-3 Days
50981,0,6.0,Mobile Phone,3,14.0,Debit Card,Male,2.0,3,Laptop & Accessory,5,Married,3,0,13.0,2.0,2.0,2.0,163.92,0-6 Months,Medium (10-20km),0-3 Days
50982,1,0.0,Mobile Phone,3,6.0,Debit Card,Male,3.0,4,Laptop & Accessory,5,Married,2,0,11.0,3.0,6.0,7.0,197.14,0-6 Months,Near (<10km),4-7 Days
50983,0,11.0,Computer,2,16.0,UPI,Male,3.0,3,Laptop & Accessory,3,Married,4,0,11.0,0.0,1.0,2.0,160.77,6-12 Months,Medium (10-20km),0-3 Days
50984,0,8.0,Mobile Phone,1,14.0,Credit Card,Male,3.0,4,Mobile Phone,5,Single,2,0,19.0,0.0,1.0,2.0,124.5,6-12 Months,Medium (10-20km),0-3 Days
50985,0,3.0,Mobile Phone,3,35.0,Cash on Delivery,Male,2.0,3,Fashion,4,Married,4,0,12.0,0.0,1.0,3.0,192.5,0-6 Months,Far (>20km),0-3 Days
50986,1,9.0,Mobile Phone,1,8.0,Debit Card,Female,3.0,3,Mobile Phone,5,Married,2,1,12.0,1.0,1.0,0.0,120.74000000000001,6-12 Months,Near (<10km),0-3 Days
50987,1,16.0,Mobile Phone,1,8.0,Cash on Delivery,Female,3.0,4,Fashion,1,Married,1,0,16.0,1.0,1.0,9.0,201.69,1-2 Years,Near (<10km),8-15 Days
50988,1,1.0,Mobile Phone,1,8.0,Credit Card,Male,2.0,3,Laptop & Accessory,4,Married,5,0,11.0,0.0,1.0,4.0,148.55,0-6 Months,Near (<10km),4-7 Days
50989,0,5.0,Computer,1,6.0,Cash on Delivery,Male,3.0,3,Laptop & Accessory,5,Married,5,0,14.0,1.0,1.0,2.0,140.87,0-6 Months,Near (<10km),0-3 Days
50990,0,21.0,Mobile Phone,1,14.0,UPI,Female,3.0,3,Mobile Phone,5,Married,9,0,12.0,7.0,7.0,6.0,123.66999999999999,1-2 Years,Medium (10-20km),4-7 Days
50991,0,7.0,Mobile Phone,1,13.0,Credit Card,Male,3.0,3,Mobile Phone,1,Single,2,0,13.0,0.0,1.0,0.0,129.72,6-12 Months,Medium (10-20km),0-3 Days
50992,0,28.0,Mobile Phone,3,32.0,E Wallet,Male,2.0,4,Others,1,Married,2,0,15.0,2.0,2.0,13.0,295.86,2+ Years,Far (>20km),8-15 Days
50993,0,7.0,Mobile Phone,1,6.0,Debit Card,Male,2.0,3,Laptop & Accessory,1,Married,10,0,17.0,1.0,2.0,1.0,154.84,6-12 Months,Near (<10km),0-3 Days
50994,0,9.0,Mobile Phone,1,9.0,Debit Card,Female,2.0,3,Mobile Phone,1,Married,2,0,21.0,1.0,1.0,0.0,120.61000000000001,6-12 Months,Near (<10km),0-3 Days
50995,0,11.0,Mobile Phone,3,20.0,Debit Card,Male,3.0,3,Laptop & Accessory,4,Married,1,0,11.0,5.0,7.0,7.0,199.24,6-12 Months,Medium (10-20km),4-7 Days
50996,0,11.0,Mobile Phone,3,22.0,Debit Card,Female,2.0,3,Laptop & Accessory,4,Single,3,0,12.0,0.0,1.0,2.0,141.98,6-12 Months,Far (>20km),0-3 Days
50997,0,9.0,Mobile Phone,3,6.0,Debit Card,Female,3.0,3,Laptop & Accessory,3,Single,7,0,13.0,1.0,1.0,0.0,168.15,6-12 Months,Near (<10km),0-3 Days
50998,0,2.0,Mobile Phone,1,9.0,Credit Card,Male,2.0,3,Mobile Phone,5,Single,2,1,18.0,0.0,1.0,5.0,147.23,0-6 Months,Near (<10km),4-7 Days
50999,0,8.0,Mobile Phone,1,16.0,Credit Card,Female,2.0,3,Laptop & Accessory,3,Single,4,1,16.0,1.0,1.0,4.0,161.42,6-12 Months,Medium (10-20km),4-7 Days
51000,0,12.0,Mobile Phone,3,12.0,Credit Card,Male,2.0,1,Fashion,3,Married,3,0,11.0,4.0,7.0,6.0,182.37,6-12 Months,Medium (10-20km),4-7 Days
51001,0,2.0,Computer,1,8.0,Debit Card,Male,2.0,3,Laptop & Accessory,1,Married,2,0,19.0,0.0,1.0,3.0,188.53,0-6 Months,Near (<10km),0-3 Days
51002,0,23.0,Mobile Phone,3,5.0,E Wallet,Male,2.0,3,Others,3,Married,5,1,15.0,0.0,1.0,0.0,293.31,1-2 Years,Near (<10km),0-3 Days
51003,0,9.0,Mobile Phone,1,16.0,Cash on Delivery,Male,2.0,1,Mobile Phone,3,Married,3,0,16.0,2.0,2.0,2.0,120.72999999999999,6-12 Months,Medium (10-20km),0-3 Days
51004,0,9.0,Computer,1,12.0,Debit Card,Male,3.0,1,Laptop & Accessory,5,Married,4,1,13.0,1.0,1.0,2.0,155.62,6-12 Months,Medium (10-20km),0-3 Days
51005,0,15.0,Mobile Phone,1,15.0,UPI,Male,3.0,4,Others,1,Single,9,0,15.0,1.0,1.0,1.0,296.13,1-2 Years,Medium (10-20km),0-3 Days
51006,0,8.0,Mobile Phone,1,34.0,Debit Card,Male,2.0,1,Laptop & Accessory,3,Married,2,0,17.0,5.0,6.0,8.0,134.07,6-12 Months,Far (>20km),8-15 Days
51007,0,7.0,Computer,1,16.0,Cash on Delivery,Male,3.0,4,Laptop & Accessory,3,Married,2,0,14.0,2.0,7.0,7.0,150.63,6-12 Months,Medium (10-20km),4-7 Days
51008,0,13.0,Mobile Phone,3,20.0,Debit Card,Female,2.0,3,Laptop & Accessory,5,Married,2,0,15.0,0.0,1.0,2.0,146.39,1-2 Years,Medium (10-20km),0-3 Days
51009,0,16.0,Mobile Phone,1,33.0,Cash on Delivery,Male,2.0,1,Mobile Phone,4,Married,6,0,12.0,1.0,1.0,2.0,148.76,1-2 Years,Far (>20km),0-3 Days
51010,0,8.0,Mobile Phone,1,13.0,Debit Card,Male,3.0,4,Mobile Phone,1,Married,2,0,18.0,1.0,1.0,1.0,126.9,6-12 Months,Medium (10-20km),0-3 Days
51011,0,19.0,Mobile Phone,3,6.0,Debit Card,Male,2.0,1,Grocery,5,Single,2,0,15.0,1.0,1.0,12.0,275.67,1-2 Years,Near (<10km),8-15 Days
51012,1,0.0,Mobile Phone,1,14.0,Credit Card,Male,2.0,3,Mobile Phone,4,Married,2,1,17.0,0.0,1.0,0.0,124.08000000000001,0-6 Months,Medium (10-20km),0-3 Days
51013,0,0.0,Computer,1,32.0,UPI,Female,3.0,4,Mobile Phone,3,Married,2,1,14.0,0.0,1.0,3.0,128.14,0-6 Months,Far (>20km),0-3 Days
51014,0,23.0,Computer,1,26.0,Credit Card,Male,2.0,3,Grocery,3,Married,3,1,15.0,3.0,12.0,3.0,212.45,1-2 Years,Far (>20km),0-3 Days
51015,0,5.0,Mobile Phone,1,11.0,UPI,Female,2.0,1,Mobile Phone,1,Married,4,0,17.0,1.0,1.0,2.0,133.12,0-6 Months,Medium (10-20km),0-3 Days
51016,0,17.0,Mobile Phone,1,13.0,Credit Card,Female,2.0,3,Others,1,Married,1,1,14.0,1.0,1.0,10.0,290.49,1-2 Years,Medium (10-20km),8-15 Days
51017,0,9.0,Mobile Phone,1,13.0,Credit Card,Male,2.0,4,Mobile Phone,4,Married,2,0,12.0,0.0,1.0,1.0,121.41,6-12 Months,Medium (10-20km),0-3 Days
51018,0,18.0,Mobile Phone,1,11.0,Credit Card,Female,2.0,5,Laptop & Accessory,5,Single,2,1,14.0,1.0,1.0,4.0,157.69,1-2 Years,Medium (10-20km),4-7 Days
51019,0,18.0,Computer,3,32.0,E Wallet,Male,2.0,4,Laptop & Accessory,5,Married,2,0,15.0,0.0,4.0,5.0,143.85,1-2 Years,Far (>20km),4-7 Days
51020,0,4.0,Computer,3,8.0,UPI,Male,2.0,3,Laptop & Accessory,5,Single,8,0,13.0,0.0,1.0,3.0,153.32,0-6 Months,Near (<10km),0-3 Days
51021,0,9.0,Mobile Phone,1,18.0,Debit Card,Female,3.0,3,Laptop & Accessory,3,Married,10,1,12.0,0.0,1.0,1.0,146.63,6-12 Months,Medium (10-20km),0-3 Days
51022,0,7.0,Computer,1,16.0,Debit Card,Male,2.0,1,Laptop & Accessory,1,Married,2,0,13.0,5.0,7.0,2.0,147.24,6-12 Months,Medium (10-20km),0-3 Days
51023,0,22.0,Mobile Phone,1,31.0,Debit Card,Female,2.0,3,Mobile Phone,5,Married,2,0,14.0,0.0,1.0,4.0,132.11,1-2 Years,Far (>20km),4-7 Days
51024,0,12.0,Mobile Phone,1,16.0,Credit Card,Male,3.0,3,Laptop & Accessory,5,Married,3,0,13.0,4.0,7.0,7.0,153.77,6-12 Months,Medium (10-20km),4-7 Days
51025,0,0.0,Mobile Phone,1,25.0,UPI,Male,3.0,4,Mobile Phone,5,Married,2,0,11.0,0.0,1.0,7.0,140.66,0-6 Months,Far (>20km),4-7 Days
51026,0,8.0,Mobile Phone,1,24.0,Debit Card,Male,2.0,1,Laptop & Accessory,5,Married,2,0,11.0,0.0,1.0,10.0,152.08,6-12 Months,Far (>20km),8-15 Days
51027,0,1.0,Mobile Phone,1,33.0,Credit Card,Female,2.0,5,Laptop & Accessory,5,Married,1,0,21.0,1.0,1.0,0.0,0.0,0-6 Months,Far (>20km),0-3 Days
51028,0,0.0,Mobile Phone,1,11.0,Credit Card,Male,3.0,3,Mobile Phone,1,Single,2,0,18.0,1.0,2.0,2.0,131.17,0-6 Months,Medium (10-20km),0-3 Days
51029,1,9.0,Computer,3,9.0,Credit Card,Female,3.0,3,Mobile Phone,1,Single,2,1,12.0,0.0,1.0,0.0,115.69,6-12 Months,Near (<10km),0-3 Days
51030,0,20.0,Mobile Phone,2,32.0,Debit Card,Female,3.0,3,Others,3,Married,4,0,15.0,1.0,1.0,0.0,296.58,1-2 Years,Far (>20km),0-3 Days
51031,0,12.0,Mobile Phone,1,9.0,Credit Card,Male,3.0,4,Laptop & Accessory,3,Married,1,0,15.0,0.0,1.0,7.0,130.69,6-12 Months,Near (<10km),4-7 Days
51032,0,13.0,Mobile Phone,1,21.0,Debit Card,Female,3.0,4,Fashion,3,Married,2,0,13.0,1.0,14.0,12.0,204.35,1-2 Years,Far (>20km),8-15 Days
51033,0,8.0,Computer,1,14.0,Debit Card,Female,2.0,3,Laptop & Accessory,3,Married,2,0,12.0,2.0,2.0,9.0,141.48,6-12 Months,Medium (10-20km),8-15 Days
51034,0,10.0,Mobile Phone,1,25.0,Debit Card,Male,2.0,3,Laptop & Accessory,3,Married,4,0,17.0,0.0,1.0,2.0,157.68,6-12 Months,Far (>20km),0-3 Days
51035,0,12.0,Computer,1,10.0,Credit Card,Female,2.0,3,Laptop & Accessory,3,Single,1,0,13.0,3.0,3.0,8.0,150.42,6-12 Months,Near (<10km),8-15 Days
51036,0,18.0,Mobile Phone,1,8.0,UPI,Female,2.0,4,Laptop & Accessory,1,Married,2,0,19.0,2.0,3.0,9.0,157.7,1-2 Years,Near (<10km),8-15 Days
51037,0,11.0,Mobile Phone,1,8.0,Credit Card,Female,2.0,4,Fashion,3,Married,4,1,19.0,1.0,1.0,2.0,177.56,6-12 Months,Near (<10km),0-3 Days
51038,1,0.0,Mobile Phone,3,16.0,Credit Card,Male,2.0,4,Fashion,5,Married,10,0,17.0,4.0,6.0,0.0,203.06,0-6 Months,Medium (10-20km),0-3 Days
51039,0,10.0,Mobile Phone,1,16.0,Credit Card,Female,3.0,3,Mobile Phone,4,Married,2,0,11.0,1.0,7.0,7.0,139.36,6-12 Months,Medium (10-20km),4-7 Days
51040,0,13.0,Mobile Phone,1,22.0,Debit Card,Female,2.0,3,Fashion,1,Single,7,1,15.0,1.0,3.0,3.0,179.45,1-2 Years,Far (>20km),0-3 Days
51041,0,17.0,Computer,2,6.0,UPI,Male,2.0,3,Laptop & Accessory,1,Married,5,1,11.0,1.0,1.0,2.0,157.43,1-2 Years,Near (<10km),0-3 Days
51042,0,21.0,Computer,1,10.0,Credit Card,Male,2.0,4,Grocery,1,Married,3,0,25.0,2.0,2.0,2.0,252.01999999999998,1-2 Years,Near (<10km),0-3 Days
51043,1,0.0,Mobile Phone,3,21.0,Credit Card,Male,2.0,5,Laptop & Accessory,1,Married,7,1,14.0,1.0,2.0,2.0,154.4,0-6 Months,Far (>20km),0-3 Days
51044,0,0.0,Computer,1,8.0,Cash on Delivery,Female,2.0,3,Mobile Phone,1,Single,2,1,13.0,1.0,1.0,3.0,137.6,0-6 Months,Near (<10km),0-3 Days
51045,0,0.0,Mobile Phone,1,14.0,Credit Card,Female,2.0,1,Mobile Phone,3,Married,8,0,17.0,0.0,1.0,2.0,135.17,0-6 Months,Medium (10-20km),0-3 Days
51046,0,0.0,Computer,1,14.0,Credit Card,Male,2.0,3,Mobile Phone,1,Single,3,0,13.0,0.0,1.0,2.0,125.80000000000001,0-6 Months,Medium (10-20km),0-3 Days
51047,1,9.0,Mobile Phone,1,13.0,Debit Card,Male,3.0,3,Mobile Phone,5,Single,4,1,14.0,0.0,1.0,3.0,121.66,6-12 Months,Medium (10-20km),0-3 Days
51048,0,2.0,Mobile Phone,3,16.0,Credit Card,Male,2.0,4,Laptop & Accessory,3,Single,10,0,11.0,1.0,1.0,4.0,158.69,0-6 Months,Medium (10-20km),4-7 Days
51049,0,9.0,Mobile Phone,1,11.0,Debit Card,Female,2.0,3,Fashion,5,Married,5,0,12.0,1.0,1.0,2.0,180.08,6-12 Months,Medium (10-20km),0-3 Days
51050,0,0.0,Computer,1,8.0,Debit Card,Male,3.0,1,Laptop & Accessory,3,Married,2,0,17.0,0.0,1.0,7.0,152.06,0-6 Months,Near (<10km),4-7 Days
51051,0,12.0,Mobile Phone,1,18.0,Credit Card,Male,3.0,3,Laptop & Accessory,4,Married,5,0,21.0,1.0,1.0,0.0,152.95,6-12 Months,Medium (10-20km),0-3 Days
51052,0,22.0,Mobile Phone,1,28.0,UPI,Female,3.0,3,Grocery,4,Married,4,0,16.0,1.0,1.0,2.0,264.13,1-2 Years,Far (>20km),0-3 Days
51053,0,23.0,Mobile Phone,1,23.0,Debit Card,Female,2.0,4,Fashion,5,Married,6,0,15.0,1.0,2.0,11.0,232.69,1-2 Years,Far (>20km),8-15 Days
51054,0,0.0,Mobile Phone,3,8.0,Credit Card,Female,3.0,3,Mobile Phone,3,Single,2,0,19.0,0.0,2.0,2.0,127.83000000000001,0-6 Months,Near (<10km),0-3 Days
51055,0,7.0,Mobile Phone,1,9.0,Debit Card,Female,3.0,3,Laptop & Accessory,4,Married,2,0,12.0,7.0,7.0,9.0,154.33,6-12 Months,Near (<10km),8-15 Days
51056,0,9.0,Mobile Phone,1,13.0,Debit Card,Male,3.0,3,Mobile Phone,4,Single,3,0,11.0,0.0,1.0,3.0,120.13,6-12 Months,Medium (10-20km),0-3 Days
51057,0,22.0,Mobile Phone,1,12.0,Debit Card,Female,2.0,4,Grocery,3,Married,3,1,19.0,1.0,2.0,12.0,239.66000000000003,1-2 Years,Medium (10-20km),8-15 Days
51058,0,9.0,Computer,1,6.0,Credit Card,Female,2.0,4,Laptop & Accessory,3,Married,1,0,15.0,1.0,1.0,2.0,143.74,6-12 Months,Near (<10km),0-3 Days
51059,0,9.0,Mobile Phone,1,9.0,Debit Card,Male,3.0,1,Laptop & Accessory,5,Married,7,0,20.0,1.0,1.0,4.0,168.42,6-12 Months,Near (<10km),4-7 Days
51060,0,27.0,Mobile Phone,1,28.0,Credit Card,Female,3.0,3,Grocery,3,Married,4,0,25.0,1.0,4.0,7.0,274.26,2+ Years,Far (>20km),4-7 Days
51061,0,16.0,Mobile Phone,1,21.0,Debit Card,Male,3.0,4,Grocery,3,Married,2,0,24.0,1.0,6.0,11.0,276.03,1-2 Years,Far (>20km),8-15 Days
51062,1,0.0,Computer,3,18.0,UPI,Male,2.0,3,Laptop & Accessory,1,Single,4,1,24.0,3.0,6.0,7.0,145.81,0-6 Months,Medium (10-20km),4-7 Days
51063,0,11.0,Computer,1,6.0,Debit Card,Male,2.0,3,Laptop & Accessory,1,Married,8,0,15.0,2.0,2.0,9.0,147.35,6-12 Months,Near (<10km),8-15 Days
51064,0,2.0,Mobile Phone,3,11.0,Credit Card,Male,2.0,4,Laptop & Accessory,4,Married,2,1,13.0,0.0,1.0,9.0,141.87,0-6 Months,Medium (10-20km),8-15 Days
51065,0,6.0,Mobile Phone,3,8.0,Credit Card,Male,3.0,3,Laptop & Accessory,1,Married,2,0,14.0,1.0,1.0,4.0,155.05,0-6 Months,Near (<10km),4-7 Days
51066,0,5.0,Mobile Phone,1,8.0,Credit Card,Male,2.0,3,Laptop & Accessory,4,Married,1,0,13.0,0.0,1.0,6.0,154.7,0-6 Months,Near (<10km),4-7 Days
51067,0,4.0,Mobile Phone,3,11.0,Debit Card,Female,3.0,3,Laptop & Accessory,1,Married,2,0,11.0,0.0,1.0,2.0,154.76,0-6 Months,Medium (10-20km),0-3 Days
51068,0,22.0,Mobile Phone,1,14.0,Credit Card,Female,3.0,3,Mobile Phone,5,Married,5,1,16.0,1.0,2.0,2.0,125.87,1-2 Years,Medium (10-20km),0-3 Days
51069,0,11.0,Computer,1,14.0,Credit Card,Female,2.0,4,Mobile Phone,4,Single,2,0,22.0,1.0,3.0,3.0,124.4,6-12 Months,Medium (10-20km),0-3 Days
51070,0,20.0,Mobile Phone,3,8.0,Debit Card,Female,2.0,1,Grocery,4,Married,7,0,14.0,0.0,2.0,2.0,259.72,1-2 Years,Near (<10km),0-3 Days
51071,0,22.0,Mobile Phone,1,6.0,Debit Card,Male,2.0,3,Grocery,3,Single,5,0,14.0,1.0,2.0,0.0,253.79000000000002,1-2 Years,Near (<10km),0-3 Days
51072,0,14.0,Mobile Phone,3,29.0,Debit Card,Male,3.0,3,Fashion,3,Single,4,1,16.0,0.0,1.0,2.0,170.82,1-2 Years,Far (>20km),0-3 Days
51073,0,0.0,Mobile Phone,3,15.0,Debit Card,Male,3.0,3,Mobile Phone,5,Single,2,0,11.0,0.0,1.0,2.0,127.28,0-6 Months,Medium (10-20km),0-3 Days
51074,0,6.0,Computer,3,22.0,Debit Card,Female,2.0,3,Laptop & Accessory,1,Married,2,1,25.0,0.0,1.0,2.0,153.68,0-6 Months,Far (>20km),0-3 Days
51075,0,9.0,Mobile Phone,1,32.0,Debit Card,Male,3.0,3,Laptop & Accessory,3,Married,7,0,14.0,1.0,1.0,2.0,153.47,6-12 Months,Far (>20km),0-3 Days
51076,0,17.0,Mobile Phone,2,6.0,Debit Card,Female,2.0,3,Mobile Phone,1,Married,5,1,18.0,2.0,2.0,2.0,131.95,1-2 Years,Near (<10km),0-3 Days
51077,1,0.0,Mobile Phone,1,14.0,Credit Card,Male,3.0,4,Mobile Phone,3,Single,2,1,11.0,1.0,1.0,2.0,139.89,0-6 Months,Medium (10-20km),0-3 Days
51078,0,11.0,Mobile Phone,1,10.0,Credit Card,Female,2.0,3,Mobile Phone,3,Married,8,0,19.0,0.0,1.0,0.0,133.06,6-12 Months,Near (<10km),0-3 Days
51079,0,26.0,Mobile Phone,1,30.0,Credit Card,Male,2.0,1,Fashion,1,Married,4,0,15.0,0.0,1.0,2.0,170.05,2+ Years,Far (>20km),0-3 Days
51080,1,11.0,Computer,3,14.0,Credit Card,Female,3.0,3,Mobile Phone,3,Married,3,1,11.0,4.0,7.0,7.0,126.55000000000001,6-12 Months,Medium (10-20km),4-7 Days
51081,1,9.0,Mobile Phone,1,8.0,Debit Card,Male,3.0,3,Mobile Phone,4,Single,2,0,12.0,1.0,1.0,0.0,113.93,6-12 Months,Near (<10km),0-3 Days
51082,0,0.0,Computer,1,14.0,Credit Card,Male,3.0,3,Mobile Phone,1,Single,2,0,20.0,5.0,5.0,7.0,125.69999999999999,0-6 Months,Medium (10-20km),4-7 Days
51083,0,28.0,Mobile Phone,1,28.0,Cash on Delivery,Male,3.0,4,Mobile Phone,4,Married,6,0,12.0,1.0,1.0,2.0,135.37,2+ Years,Far (>20km),0-3 Days
51084,0,7.0,Mobile Phone,1,11.0,Credit Card,Male,2.0,4,Laptop & Accessory,1,Married,2,0,14.0,4.0,4.0,13.0,139.86,6-12 Months,Medium (10-20km),8-15 Days
51085,0,30.0,Mobile Phone,1,6.0,Credit Card,Male,3.0,5,Fashion,1,Married,4,0,20.0,0.0,1.0,0.0,208.82999999999998,2+ Years,Near (<10km),0-3 Days
51086,0,9.0,Mobile Phone,1,27.0,Credit Card,Male,3.0,1,Mobile Phone,4,Married,2,0,18.0,2.0,2.0,13.0,120.28,6-12 Months,Far (>20km),8-15 Days
51087,0,10.0,Computer,3,6.0,Credit Card,Male,2.0,5,Laptop & Accessory,1,Married,2,0,14.0,0.0,1.0,3.0,195.25,6-12 Months,Near (<10km),0-3 Days
51088,0,7.0,Mobile Phone,1,25.0,Debit Card,Female,3.0,4,Mobile Phone,1,Married,2,0,12.0,3.0,8.0,7.0,129.29,6-12 Months,Far (>20km),4-7 Days
51089,1,9.0,Mobile Phone,3,13.0,Debit Card,Male,2.0,3,Mobile Phone,1,Married,2,1,21.0,1.0,1.0,2.0,122.75,6-12 Months,Medium (10-20km),0-3 Days
51090,0,17.0,Mobile Phone,1,8.0,Debit Card,Female,3.0,1,Fashion,1,Married,2,1,19.0,6.0,6.0,7.0,178.79,1-2 Years,Near (<10km),4-7 Days
51091,0,8.0,Computer,1,8.0,Credit Card,Male,3.0,4,Mobile Phone,1,Single,1,1,14.0,1.0,1.0,4.0,149.3,6-12 Months,Near (<10km),4-7 Days
51092,0,16.0,Mobile Phone,3,8.0,Credit Card,Male,3.0,3,Laptop & Accessory,1,Married,2,1,17.0,0.0,8.0,8.0,178.47,1-2 Years,Near (<10km),8-15 Days
51093,0,0.0,Mobile Phone,1,15.0,Credit Card,Male,3.0,1,Mobile Phone,3,Married,2,0,16.0,0.0,1.0,4.0,144.01,0-6 Months,Medium (10-20km),4-7 Days
51094,0,14.0,Mobile Phone,3,12.0,E Wallet,Male,2.0,3,Fashion,3,Single,2,0,12.0,6.0,8.0,7.0,192.41,1-2 Years,Medium (10-20km),4-7 Days
51095,0,2.0,Mobile Phone,1,15.0,Credit Card,Female,3.0,3,Mobile Phone,3,Married,10,0,17.0,1.0,1.0,2.0,129.74,0-6 Months,Medium (10-20km),0-3 Days
51096,0,9.0,Mobile Phone,3,8.0,Debit Card,Female,2.0,3,Laptop & Accessory,1,Single,4,0,15.0,3.0,6.0,7.0,145.02,6-12 Months,Near (<10km),4-7 Days
51097,0,18.0,Computer,1,6.0,Debit Card,Male,3.0,4,Fashion,3,Married,4,0,23.0,3.0,14.0,4.0,207.48000000000002,1-2 Years,Near (<10km),4-7 Days
51098,1,9.0,Mobile Phone,2,28.0,UPI,Male,2.0,5,Mobile Phone,3,Married,2,0,11.0,0.0,1.0,0.0,115.55000000000001,6-12 Months,Far (>20km),0-3 Days
51099,1,10.0,Computer,3,15.0,Debit Card,Male,2.0,5,Grocery,3,Married,8,0,11.0,1.0,14.0,3.0,229.36,6-12 Months,Medium (10-20km),0-3 Days
51100,0,9.0,Mobile Phone,1,23.0,Credit Card,Male,3.0,5,Mobile Phone,3,Married,2,0,15.0,0.0,1.0,2.0,123.05000000000001,6-12 Months,Far (>20km),0-3 Days
51101,0,18.0,Mobile Phone,1,34.0,Cash on Delivery,Female,2.0,4,Grocery,4,Single,2,0,11.0,1.0,8.0,6.0,267.04,1-2 Years,Far (>20km),4-7 Days
51102,0,5.0,Computer,1,16.0,Debit Card,Male,2.0,3,Mobile Phone,3,Married,7,0,13.0,0.0,1.0,3.0,134.33,0-6 Months,Medium (10-20km),0-3 Days
51103,0,4.0,Mobile Phone,1,8.0,Debit Card,Male,3.0,3,Mobile Phone,3,Married,2,0,14.0,0.0,1.0,3.0,134.77,0-6 Months,Near (<10km),0-3 Days
51104,0,14.0,Computer,2,10.0,UPI,Male,2.0,5,Laptop & Accessory,4,Married,7,0,19.0,0.0,1.0,2.0,164.3,1-2 Years,Near (<10km),0-3 Days
51105,0,13.0,Mobile Phone,1,14.0,Debit Card,Female,3.0,3,Laptop & Accessory,5,Married,3,1,16.0,0.0,1.0,0.0,165.16,1-2 Years,Medium (10-20km),0-3 Days
51106,0,0.0,Mobile Phone,1,35.0,Credit Card,Male,3.0,3,Mobile Phone,5,Married,2,0,13.0,1.0,1.0,2.0,139.07,0-6 Months,Far (>20km),0-3 Days
51107,0,19.0,Mobile Phone,1,19.0,Debit Card,Male,2.0,3,Laptop & Accessory,4,Single,7,0,14.0,1.0,1.0,9.0,155.62,1-2 Years,Medium (10-20km),8-15 Days
51108,0,8.0,Mobile Phone,1,33.0,Debit Card,Male,2.0,3,Laptop & Accessory,3,Married,3,0,16.0,0.0,1.0,7.0,168.83,6-12 Months,Far (>20km),4-7 Days
51109,0,3.0,Mobile Phone,1,22.0,Debit Card,Male,3.0,3,Mobile Phone,1,Married,2,0,12.0,0.0,1.0,8.0,128.62,0-6 Months,Far (>20km),8-15 Days
51110,0,20.0,Computer,3,8.0,E Wallet,Male,2.0,3,Laptop & Accessory,4,Married,8,0,11.0,0.0,1.0,0.0,149.78,1-2 Years,Near (<10km),0-3 Days
51111,0,19.0,Mobile Phone,3,8.0,Debit Card,Male,3.0,3,Fashion,1,Married,5,1,12.0,0.0,1.0,3.0,203.68,1-2 Years,Near (<10km),0-3 Days
51112,1,0.0,Mobile Phone,3,19.0,E Wallet,Male,3.0,4,Laptop & Accessory,5,Married,6,1,13.0,2.0,2.0,2.0,161.34,0-6 Months,Medium (10-20km),0-3 Days
51113,1,0.0,Mobile Phone,3,6.0,Debit Card,Male,2.0,5,Laptop & Accessory,4,Single,7,0,15.0,0.0,1.0,0.0,167.35,0-6 Months,Near (<10km),0-3 Days
51114,0,0.0,Mobile Phone,1,10.0,Credit Card,Female,2.0,3,Mobile Phone,4,Single,2,0,13.0,1.0,1.0,2.0,132.95,0-6 Months,Near (<10km),0-3 Days
51115,0,4.0,Computer,1,30.0,Cash on Delivery,Female,1.0,3,Laptop & Accessory,1,Single,3,0,20.0,1.0,1.0,4.0,152.38,0-6 Months,Far (>20km),4-7 Days
51116,0,12.0,Computer,1,6.0,Debit Card,Male,3.0,3,Laptop & Accessory,1,Married,2,1,15.0,3.0,5.0,8.0,164.72,6-12 Months,Near (<10km),8-15 Days
51117,0,5.0,Mobile Phone,3,25.0,Debit Card,Male,3.0,5,Fashion,3,Married,4,0,13.0,1.0,1.0,2.0,196.1,0-6 Months,Far (>20km),0-3 Days
51118,0,13.0,Mobile Phone,3,13.0,Credit Card,Male,2.0,3,Others,4,Single,2,0,15.0,1.0,12.0,8.0,298.33,1-2 Years,Medium (10-20km),8-15 Days
51119,0,18.0,Mobile Phone,2,10.0,Debit Card,Female,2.0,5,Fashion,3,Married,5,0,21.0,1.0,1.0,3.0,197.56,1-2 Years,Near (<10km),0-3 Days
51120,0,3.0,Computer,1,8.0,Cash on Delivery,Female,3.0,4,Mobile Phone,5,Single,1,0,16.0,0.0,1.0,7.0,149.68,0-6 Months,Near (<10km),4-7 Days
51121,0,9.0,Computer,2,16.0,Credit Card,Male,2.0,3,Mobile Phone,1,Married,1,0,14.0,1.0,2.0,1.0,121.44999999999999,6-12 Months,Medium (10-20km),0-3 Days
51122,1,9.0,Computer,2,14.0,UPI,Female,3.0,4,Mobile Phone,1,Married,7,0,11.0,1.0,1.0,2.0,121.80000000000001,6-12 Months,Medium (10-20km),0-3 Days
51123,0,4.0,Mobile Phone,3,11.0,Cash on Delivery,Male,2.0,3,Laptop & Accessory,3,Married,2,0,19.0,0.0,1.0,2.0,183.46,0-6 Months,Medium (10-20km),0-3 Days
51124,0,0.0,Mobile Phone,1,14.0,Credit Card,Female,3.0,3,Mobile Phone,1,Single,2,0,11.0,1.0,1.0,4.0,134.45,0-6 Months,Medium (10-20km),4-7 Days
51125,1,0.0,Mobile Phone,3,15.0,E Wallet,Female,3.0,5,Mobile Phone,4,Single,2,0,13.0,1.0,2.0,2.0,127.6,0-6 Months,Medium (10-20km),0-3 Days
51126,0,2.0,Computer,1,6.0,Debit Card,Male,3.0,1,Laptop & Accessory,3,Single,9,1,12.0,0.0,1.0,2.0,162.94,0-6 Months,Near (<10km),0-3 Days
51127,0,3.0,Mobile Phone,3,21.0,E Wallet,Male,3.0,4,Fashion,5,Married,3,0,11.0,0.0,1.0,7.0,171.4,0-6 Months,Far (>20km),4-7 Days
51128,0,7.0,Mobile Phone,1,8.0,Credit Card,Male,3.0,1,Mobile Phone,1,Married,1,1,14.0,0.0,1.0,2.0,129.32,6-12 Months,Near (<10km),0-3 Days
51129,0,6.0,Computer,3,8.0,E Wallet,Female,3.0,3,Laptop & Accessory,4,Single,9,0,15.0,0.0,1.0,7.0,151.47,0-6 Months,Near (<10km),4-7 Days
51130,0,22.0,Mobile Phone,3,17.0,E Wallet,Female,3.0,3,Laptop & Accessory,1,Single,4,0,12.0,0.0,1.0,4.0,145.07,1-2 Years,Medium (10-20km),4-7 Days
51131,1,0.0,Mobile Phone,3,22.0,Debit Card,Female,3.0,3,Fashion,5,Single,3,1,20.0,0.0,1.0,0.0,185.64,0-6 Months,Far (>20km),0-3 Days
51132,0,11.0,Computer,1,14.0,Credit Card,Female,3.0,4,Mobile Phone,4,Married,5,0,14.0,0.0,1.0,5.0,124.68,6-12 Months,Medium (10-20km),4-7 Days
51133,1,0.0,Mobile Phone,3,22.0,E Wallet,Male,3.0,3,Fashion,3,Married,3,0,13.0,1.0,1.0,0.0,181.61,0-6 Months,Far (>20km),0-3 Days
51134,0,9.0,Mobile Phone,1,10.0,Cash on Delivery,Female,3.0,4,Mobile Phone,5,Married,2,0,13.0,0.0,1.0,0.0,121.09,6-12 Months,Near (<10km),0-3 Days
51135,0,0.0,Mobile Phone,1,22.0,Debit Card,Male,2.0,1,Laptop & Accessory,3,Married,4,0,16.0,1.0,1.0,7.0,152.94,0-6 Months,Far (>20km),4-7 Days
51136,0,5.0,Computer,1,11.0,Cash on Delivery,Male,3.0,3,Mobile Phone,4,Single,3,0,14.0,1.0,1.0,7.0,127.18,0-6 Months,Medium (10-20km),4-7 Days
51137,0,11.0,Mobile Phone,1,24.0,Credit Card,Male,2.0,5,Laptop & Accessory,1,Married,4,1,16.0,0.0,1.0,0.0,158.11,6-12 Months,Far (>20km),0-3 Days
51138,1,6.0,Computer,1,14.0,Cash on Delivery,Male,2.0,4,Mobile Phone,3,Married,10,1,16.0,1.0,1.0,0.0,124.37,0-6 Months,Medium (10-20km),0-3 Days
51139,0,15.0,Mobile Phone,1,18.0,Credit Card,Male,3.0,3,Mobile Phone,4,Married,9,0,22.0,1.0,1.0,4.0,127.66,1-2 Years,Medium (10-20km),4-7 Days
51140,0,28.0,Mobile Phone,1,8.0,Credit Card,Male,2.0,4,Others,5,Married,9,0,12.0,1.0,1.0,0.0,290.38,2+ Years,Near (<10km),0-3 Days
51141,0,6.0,Computer,1,10.0,Cash on Delivery,Male,3.0,3,Laptop & Accessory,4,Married,6,0,15.0,0.0,1.0,7.0,130.55,0-6 Months,Near (<10km),4-7 Days
51142,0,9.0,Mobile Phone,1,15.0,Debit Card,Male,3.0,3,Mobile Phone,5,Married,2,0,20.0,1.0,1.0,4.0,122.88999999999999,6-12 Months,Medium (10-20km),4-7 Days
51143,0,7.0,Computer,3,16.0,Debit Card,Male,2.0,3,Laptop & Accessory,3,Married,2,1,14.0,1.0,1.0,7.0,140.01,6-12 Months,Medium (10-20km),4-7 Days
51144,0,26.0,Computer,1,6.0,Credit Card,Female,2.0,4,Grocery,3,Married,5,1,20.0,0.0,1.0,3.0,229.64999999999998,2+ Years,Near (<10km),0-3 Days
51145,0,16.0,Mobile Phone,2,8.0,Debit Card,Male,3.0,3,Mobile Phone,1,Single,1,0,13.0,0.0,1.0,8.0,135.39,1-2 Years,Near (<10km),8-15 Days
51146,0,7.0,Mobile Phone,3,9.0,Debit Card,Female,2.0,5,Laptop & Accessory,1,Single,6,0,12.0,1.0,2.0,2.0,160.29,6-12 Months,Near (<10km),0-3 Days
51147,1,0.0,Mobile Phone,3,13.0,E Wallet,Male,3.0,3,Mobile Phone,4,Single,2,0,13.0,1.0,1.0,0.0,126.78999999999999,0-6 Months,Medium (10-20km),0-3 Days
51148,0,11.0,Mobile Phone,1,12.0,UPI,Female,2.0,4,Mobile Phone,3,Married,2,0,11.0,0.0,1.0,4.0,137.02,6-12 Months,Medium (10-20km),4-7 Days
51149,1,0.0,Mobile Phone,1,14.0,Credit Card,Female,3.0,3,Mobile Phone,5,Married,2,1,17.0,0.0,1.0,0.0,123.97999999999999,0-6 Months,Medium (10-20km),0-3 Days
51150,0,4.0,Mobile Phone,3,35.0,E Wallet,Female,3.0,4,Laptop & Accessory,1,Married,2,0,14.0,2.0,5.0,7.0,154.68,0-6 Months,Far (>20km),4-7 Days
51151,0,24.0,Mobile Phone,1,9.0,Cash on Delivery,Female,2.0,3,Fashion,3,Married,3,0,11.0,2.0,2.0,3.0,231.16000000000003,1-2 Years,Near (<10km),0-3 Days
51152,0,10.0,Mobile Phone,3,15.0,E Wallet,Male,2.0,4,Laptop & Accessory,4,Married,2,0,14.0,0.0,1.0,3.0,141.89,6-12 Months,Medium (10-20km),0-3 Days
51153,0,19.0,Mobile Phone,1,8.0,Credit Card,Male,2.0,3,Others,1,Married,8,1,15.0,1.0,2.0,2.0,293.28,1-2 Years,Near (<10km),0-3 Days
51154,0,9.0,Mobile Phone,1,16.0,Debit Card,Male,2.0,3,Fashion,5,Married,8,1,13.0,1.0,5.0,7.0,183.21,6-12 Months,Medium (10-20km),4-7 Days
51155,1,7.0,Computer,1,14.0,Credit Card,Male,2.0,3,Mobile Phone,4,Married,2,1,12.0,1.0,2.0,3.0,123.41999999999999,6-12 Months,Medium (10-20km),0-3 Days
51156,0,10.0,Mobile Phone,2,14.0,UPI,Male,2.0,3,Laptop & Accessory,4,Married,3,0,13.0,4.0,4.0,7.0,140.71,6-12 Months,Medium (10-20km),4-7 Days
51157,1,0.0,Mobile Phone,3,33.0,Debit Card,Male,2.0,3,Laptop & Accessory,1,Single,2,1,18.0,0.0,7.0,7.0,158.13,0-6 Months,Far (>20km),4-7 Days
51158,0,6.0,Mobile Phone,1,14.0,Debit Card,Male,3.0,1,Mobile Phone,5,Married,7,0,19.0,6.0,7.0,6.0,131.43,0-6 Months,Medium (10-20km),4-7 Days
51159,0,9.0,Mobile Phone,1,6.0,Debit Card,Male,2.0,3,Mobile Phone,1,Married,2,0,11.0,0.0,1.0,3.0,120.44,6-12 Months,Near (<10km),0-3 Days
51160,0,12.0,Mobile Phone,1,16.0,Credit Card,Male,3.0,3,Fashion,3,Single,8,0,21.0,2.0,2.0,2.0,234.64,6-12 Months,Medium (10-20km),0-3 Days
51161,0,19.0,Computer,3,32.0,Debit Card,Male,3.0,4,Laptop & Accessory,4,Single,9,0,15.0,2.0,2.0,2.0,179.91,1-2 Years,Far (>20km),0-3 Days
51162,0,13.0,Mobile Phone,1,8.0,Debit Card,Female,2.0,3,Mobile Phone,5,Married,5,0,17.0,1.0,1.0,2.0,133.77,1-2 Years,Near (<10km),0-3 Days
51163,0,15.0,Mobile Phone,1,19.0,Credit Card,Male,3.0,1,Laptop & Accessory,5,Married,6,0,18.0,1.0,1.0,0.0,155.38,1-2 Years,Medium (10-20km),0-3 Days
51164,0,8.0,Computer,1,8.0,Credit Card,Male,2.0,3,Laptop & Accessory,1,Married,3,0,14.0,0.0,1.0,7.0,157.62,6-12 Months,Near (<10km),4-7 Days
51165,0,11.0,Computer,2,14.0,UPI,Male,3.0,3,Mobile Phone,4,Married,6,0,13.0,3.0,3.0,8.0,125.91999999999999,6-12 Months,Medium (10-20km),8-15 Days
51166,1,0.0,Computer,1,15.0,Debit Card,Male,3.0,3,Laptop & Accessory,5,Married,5,0,17.0,0.0,1.0,7.0,153.46,0-6 Months,Medium (10-20km),4-7 Days
51167,1,0.0,Mobile Phone,1,16.0,Credit Card,Male,2.0,3,Laptop & Accessory,5,Single,2,0,15.0,0.0,1.0,8.0,142.13,0-6 Months,Medium (10-20km),8-15 Days
51168,0,12.0,Computer,3,26.0,Debit Card,Male,2.0,3,Laptop & Accessory,1,Married,3,0,18.0,1.0,2.0,2.0,141.27,6-12 Months,Far (>20km),0-3 Days
51169,0,16.0,Computer,1,14.0,Debit Card,Male,2.0,3,Mobile Phone,3,Single,5,0,13.0,0.0,1.0,2.0,124.38,1-2 Years,Medium (10-20km),0-3 Days
51170,0,14.0,Mobile Phone,1,11.0,Debit Card,Male,2.0,1,Laptop & Accessory,4,Single,4,0,12.0,1.0,1.0,2.0,168.7,1-2 Years,Medium (10-20km),0-3 Days
51171,0,14.0,Mobile Phone,3,10.0,E Wallet,Female,2.0,3,Fashion,3,Married,1,1,13.0,0.0,13.0,5.0,204.47,1-2 Years,Near (<10km),4-7 Days
51172,0,3.0,Mobile Phone,1,16.0,Credit Card,Female,3.0,3,Fashion,3,Single,10,0,14.0,0.0,1.0,2.0,196.67,0-6 Months,Medium (10-20km),0-3 Days
51173,1,9.0,Mobile Phone,2,26.0,Credit Card,Female,3.0,3,Mobile Phone,4,Married,1,1,11.0,0.0,1.0,4.0,121.47999999999999,6-12 Months,Far (>20km),4-7 Days
51174,1,9.0,Mobile Phone,1,27.0,Credit Card,Female,3.0,3,Laptop & Accessory,4,Married,5,0,22.0,1.0,3.0,7.0,189.26,6-12 Months,Far (>20km),4-7 Days
51175,0,13.0,Mobile Phone,1,6.0,Debit Card,Female,2.0,3,Laptop & Accessory,1,Married,5,0,17.0,0.0,1.0,3.0,165.13,1-2 Years,Near (<10km),0-3 Days
51176,0,7.0,Mobile Phone,3,14.0,Cash on Delivery,Male,3.0,1,Laptop & Accessory,3,Married,2,0,21.0,0.0,4.0,8.0,167.99,6-12 Months,Medium (10-20km),8-15 Days
51177,0,30.0,Computer,3,8.0,Credit Card,Male,2.0,3,Grocery,4,Married,5,0,22.0,10.0,14.0,14.0,0.0,2+ Years,Near (<10km),8-15 Days
51178,0,8.0,Mobile Phone,1,29.0,Credit Card,Male,3.0,5,Mobile Phone,3,Married,1,0,16.0,1.0,1.0,3.0,127.05000000000001,6-12 Months,Far (>20km),0-3 Days
51179,0,20.0,Mobile Phone,1,10.0,Debit Card,Female,3.0,4,Fashion,4,Married,9,1,12.0,2.0,14.0,10.0,203.33,1-2 Years,Near (<10km),8-15 Days
51180,0,13.0,Mobile Phone,1,18.0,Debit Card,Female,2.0,3,Laptop & Accessory,5,Married,3,0,12.0,7.0,7.0,7.0,144.48,1-2 Years,Medium (10-20km),4-7 Days
51181,0,27.0,Mobile Phone,1,13.0,Credit Card,Female,3.0,3,Laptop & Accessory,1,Married,5,0,15.0,1.0,1.0,7.0,168.54,2+ Years,Medium (10-20km),4-7 Days
51182,0,4.0,Computer,3,13.0,E Wallet,Female,3.0,3,Fashion,5,Married,3,0,14.0,2.0,2.0,2.0,196.37,0-6 Months,Medium (10-20km),0-3 Days
51183,0,1.0,Mobile Phone,1,6.0,Credit Card,Female,3.0,3,Mobile Phone,5,Married,2,0,25.0,1.0,1.0,2.0,135.91,0-6 Months,Near (<10km),0-3 Days
51184,0,11.0,Mobile Phone,3,8.0,E Wallet,Female,3.0,5,Laptop & Accessory,1,Married,3,1,20.0,0.0,1.0,3.0,154.05,6-12 Months,Near (<10km),0-3 Days
51185,0,0.0,Mobile Phone,3,16.0,Credit Card,Male,2.0,3,Laptop & Accessory,1,Single,2,0,13.0,0.0,1.0,2.0,146.84,0-6 Months,Medium (10-20km),0-3 Days
51186,0,30.0,Computer,1,21.0,Debit Card,Male,2.0,3,Grocery,3,Married,3,1,14.0,1.0,2.0,2.0,257.87,2+ Years,Far (>20km),0-3 Days
51187,0,9.0,Computer,1,20.0,Credit Card,Female,2.0,3,Mobile Phone,3,Single,2,0,16.0,1.0,1.0,0.0,115.13999999999999,6-12 Months,Medium (10-20km),0-3 Days
51188,1,0.0,Mobile Phone,2,24.0,UPI,Male,3.0,1,Mobile Phone,5,Married,1,0,17.0,1.0,1.0,0.0,129.56,0-6 Months,Far (>20km),0-3 Days
51189,1,0.0,Mobile Phone,2,14.0,UPI,Male,2.0,4,Mobile Phone,5,Married,5,1,15.0,1.0,2.0,0.0,123.35,0-6 Months,Medium (10-20km),0-3 Days
51190,0,18.0,Computer,3,8.0,Debit Card,Female,3.0,3,Laptop & Accessory,3,Married,5,0,22.0,3.0,5.0,7.0,151.54,1-2 Years,Near (<10km),4-7 Days
51191,0,9.0,Mobile Phone,1,8.0,UPI,Female,3.0,3,Laptop & Accessory,4,Married,5,1,22.0,0.0,1.0,0.0,169.62,6-12 Months,Near (<10km),0-3 Days
51192,0,16.0,Computer,3,8.0,Debit Card,Male,3.0,3,Laptop & Accessory,1,Married,2,0,20.0,5.0,7.0,7.0,156.75,1-2 Years,Near (<10km),4-7 Days
51193,0,0.0,Computer,1,14.0,Debit Card,Female,2.0,3,Mobile Phone,1,Single,1,1,14.0,1.0,1.0,2.0,123.78999999999999,0-6 Months,Medium (10-20km),0-3 Days
51194,0,2.0,Computer,1,26.0,Credit Card,Male,2.0,3,Mobile Phone,1,Married,2,0,13.0,1.0,3.0,10.0,138.12,0-6 Months,Far (>20km),8-15 Days
51195,0,5.0,Computer,3,16.0,E Wallet,Male,3.0,3,Laptop & Accessory,1,Single,9,0,13.0,1.0,1.0,0.0,146.48,0-6 Months,Medium (10-20km),0-3 Days
51196,0,15.0,Computer,1,16.0,Cash on Delivery,Male,3.0,3,Mobile Phone,3,Married,4,0,22.0,1.0,3.0,3.0,129.36,1-2 Years,Medium (10-20km),0-3 Days
51197,0,9.0,Mobile Phone,1,15.0,Debit Card,Female,3.0,3,Mobile Phone,3,Single,5,0,12.0,1.0,2.0,0.0,121.05000000000001,6-12 Months,Medium (10-20km),0-3 Days
51198,0,19.0,Mobile Phone,1,8.0,Debit Card,Male,2.0,3,Fashion,1,Married,4,0,14.0,1.0,4.0,7.0,185.78,1-2 Years,Near (<10km),4-7 Days
51199,0,1.0,Computer,2,6.0,Debit Card,Male,3.0,3,Mobile Phone,1,Married,2,0,15.0,0.0,2.0,2.0,127.06,0-6 Months,Near (<10km),0-3 Days
51200,0,2.0,Mobile Phone,1,35.0,Debit Card,Male,3.0,5,Laptop & Accessory,3,Married,9,0,17.0,1.0,1.0,6.0,163.84,0-6 Months,Far (>20km),4-7 Days
51201,0,15.0,Mobile Phone,1,14.0,Debit Card,Male,2.0,3,Mobile Phone,3,Single,5,0,13.0,1.0,1.0,0.0,139.68,1-2 Years,Medium (10-20km),0-3 Days
51202,1,0.0,Mobile Phone,3,8.0,E Wallet,Male,2.0,4,Laptop & Accessory,4,Single,8,1,12.0,2.0,2.0,2.0,199.07,0-6 Months,Near (<10km),0-3 Days
51203,0,19.0,Mobile Phone,3,9.0,Cash on Delivery,Female,2.0,1,Grocery,5,Married,3,0,12.0,1.0,2.0,8.0,232.25,1-2 Years,Near (<10km),8-15 Days
51204,0,0.0,Mobile Phone,3,29.0,Credit Card,Female,2.0,4,Laptop & Accessory,3,Married,2,0,21.0,4.0,5.0,8.0,135.4,0-6 Months,Far (>20km),8-15 Days
51205,0,2.0,Mobile Phone,2,12.0,Credit Card,Male,3.0,4,Mobile Phone,4,Married,2,0,11.0,1.0,1.0,0.0,128.04,0-6 Months,Medium (10-20km),0-3 Days
51206,0,16.0,Mobile Phone,1,12.0,Credit Card,Female,2.0,4,Others,3,Married,8,0,15.0,3.0,6.0,14.0,293.92,1-2 Years,Medium (10-20km),8-15 Days
51207,0,21.0,Mobile Phone,1,16.0,Debit Card,Male,3.0,4,Others,4,Married,5,0,15.0,3.0,12.0,9.0,296.65,1-2 Years,Medium (10-20km),8-15 Days
51208,1,0.0,Computer,1,14.0,Debit Card,Male,3.0,4,Mobile Phone,1,Single,2,1,24.0,1.0,1.0,0.0,124.38999999999999,0-6 Months,Medium (10-20km),0-3 Days
51209,1,9.0,Mobile Phone,3,16.0,Debit Card,Female,3.0,3,Fashion,4,Married,6,0,21.0,0.0,1.0,7.0,173.14,6-12 Months,Medium (10-20km),4-7 Days
51210,0,0.0,Computer,1,21.0,Debit Card,Female,3.0,4,Mobile Phone,5,Married,1,0,19.0,7.0,7.0,3.0,147.74,0-6 Months,Far (>20km),0-3 Days
51211,0,12.0,Mobile Phone,1,25.0,UPI,Male,2.0,3,Laptop & Accessory,1,Married,9,0,14.0,1.0,2.0,2.0,139.02,6-12 Months,Far (>20km),0-3 Days
51212,0,28.0,Mobile Phone,1,8.0,Cash on Delivery,Male,3.0,4,Mobile Phone,1,Married,9,0,20.0,0.0,1.0,4.0,126.62,2+ Years,Near (<10km),4-7 Days
51213,0,1.0,Mobile Phone,3,9.0,Credit Card,Female,3.0,3,Mobile Phone,4,Married,2,0,19.0,1.0,1.0,0.0,128.56,0-6 Months,Near (<10km),0-3 Days
51214,1,0.0,Mobile Phone,3,15.0,Credit Card,Male,2.0,3,Mobile Phone,1,Single,2,0,13.0,0.0,1.0,0.0,110.81,0-6 Months,Medium (10-20km),0-3 Days
51215,1,0.0,Mobile Phone,1,14.0,Debit Card,Male,3.0,3,Mobile Phone,4,Single,2,1,23.0,1.0,1.0,0.0,124.72,0-6 Months,Medium (10-20km),0-3 Days
51216,0,9.0,Mobile Phone,3,16.0,Cash on Delivery,Female,3.0,4,Laptop & Accessory,3,Married,2,1,13.0,1.0,1.0,7.0,156.73,6-12 Months,Medium (10-20km),4-7 Days
51217,0,4.0,Mobile Phone,1,26.0,Debit Card,Male,2.0,3,Laptop & Accessory,3,Married,2,0,11.0,0.0,1.0,2.0,141.97,0-6 Months,Far (>20km),0-3 Days
51218,0,7.0,Mobile Phone,3,10.0,Debit Card,Male,3.0,3,Fashion,1,Married,3,1,13.0,0.0,1.0,0.0,197.13,6-12 Months,Near (<10km),0-3 Days
51219,0,9.0,Mobile Phone,1,13.0,Debit Card,Male,2.0,3,Mobile Phone,5,Single,4,0,14.0,0.0,1.0,2.0,120.62,6-12 Months,Medium (10-20km),0-3 Days
51220,0,10.0,Mobile Phone,1,13.0,Credit Card,Male,3.0,3,Laptop & Accessory,5,Married,6,1,22.0,0.0,1.0,4.0,142.84,6-12 Months,Medium (10-20km),4-7 Days
51221,0,8.0,Mobile Phone,1,22.0,UPI,Female,2.0,4,Laptop & Accessory,4,Married,1,1,11.0,1.0,1.0,2.0,147.88,6-12 Months,Far (>20km),0-3 Days
51222,0,18.0,Mobile Phone,1,31.0,Debit Card,Female,3.0,4,Laptop & Accessory,1,Married,1,0,13.0,0.0,3.0,8.0,159.06,1-2 Years,Far (>20km),8-15 Days
51223,0,9.0,Computer,2,8.0,UPI,Male,3.0,4,Laptop & Accessory,1,Single,2,0,21.0,1.0,1.0,8.0,138.86,6-12 Months,Near (<10km),8-15 Days
51224,0,13.0,Mobile Phone,1,6.0,Debit Card,Male,3.0,3,Grocery,5,Married,3,0,11.0,1.0,11.0,16.0,268.23,1-2 Years,Near (<10km),15+ Days
51225,0,0.0,Mobile Phone,1,6.0,Debit Card,Female,3.0,4,Mobile Phone,3,Married,2,1,13.0,0.0,1.0,0.0,129.33,0-6 Months,Near (<10km),0-3 Days
51226,0,0.0,Mobile Phone,3,8.0,Credit Card,Female,2.0,1,Laptop & Accessory,3,Single,1,0,14.0,0.0,1.0,7.0,165.0,0-6 Months,Near (<10km),4-7 Days
51227,0,21.0,Computer,1,28.0,Credit Card,Female,2.0,3,Grocery,1,Married,4,0,11.0,1.0,4.0,7.0,271.74,1-2 Years,Far (>20km),4-7 Days
51228,0,17.0,Mobile Phone,1,6.0,Debit Card,Male,3.0,1,Laptop & Accessory,5,Married,3,0,15.0,2.0,2.0,2.0,150.33,1-2 Years,Near (<10km),0-3 Days
51229,1,9.0,Computer,1,22.0,Cash on Delivery,Male,2.0,5,Mobile Phone,5,Married,2,1,23.0,3.0,3.0,0.0,123.07,6-12 Months,Far (>20km),0-3 Days
51230,1,19.0,Mobile Phone,1,14.0,Debit Card,Male,3.0,3,Mobile Phone,1,Single,2,0,16.0,0.0,1.0,0.0,125.87,1-2 Years,Medium (10-20km),0-3 Days
51231,0,9.0,Mobile Phone,3,23.0,E Wallet,Male,2.0,4,Laptop & Accessory,4,Married,3,0,16.0,1.0,1.0,3.0,155.07,6-12 Months,Far (>20km),0-3 Days
51232,0,14.0,Mobile Phone,3,14.0,E Wallet,Female,2.0,3,Laptop & Accessory,4,Married,6,0,21.0,1.0,1.0,4.0,143.93,1-2 Years,Medium (10-20km),4-7 Days
51233,0,15.0,Mobile Phone,1,12.0,Credit Card,Male,2.0,3,Fashion,5,Married,10,0,13.0,3.0,2.0,7.0,233.48000000000002,1-2 Years,Medium (10-20km),4-7 Days
51234,0,4.0,Mobile Phone,3,16.0,Credit Card,Female,2.0,3,Laptop & Accessory,1,Married,3,1,11.0,0.0,1.0,4.0,165.83,0-6 Months,Medium (10-20km),4-7 Days
51235,0,7.0,Mobile Phone,3,9.0,Credit Card,Female,3.0,4,Laptop & Accessory,1,Married,4,1,12.0,0.0,1.0,1.0,181.03,6-12 Months,Near (<10km),0-3 Days
51236,0,4.0,Mobile Phone,1,10.0,Credit Card,Female,3.0,1,Mobile Phone,3,Married,9,0,12.0,2.0,2.0,2.0,139.78,0-6 Months,Near (<10km),0-3 Days
51237,0,0.0,Computer,1,14.0,UPI,Male,3.0,1,Mobile Phone,1,Married,1,0,18.0,2.0,7.0,7.0,125.44,0-6 Months,Medium (10-20km),4-7 Days
51238,0,18.0,Computer,1,6.0,Credit Card,Male,2.0,3,Laptop & Accessory,3,Single,5,0,12.0,1.0,1.0,3.0,153.99,1-2 Years,Near (<10km),0-3 Days
51239,0,6.0,Mobile Phone,3,16.0,E Wallet,Male,2.0,3,Laptop & Accessory,3,Single,2,0,14.0,0.0,1.0,9.0,154.87,0-6 Months,Medium (10-20km),8-15 Days
51240,0,1.0,Computer,3,6.0,Debit Card,Male,2.0,4,Laptop & Accessory,1,Married,2,1,12.0,0.0,1.0,7.0,168.34,0-6 Months,Near (<10km),4-7 Days
51241,1,0.0,Computer,3,30.0,Cash on Delivery,Male,2.0,1,Mobile Phone,5,Single,2,0,17.0,1.0,1.0,0.0,110.91,0-6 Months,Far (>20km),0-3 Days
51242,0,12.0,Computer,3,27.0,Debit Card,Female,2.0,5,Laptop & Accessory,3,Married,7,0,19.0,0.0,1.0,2.0,157.36,6-12 Months,Far (>20km),0-3 Days
51243,0,9.0,Mobile Phone,1,8.0,Cash on Delivery,Male,2.0,3,Mobile Phone,4,Married,2,0,11.0,1.0,1.0,2.0,122.25999999999999,6-12 Months,Near (<10km),0-3 Days
51244,0,7.0,Computer,1,28.0,UPI,Male,2.0,4,Laptop & Accessory,1,Married,2,1,15.0,3.0,6.0,11.0,157.47,6-12 Months,Far (>20km),8-15 Days
51245,1,0.0,Mobile Phone,3,19.0,E Wallet,Female,2.0,3,Laptop & Accessory,3,Single,4,1,11.0,2.0,2.0,2.0,198.54,0-6 Months,Medium (10-20km),0-3 Days
51246,0,20.0,Computer,1,20.0,Cash on Delivery,Male,3.0,3,Laptop & Accessory,4,Married,9,0,18.0,0.0,1.0,7.0,154.67,1-2 Years,Medium (10-20km),4-7 Days
51247,0,29.0,Mobile Phone,3,17.0,E Wallet,Female,2.0,4,Laptop & Accessory,5,Married,5,0,16.0,0.0,1.0,0.0,153.8,2+ Years,Medium (10-20km),0-3 Days
51248,0,12.0,Mobile Phone,1,15.0,Credit Card,Male,2.0,3,Laptop & Accessory,5,Married,2,0,25.0,4.0,7.0,9.0,151.51,6-12 Months,Medium (10-20km),8-15 Days
51249,0,9.0,Computer,1,14.0,Credit Card,Female,2.0,4,Laptop & Accessory,4,Married,2,1,16.0,1.0,1.0,7.0,121.33000000000001,6-12 Months,Medium (10-20km),4-7 Days
51250,0,30.0,Mobile Phone,3,27.0,Debit Card,Female,3.0,3,Grocery,1,Married,5,1,13.0,1.0,1.0,0.0,278.75,2+ Years,Far (>20km),0-3 Days
51251,1,0.0,Computer,1,14.0,Debit Card,Female,2.0,1,Mobile Phone,3,Single,4,1,14.0,0.0,1.0,3.0,124.32,0-6 Months,Medium (10-20km),0-3 Days
51252,0,11.0,Mobile Phone,1,15.0,Debit Card,Male,3.0,3,Mobile Phone,1,Married,3,0,19.0,1.0,1.0,3.0,147.71,6-12 Months,Medium (10-20km),0-3 Days
51253,0,22.0,Computer,1,8.0,Debit Card,Male,2.0,3,Others,1,Married,4,0,15.0,1.0,4.0,3.0,291.61,1-2 Years,Near (<10km),0-3 Days
51254,0,15.0,Mobile Phone,3,18.0,E Wallet,Male,3.0,3,Laptop & Accessory,1,Married,4,1,12.0,0.0,1.0,0.0,150.87,1-2 Years,Medium (10-20km),0-3 Days
51255,1,0.0,Computer,2,28.0,UPI,Female,3.0,4,Mobile Phone,4,Married,2,0,12.0,1.0,1.0,0.0,128.63,0-6 Months,Far (>20km),0-3 Days
51256,0,8.0,Mobile Phone,3,24.0,Credit Card,Male,3.0,3,Laptop & Accessory,5,Married,1,0,16.0,0.0,1.0,4.0,0.0,6-12 Months,Far (>20km),4-7 Days
51257,0,9.0,Computer,1,22.0,Credit Card,Male,2.0,3,Mobile Phone,3,Single,2,0,14.0,0.0,1.0,4.0,121.44,6-12 Months,Far (>20km),4-7 Days
51258,0,4.0,Computer,1,9.0,Credit Card,Male,3.0,3,Mobile Phone,5,Married,2,1,13.0,0.0,2.0,3.0,130.65,0-6 Months,Near (<10km),0-3 Days
51259,0,9.0,Computer,1,15.0,Debit Card,Male,3.0,1,Mobile Phone,4,Married,2,0,22.0,1.0,1.0,2.0,128.1,6-12 Months,Medium (10-20km),0-3 Days
51260,0,7.0,Mobile Phone,3,6.0,E Wallet,Male,2.0,3,Fashion,1,Single,2,0,21.0,1.0,2.0,1.0,198.88,6-12 Months,Near (<10km),0-3 Days
51261,0,7.0,Mobile Phone,3,19.0,Credit Card,Male,2.0,3,Fashion,3,Married,2,0,18.0,1.0,1.0,1.0,186.28,6-12 Months,Medium (10-20km),0-3 Days
51262,0,0.0,Mobile Phone,1,6.0,Credit Card,Male,3.0,3,Mobile Phone,5,Single,1,0,13.0,3.0,7.0,6.0,128.67,0-6 Months,Near (<10km),4-7 Days
51263,0,2.0,Mobile Phone,1,6.0,Debit Card,Male,2.0,3,Laptop & Accessory,5,Married,1,0,12.0,1.0,1.0,2.0,153.73,0-6 Months,Near (<10km),0-3 Days
51264,0,5.0,Computer,1,21.0,Credit Card,Female,2.0,3,Laptop & Accessory,1,Married,6,0,18.0,0.0,1.0,2.0,166.67,0-6 Months,Far (>20km),0-3 Days
51265,0,4.0,Computer,1,6.0,Debit Card,Male,2.0,5,Laptop & Accessory,5,Married,2,0,21.0,1.0,8.0,7.0,150.03,0-6 Months,Near (<10km),4-7 Days
51266,1,0.0,Mobile Phone,1,14.0,Cash on Delivery,Male,2.0,4,Mobile Phone,1,Married,6,0,12.0,0.0,1.0,3.0,123.66999999999999,0-6 Months,Medium (10-20km),0-3 Days
51267,0,11.0,Mobile Phone,3,6.0,Debit Card,Male,3.0,4,Mobile Phone,5,Single,5,0,14.0,0.0,1.0,0.0,128.58,6-12 Months,Near (<10km),0-3 Days
51268,0,8.0,Mobile Phone,3,13.0,Debit Card,Female,2.0,3,Laptop & Accessory,1,Married,2,1,11.0,1.0,1.0,9.0,152.04,6-12 Months,Medium (10-20km),8-15 Days
51269,0,0.0,Mobile Phone,3,15.0,E Wallet,Male,2.0,3,Laptop & Accessory,1,Single,2,0,14.0,0.0,1.0,7.0,141.05,0-6 Months,Medium (10-20km),4-7 Days
51270,0,5.0,Mobile Phone,1,11.0,Debit Card,Male,2.0,4,Laptop & Accessory,1,Single,9,0,24.0,0.0,1.0,0.0,196.79,0-6 Months,Medium (10-20km),0-3 Days
51271,1,0.0,Computer,3,32.0,E Wallet,Male,3.0,3,Laptop & Accessory,1,Married,2,1,11.0,0.0,1.0,8.0,156.17,0-6 Months,Far (>20km),8-15 Days
51272,1,16.0,Mobile Phone,3,30.0,Debit Card,Male,3.0,3,Fashion,5,Single,7,1,13.0,2.0,2.0,2.0,204.48,1-2 Years,Far (>20km),0-3 Days
51273,0,27.0,Mobile Phone,1,15.0,Debit Card,Female,3.0,3,Laptop & Accessory,3,Married,4,0,11.0,0.0,2.0,3.0,128.97,2+ Years,Medium (10-20km),0-3 Days
51274,0,6.0,Computer,1,13.0,Debit Card,Male,2.0,3,Laptop & Accessory,3,Married,2,0,20.0,2.0,2.0,8.0,159.68,0-6 Months,Medium (10-20km),8-15 Days
51275,0,16.0,Mobile Phone,1,17.0,Debit Card,Male,1.0,3,Fashion,3,Married,2,0,17.0,1.0,1.0,9.0,175.1,1-2 Years,Medium (10-20km),8-15 Days
51276,0,11.0,Computer,2,6.0,UPI,Male,3.0,3,Mobile Phone,4,Married,1,1,11.0,1.0,1.0,2.0,129.91,6-12 Months,Near (<10km),0-3 Days
51277,0,28.0,Mobile Phone,2,32.0,UPI,Male,3.0,1,Others,4,Married,5,1,15.0,1.0,1.0,4.0,296.36,2+ Years,Far (>20km),4-7 Days
51278,0,4.0,Mobile Phone,1,8.0,Credit Card,Female,2.0,5,Mobile Phone,1,Married,2,1,11.0,1.0,1.0,0.0,111.28999999999999,0-6 Months,Near (<10km),0-3 Days
51279,0,12.0,Mobile Phone,3,21.0,E Wallet,Male,3.0,3,Grocery,5,Single,1,0,12.0,4.0,2.0,10.0,233.41000000000003,6-12 Months,Far (>20km),8-15 Days
51280,0,15.0,Computer,1,29.0,Debit Card,Male,2.0,4,Laptop & Accessory,3,Single,2,0,12.0,2.0,3.0,7.0,143.32,1-2 Years,Far (>20km),4-7 Days
51281,0,4.0,Computer,1,16.0,Credit Card,Female,2.0,3,Fashion,3,Married,5,0,20.0,3.0,4.0,3.0,210.31,0-6 Months,Medium (10-20km),0-3 Days
51282,0,27.0,Mobile Phone,1,16.0,Credit Card,Female,3.0,3,Laptop & Accessory,5,Single,7,1,19.0,0.0,1.0,4.0,144.4,2+ Years,Medium (10-20km),4-7 Days
51283,0,0.0,Mobile Phone,1,6.0,Debit Card,Male,2.0,4,Laptop & Accessory,3,Single,2,0,12.0,1.0,1.0,2.0,146.17,0-6 Months,Near (<10km),0-3 Days
51284,0,0.0,Mobile Phone,1,14.0,UPI,Male,3.0,3,Mobile Phone,1,Single,2,0,13.0,1.0,1.0,4.0,126.47,0-6 Months,Medium (10-20km),4-7 Days
51285,0,13.0,Computer,1,17.0,Cash on Delivery,Female,3.0,3,Laptop & Accessory,3,Married,2,0,11.0,2.0,9.0,4.0,163.23,1-2 Years,Medium (10-20km),4-7 Days
51286,0,13.0,Mobile Phone,3,8.0,E Wallet,Female,3.0,3,Laptop & Accessory,4,Married,4,0,14.0,1.0,5.0,10.0,156.77,1-2 Years,Near (<10km),8-15 Days
51287,0,9.0,Mobile Phone,2,8.0,UPI,Female,2.0,3,Mobile Phone,4,Married,5,0,14.0,0.0,1.0,2.0,121.87,6-12 Months,Near (<10km),0-3 Days
51288,0,3.0,Mobile Phone,1,6.0,Credit Card,Male,3.0,3,Mobile Phone,4,Married,2,0,13.0,0.0,1.0,7.0,137.48,0-6 Months,Near (<10km),4-7 Days
51289,0,0.0,Mobile Phone,1,8.0,UPI,Male,2.0,3,Mobile Phone,3,Married,7,1,19.0,0.0,1.0,2.0,139.77,0-6 Months,Near (<10km),0-3 Days
51290,0,20.0,Mobile Phone,1,31.0,Credit Card,Male,2.0,3,Fashion,3,Single,3,0,23.0,1.0,12.0,11.0,186.33,1-2 Years,Far (>20km),8-15 Days
51291,0,9.0,Computer,1,6.0,Credit Card,Male,2.0,4,Mobile Phone,3,Married,2,0,12.0,0.0,1.0,0.0,120.08000000000001,6-12 Months,Near (<10km),0-3 Days
51292,0,11.0,Mobile Phone,3,6.0,Debit Card,Male,2.0,3,Laptop & Accessory,4,Married,1,0,15.0,4.0,5.0,8.0,144.4,6-12 Months,Near (<10km),8-15 Days
51293,0,4.0,Mobile Phone,3,8.0,Debit Card,Male,3.0,3,Mobile Phone,3,Married,1,0,19.0,1.0,1.0,2.0,130.67,0-6 Months,Near (<10km),0-3 Days
51294,0,11.0,Computer,1,12.0,Debit Card,Male,3.0,4,Laptop & Accessory,3,Married,3,0,11.0,2.0,7.0,7.0,153.21,6-12 Months,Medium (10-20km),4-7 Days
51295,0,15.0,Mobile Phone,1,24.0,Debit Card,Male,2.0,3,Laptop & Accessory,5,Married,7,1,17.0,0.0,1.0,2.0,154.1,1-2 Years,Far (>20km),0-3 Days
51296,0,14.0,Mobile Phone,1,6.0,Debit Card,Male,3.0,3,Mobile Phone,1,Married,4,0,22.0,0.0,1.0,0.0,127.82,1-2 Years,Near (<10km),0-3 Days
51297,0,20.0,Computer,1,6.0,Credit Card,Female,3.0,3,Fashion,4,Married,1,0,18.0,0.0,5.0,3.0,219.57,1-2 Years,Near (<10km),0-3 Days
51298,0,8.0,Mobile Phone,1,17.0,Credit Card,Male,2.0,3,Mobile Phone,3,Married,8,1,11.0,0.0,2.0,2.0,126.6,6-12 Months,Medium (10-20km),0-3 Days
51299,0,0.0,Mobile Phone,1,6.0,Debit Card,Male,3.0,3,Mobile Phone,3,Single,1,0,12.0,0.0,1.0,2.0,133.75,0-6 Months,Near (<10km),0-3 Days
51300,0,8.0,Mobile Phone,1,15.0,Credit Card,Male,2.0,3,Laptop & Accessory,3,Single,2,0,19.0,0.0,1.0,8.0,150.98,6-12 Months,Medium (10-20km),8-15 Days
51301,0,6.0,Mobile Phone,1,21.0,Credit Card,Female,3.0,3,Laptop & Accessory,1,Married,1,1,13.0,5.0,8.0,1.0,12.0,0-6 Months,Far (>20km),0-3 Days
51302,0,5.0,Mobile Phone,1,35.0,Debit Card,Female,3.0,4,Mobile Phone,4,Single,2,0,13.0,3.0,4.0,1.0,128.37,0-6 Months,Far (>20km),0-3 Days
51303,0,13.0,Mobile Phone,1,14.0,Debit Card,Male,2.0,3,Mobile Phone,1,Married,9,0,19.0,0.0,1.0,0.0,124.06,1-2 Years,Medium (10-20km),0-3 Days
51304,0,9.0,Mobile Phone,3,6.0,Credit Card,Male,3.0,4,Mobile Phone,4,Married,1,0,14.0,0.0,2.0,2.0,122.69,6-12 Months,Near (<10km),0-3 Days
51305,0,12.0,Mobile Phone,1,30.0,Debit Card,Male,2.0,3,Laptop & Accessory,1,Single,8,0,13.0,1.0,1.0,7.0,141.08,6-12 Months,Far (>20km),4-7 Days
51306,0,11.0,Mobile Phone,1,16.0,Credit Card,Female,2.0,5,Fashion,3,Married,4,0,12.0,1.0,2.0,11.0,232.06,6-12 Months,Medium (10-20km),8-15 Days
51307,0,5.0,Mobile Phone,3,6.0,E Wallet,Female,2.0,3,Fashion,1,Married,2,0,19.0,3.0,5.0,7.0,204.22,0-6 Months,Near (<10km),4-7 Days
51308,0,10.0,Mobile Phone,1,16.0,Debit Card,Female,2.0,1,Fashion,1,Married,2,1,25.0,0.0,2.0,8.0,237.44,6-12 Months,Medium (10-20km),8-15 Days
51309,0,0.0,Mobile Phone,3,14.0,UPI,Female,2.0,3,Laptop & Accessory,3,Married,1,1,22.0,1.0,1.0,4.0,149.07,0-6 Months,Medium (10-20km),4-7 Days
51310,0,25.0,Computer,3,126.0,Debit Card,Male,2.0,3,Mobile Phone,1,Married,3,0,15.0,1.0,1.0,0.0,134.82,2+ Years,Far (>20km),0-3 Days
51311,0,17.0,Mobile Phone,1,14.0,Credit Card,Male,2.0,3,Mobile Phone,1,Single,7,1,12.0,0.0,1.0,2.0,124.36000000000001,1-2 Years,Medium (10-20km),0-3 Days
51312,0,0.0,Mobile Phone,3,14.0,Credit Card,Male,2.0,3,Mobile Phone,5,Single,2,1,11.0,1.0,1.0,2.0,123.80000000000001,0-6 Months,Medium (10-20km),0-3 Days
51313,0,12.0,Computer,1,15.0,Debit Card,Male,2.0,3,Others,1,Single,3,0,15.0,0.0,1.0,3.0,294.31,6-12 Months,Medium (10-20km),0-3 Days
51314,1,9.0,Computer,3,15.0,E Wallet,Male,2.0,3,Mobile Phone,5,Married,2,0,19.0,1.0,1.0,0.0,117.9,6-12 Months,Medium (10-20km),0-3 Days
51315,0,9.0,Mobile Phone,3,9.0,Credit Card,Female,3.0,4,Fashion,1,Married,1,0,19.0,3.0,3.0,4.0,176.44,6-12 Months,Near (<10km),4-7 Days
51316,0,9.0,Computer,1,10.0,Debit Card,Female,3.0,3,Laptop & Accessory,4,Married,8,0,13.0,1.0,1.0,2.0,151.31,6-12 Months,Near (<10km),0-3 Days
51317,0,29.0,Computer,1,6.0,Debit Card,Male,2.0,3,Laptop & Accessory,3,Married,2,0,21.0,0.0,1.0,9.0,163.06,2+ Years,Near (<10km),8-15 Days
51318,1,0.0,Mobile Phone,1,6.0,Credit Card,Male,2.0,3,Mobile Phone,1,Married,10,1,14.0,2.0,2.0,2.0,147.87,0-6 Months,Near (<10km),0-3 Days
51319,0,15.0,Mobile Phone,1,8.0,Debit Card,Male,2.0,3,Others,3,Married,6,0,11.0,1.0,4.0,14.0,288.8,1-2 Years,Near (<10km),8-15 Days
51320,1,19.0,Mobile Phone,1,14.0,Cash on Delivery,Male,3.0,3,Mobile Phone,3,Married,9,0,11.0,6.0,9.0,8.0,123.38999999999999,1-2 Years,Medium (10-20km),8-15 Days
51321,0,14.0,Mobile Phone,1,34.0,Debit Card,Female,2.0,4,Grocery,4,Married,1,0,23.0,1.0,2.0,10.0,235.7,1-2 Years,Far (>20km),8-15 Days
51322,0,7.0,Mobile Phone,3,34.0,E Wallet,Female,3.0,4,Laptop & Accessory,3,Married,2,0,21.0,1.0,1.0,7.0,167.12,6-12 Months,Far (>20km),4-7 Days
51323,0,9.0,Computer,3,21.0,E Wallet,Male,2.0,5,Laptop & Accessory,1,Married,2,0,24.0,4.0,11.0,11.0,154.06,6-12 Months,Far (>20km),8-15 Days
51324,0,14.0,Mobile Phone,3,9.0,Debit Card,Male,2.0,4,Laptop & Accessory,4,Married,3,0,11.0,0.0,1.0,4.0,189.38,1-2 Years,Near (<10km),4-7 Days
51325,0,5.0,Mobile Phone,1,14.0,Cash on Delivery,Male,3.0,3,Mobile Phone,5,Single,2,0,14.0,1.0,1.0,2.0,124.38999999999999,0-6 Months,Medium (10-20km),0-3 Days
51326,0,8.0,Mobile Phone,2,32.0,Debit Card,Female,2.0,3,Fashion,1,Single,2,1,16.0,1.0,1.0,7.0,188.37,6-12 Months,Far (>20km),4-7 Days
51327,0,11.0,Mobile Phone,3,16.0,Debit Card,Female,3.0,3,Laptop & Accessory,1,Married,2,0,11.0,0.0,1.0,9.0,153.43,6-12 Months,Medium (10-20km),8-15 Days
51328,1,13.0,Computer,3,6.0,Debit Card,Male,3.0,3,Laptop & Accessory,3,Married,8,0,12.0,1.0,1.0,1.0,167.28,1-2 Years,Near (<10km),0-3 Days
51329,0,9.0,Mobile Phone,3,17.0,E Wallet,Female,3.0,4,Laptop & Accessory,1,Married,5,0,13.0,1.0,1.0,0.0,166.52,6-12 Months,Medium (10-20km),0-3 Days
51330,0,18.0,Mobile Phone,3,26.0,Debit Card,Female,2.0,3,Laptop & Accessory,3,Single,9,0,15.0,1.0,1.0,1.0,148.5,1-2 Years,Far (>20km),0-3 Days
51331,0,13.0,Mobile Phone,1,8.0,Debit Card,Male,3.0,4,Mobile Phone,3,Single,3,0,14.0,0.0,2.0,2.0,128.09,1-2 Years,Near (<10km),0-3 Days
51332,0,8.0,Computer,1,24.0,Debit Card,Male,3.0,3,Laptop & Accessory,3,Married,2,1,14.0,1.0,1.0,2.0,156.89,6-12 Months,Far (>20km),0-3 Days
51333,0,9.0,Mobile Phone,1,8.0,Credit Card,Female,3.0,3,Mobile Phone,3,Married,3,0,14.0,1.0,1.0,2.0,120.00999999999999,6-12 Months,Near (<10km),0-3 Days
51334,0,8.0,Mobile Phone,1,6.0,Debit Card,Female,3.0,5,Mobile Phone,1,Married,2,0,12.0,0.0,1.0,1.0,129.77,6-12 Months,Near (<10km),0-3 Days
51335,0,2.0,Mobile Phone,1,19.0,UPI,Male,2.0,4,Laptop & Accessory,4,Married,5,1,13.0,1.0,1.0,3.0,140.25,0-6 Months,Medium (10-20km),0-3 Days
51336,0,2.0,Mobile Phone,1,34.0,Credit Card,Female,3.0,4,Mobile Phone,5,Single,2,0,14.0,0.0,1.0,4.0,137.85,0-6 Months,Far (>20km),4-7 Days
51337,1,13.0,Mobile Phone,3,34.0,E Wallet,Male,2.0,4,Fashion,5,Married,5,1,13.0,0.0,2.0,0.0,208.54000000000002,1-2 Years,Far (>20km),0-3 Days
51338,0,12.0,Mobile Phone,3,30.0,E Wallet,Female,2.0,4,Grocery,1,Married,1,0,11.0,1.0,9.0,3.0,220.31,6-12 Months,Far (>20km),0-3 Days
51339,0,4.0,Computer,1,11.0,Credit Card,Male,3.0,3,Laptop & Accessory,5,Single,1,0,19.0,0.0,1.0,7.0,199.36,0-6 Months,Medium (10-20km),4-7 Days
51340,0,0.0,Mobile Phone,3,11.0,UPI,Female,3.0,4,Mobile Phone,3,Single,1,0,18.0,0.0,1.0,0.0,129.66,0-6 Months,Medium (10-20km),0-3 Days
51341,0,9.0,Computer,1,14.0,Credit Card,Male,2.0,1,Laptop & Accessory,1,Married,5,0,17.0,0.0,1.0,3.0,125.71000000000001,6-12 Months,Medium (10-20km),0-3 Days
51342,0,12.0,Mobile Phone,1,12.0,Credit Card,Male,2.0,4,Fashion,5,Married,5,0,15.0,1.0,1.0,7.0,199.91,6-12 Months,Medium (10-20km),4-7 Days
51343,0,0.0,Mobile Phone,1,10.0,Debit Card,Male,2.0,1,Laptop & Accessory,4,Married,2,1,20.0,1.0,1.0,3.0,161.42,0-6 Months,Near (<10km),0-3 Days
51344,0,22.0,Computer,3,8.0,Credit Card,Male,3.0,4,Laptop & Accessory,4,Married,3,0,14.0,1.0,1.0,8.0,153.9,1-2 Years,Near (<10km),8-15 Days
51345,0,7.0,Mobile Phone,1,14.0,Credit Card,Male,2.0,1,Laptop & Accessory,3,Married,3,0,12.0,0.0,1.0,2.0,144.04,6-12 Months,Medium (10-20km),0-3 Days
51346,1,4.0,Mobile Phone,3,6.0,Debit Card,Female,3.0,3,Laptop & Accessory,1,Single,9,1,11.0,0.0,1.0,5.0,159.93,0-6 Months,Near (<10km),4-7 Days
51347,0,22.0,Computer,1,14.0,Debit Card,Male,3.0,4,Laptop & Accessory,4,Married,2,0,23.0,0.0,1.0,7.0,151.3,1-2 Years,Medium (10-20km),4-7 Days
51348,1,9.0,Mobile Phone,1,8.0,UPI,Male,3.0,4,Mobile Phone,3,Single,7,1,15.0,0.0,1.0,0.0,120.9,6-12 Months,Near (<10km),0-3 Days
51349,0,6.0,Computer,1,9.0,Debit Card,Female,3.0,3,Mobile Phone,3,Married,2,1,11.0,2.0,3.0,0.0,129.09,0-6 Months,Near (<10km),0-3 Days
51350,0,0.0,Mobile Phone,1,8.0,Credit Card,Male,2.0,3,Mobile Phone,4,Married,10,0,12.0,1.0,2.0,2.0,134.68,0-6 Months,Near (<10km),0-3 Days
51351,0,5.0,Computer,1,8.0,Debit Card,Male,3.0,3,Mobile Phone,1,Single,1,0,13.0,1.0,3.0,6.0,130.68,0-6 Months,Near (<10km),4-7 Days
51352,0,30.0,Mobile Phone,1,9.0,Credit Card,Female,3.0,1,Mobile Phone,5,Married,5,1,20.0,0.0,1.0,0.0,126.69999999999999,2+ Years,Near (<10km),0-3 Days
51353,0,3.0,Mobile Phone,1,30.0,Debit Card,Male,3.0,3,Mobile Phone,3,Married,2,0,22.0,1.0,1.0,0.0,126.93,0-6 Months,Far (>20km),0-3 Days
51354,0,11.0,Computer,1,29.0,Debit Card,Male,2.0,4,Fashion,3,Single,1,0,21.0,1.0,1.0,8.0,195.26,6-12 Months,Far (>20km),8-15 Days
51355,0,9.0,Mobile Phone,1,33.0,Credit Card,Male,3.0,3,Laptop & Accessory,3,Married,7,0,13.0,0.0,7.0,7.0,152.37,6-12 Months,Far (>20km),4-7 Days
51356,0,8.0,Mobile Phone,1,14.0,Credit Card,Male,2.0,1,Mobile Phone,4,Married,1,0,13.0,1.0,1.0,3.0,124.25999999999999,6-12 Months,Medium (10-20km),0-3 Days
51357,0,2.0,Mobile Phone,1,21.0,Debit Card,Female,2.0,4,Laptop & Accessory,3,Single,1,1,12.0,1.0,1.0,8.0,141.93,0-6 Months,Far (>20km),8-15 Days
51358,0,4.0,Mobile Phone,1,32.0,Debit Card,Male,3.0,3,Mobile Phone,3,Married,2,0,17.0,3.0,4.0,3.0,129.11,0-6 Months,Far (>20km),0-3 Days
51359,0,7.0,Mobile Phone,1,25.0,Credit Card,Male,3.0,3,Mobile Phone,1,Married,1,0,11.0,0.0,1.0,2.0,126.61000000000001,6-12 Months,Far (>20km),0-3 Days
51360,1,9.0,Mobile Phone,1,30.0,Debit Card,Male,2.0,4,Mobile Phone,3,Single,6,1,14.0,0.0,1.0,3.0,120.28,6-12 Months,Far (>20km),0-3 Days
51361,0,2.0,Mobile Phone,1,27.0,Debit Card,Female,2.0,1,Fashion,5,Married,2,0,11.0,6.0,8.0,8.0,199.8,0-6 Months,Far (>20km),8-15 Days
51362,0,5.0,Mobile Phone,1,11.0,Debit Card,Male,3.0,1,Mobile Phone,4,Married,1,1,12.0,1.0,1.0,5.0,132.98,0-6 Months,Medium (10-20km),4-7 Days
51363,0,0.0,Computer,1,22.0,Credit Card,Male,3.0,1,Mobile Phone,1,Married,2,1,13.0,0.0,1.0,0.0,129.35,0-6 Months,Far (>20km),0-3 Days
51364,0,26.0,Mobile Phone,3,8.0,Debit Card,Female,3.0,4,Grocery,1,Married,3,0,16.0,0.0,2.0,7.0,254.26999999999998,2+ Years,Near (<10km),4-7 Days
51365,0,11.0,Mobile Phone,1,8.0,Debit Card,Male,2.0,3,Mobile Phone,1,Single,6,1,11.0,0.0,1.0,2.0,139.44,6-12 Months,Near (<10km),0-3 Days
51366,0,0.0,Computer,1,17.0,UPI,Female,3.0,1,Laptop & Accessory,3,Married,1,0,18.0,0.0,1.0,3.0,140.11,0-6 Months,Medium (10-20km),0-3 Days
51367,1,0.0,Mobile Phone,3,15.0,Debit Card,Male,2.0,4,Mobile Phone,5,Single,8,0,23.0,0.0,1.0,3.0,134.07,0-6 Months,Medium (10-20km),0-3 Days
51368,0,7.0,Mobile Phone,1,13.0,Debit Card,Female,2.0,3,Fashion,4,Single,1,0,11.0,0.0,2.0,3.0,219.94,6-12 Months,Medium (10-20km),0-3 Days
51369,0,9.0,Mobile Phone,1,21.0,Debit Card,Male,3.0,3,Mobile Phone,1,Single,2,0,14.0,1.0,1.0,0.0,112.32,6-12 Months,Far (>20km),0-3 Days
51370,1,0.0,Mobile Phone,1,12.0,Credit Card,Male,3.0,3,Mobile Phone,5,Single,3,0,11.0,0.0,1.0,3.0,129.6,0-6 Months,Medium (10-20km),0-3 Days
51371,0,26.0,Mobile Phone,1,11.0,UPI,Female,2.0,3,Others,3,Married,5,0,11.0,1.0,4.0,8.0,290.94,2+ Years,Medium (10-20km),8-15 Days
51372,1,0.0,Computer,1,22.0,Debit Card,Female,3.0,5,Mobile Phone,5,Single,2,1,22.0,0.0,6.0,7.0,139.19,0-6 Months,Far (>20km),4-7 Days
51373,0,15.0,Mobile Phone,3,14.0,E Wallet,Male,2.0,3,Laptop & Accessory,4,Married,1,0,11.0,2.0,4.0,2.0,168.25,1-2 Years,Medium (10-20km),0-3 Days
51374,0,17.0,Mobile Phone,1,13.0,Credit Card,Female,2.0,4,Fashion,1,Married,4,0,14.0,0.0,5.0,17.0,202.48,1-2 Years,Medium (10-20km),15+ Days
51375,0,19.0,Mobile Phone,3,8.0,E Wallet,Female,2.0,3,Others,5,Single,4,0,12.0,1.0,2.0,1.0,289.47,1-2 Years,Near (<10km),0-3 Days
51376,0,6.0,Mobile Phone,1,14.0,Credit Card,Male,3.0,3,Mobile Phone,1,Single,5,0,11.0,0.0,1.0,0.0,124.96000000000001,0-6 Months,Medium (10-20km),0-3 Days
51377,0,17.0,Mobile Phone,1,16.0,UPI,Male,2.0,3,Laptop & Accessory,1,Married,3,1,13.0,0.0,1.0,3.0,164.65,1-2 Years,Medium (10-20km),0-3 Days
51378,0,9.0,Mobile Phone,1,15.0,Credit Card,Male,2.0,4,Mobile Phone,3,Single,2,0,13.0,0.0,1.0,8.0,122.06,6-12 Months,Medium (10-20km),8-15 Days
51379,1,9.0,Mobile Phone,3,11.0,Cash on Delivery,Male,2.0,3,Laptop & Accessory,1,Married,4,0,14.0,0.0,1.0,0.0,120.86000000000001,6-12 Months,Medium (10-20km),0-3 Days
51380,1,9.0,Mobile Phone,1,6.0,Credit Card,Male,3.0,3,Mobile Phone,1,Married,3,1,16.0,0.0,2.0,0.0,122.93,6-12 Months,Near (<10km),0-3 Days
51381,0,16.0,Mobile Phone,1,14.0,Credit Card,Female,3.0,1,Mobile Phone,3,Married,2,0,12.0,1.0,1.0,4.0,126.44999999999999,1-2 Years,Medium (10-20km),4-7 Days
51382,1,13.0,Mobile Phone,3,9.0,E Wallet,Male,3.0,4,Mobile Phone,3,Married,2,1,14.0,1.0,1.0,2.0,126.83000000000001,1-2 Years,Near (<10km),0-3 Days
51383,0,9.0,Mobile Phone,3,8.0,E Wallet,Female,3.0,3,Mobile Phone,1,Married,2,0,13.0,2.0,2.0,2.0,120.13999999999999,6-12 Months,Near (<10km),0-3 Days
51384,0,9.0,Mobile Phone,1,11.0,Debit Card,Female,2.0,4,Mobile Phone,5,Married,10,1,14.0,1.0,1.0,0.0,134.19,6-12 Months,Medium (10-20km),0-3 Days
51385,0,6.0,Computer,3,6.0,Debit Card,Female,2.0,1,Laptop & Accessory,5,Married,3,0,19.0,0.0,1.0,3.0,153.76,0-6 Months,Near (<10km),0-3 Days
51386,0,9.0,Mobile Phone,1,10.0,UPI,Male,3.0,3,Mobile Phone,1,Married,2,0,12.0,1.0,1.0,0.0,119.50999999999999,6-12 Months,Near (<10km),0-3 Days
51387,0,0.0,Mobile Phone,1,14.0,Debit Card,Female,2.0,3,Mobile Phone,5,Married,2,0,13.0,1.0,1.0,0.0,123.41,0-6 Months,Medium (10-20km),0-3 Days
51388,1,9.0,Mobile Phone,1,31.0,Debit Card,Male,2.0,5,Mobile Phone,3,Single,2,0,12.0,0.0,1.0,1.0,122.93,6-12 Months,Far (>20km),0-3 Days
51389,0,0.0,Computer,3,14.0,Debit Card,Male,2.0,3,Fashion,3,Single,2,0,15.0,1.0,1.0,7.0,187.26,0-6 Months,Medium (10-20km),4-7 Days
51390,0,3.0,Computer,1,6.0,Credit Card,Female,2.0,3,Laptop & Accessory,1,Single,2,0,23.0,1.0,3.0,7.0,140.11,0-6 Months,Near (<10km),4-7 Days
51391,1,4.0,Mobile Phone,1,18.0,Cash on Delivery,Female,2.0,3,Others,3,Married,2,0,15.0,1.0,15.0,8.0,295.45,0-6 Months,Medium (10-20km),8-15 Days
51392,0,7.0,Computer,3,29.0,E Wallet,Male,3.0,3,Laptop & Accessory,3,Single,1,0,20.0,0.0,8.0,7.0,145.68,6-12 Months,Far (>20km),4-7 Days
51393,0,10.0,Mobile Phone,1,25.0,Debit Card,Male,3.0,3,Mobile Phone,4,Married,5,0,21.0,0.0,1.0,0.0,130.22,6-12 Months,Far (>20km),0-3 Days
51394,0,19.0,Computer,3,11.0,E Wallet,Male,3.0,3,Laptop & Accessory,1,Single,5,1,21.0,1.0,1.0,8.0,157.72,1-2 Years,Medium (10-20km),8-15 Days
51395,0,9.0,Mobile Phone,1,14.0,Debit Card,Male,2.0,1,Mobile Phone,1,Married,2,0,19.0,1.0,1.0,1.0,122.69,6-12 Months,Medium (10-20km),0-3 Days
51396,1,11.0,Mobile Phone,1,6.0,Debit Card,Male,3.0,4,Fashion,3,Single,10,1,13.0,0.0,1.0,0.0,153.81,6-12 Months,Near (<10km),0-3 Days
51397,1,0.0,Mobile Phone,1,11.0,Cash on Delivery,Male,2.0,3,Mobile Phone,3,Single,2,1,13.0,0.0,2.0,2.0,134.41,0-6 Months,Medium (10-20km),0-3 Days
51398,0,17.0,Mobile Phone,3,6.0,E Wallet,Female,3.0,3,Laptop & Accessory,5,Married,6,1,21.0,1.0,1.0,3.0,154.54,1-2 Years,Near (<10km),0-3 Days
51399,0,8.0,Computer,1,17.0,Credit Card,Male,3.0,4,Fashion,5,Married,3,1,13.0,1.0,2.0,3.0,198.84,6-12 Months,Medium (10-20km),0-3 Days
51400,0,0.0,Mobile Phone,3,29.0,E Wallet,Female,2.0,4,Laptop & Accessory,1,Married,8,1,19.0,0.0,1.0,0.0,141.57,0-6 Months,Far (>20km),0-3 Days
51401,0,6.0,Computer,1,29.0,Debit Card,Female,3.0,3,Fashion,1,Single,2,1,12.0,3.0,2.0,12.0,234.57999999999998,0-6 Months,Far (>20km),8-15 Days
51402,0,8.0,Computer,3,5.0,Debit Card,Male,3.0,3,Fashion,5,Married,2,0,22.0,0.0,1.0,8.0,190.69,6-12 Months,Near (<10km),8-15 Days
51403,0,8.0,Mobile Phone,1,29.0,Credit Card,Female,1.0,3,Mobile Phone,5,Married,4,1,15.0,0.0,2.0,2.0,140.14,6-12 Months,Far (>20km),0-3 Days
51404,0,4.0,Mobile Phone,1,13.0,Debit Card,Male,2.0,3,Laptop & Accessory,1,Married,4,0,22.0,0.0,1.0,7.0,159.15,0-6 Months,Medium (10-20km),4-7 Days
51405,0,10.0,Mobile Phone,1,6.0,Debit Card,Male,2.0,4,Laptop & Accessory,3,Married,2,0,18.0,0.0,1.0,7.0,159.93,6-12 Months,Near (<10km),4-7 Days
51406,0,5.0,Mobile Phone,1,6.0,Credit Card,Male,2.0,3,Laptop & Accessory,1,Married,2,1,22.0,5.0,7.0,8.0,161.62,0-6 Months,Near (<10km),8-15 Days
51407,0,11.0,Computer,1,14.0,Debit Card,Female,2.0,3,Laptop & Accessory,1,Single,2,0,11.0,6.0,9.0,9.0,124.06,6-12 Months,Medium (10-20km),8-15 Days
51408,0,23.0,Mobile Phone,1,13.0,Credit Card,Female,2.0,4,Others,3,Married,6,1,12.0,1.0,13.0,8.0,287.4,1-2 Years,Medium (10-20km),8-15 Days
51409,0,30.0,Mobile Phone,3,31.0,Debit Card,Female,4.0,3,Fashion,5,Single,8,0,11.0,6.0,7.0,9.0,176.37,2+ Years,Far (>20km),8-15 Days
51410,0,9.0,Mobile Phone,1,14.0,Cash on Delivery,Female,2.0,3,Fashion,3,Married,2,0,13.0,7.0,12.0,8.0,200.96,6-12 Months,Medium (10-20km),8-15 Days
51411,0,28.0,Mobile Phone,1,14.0,Credit Card,Female,2.0,3,Grocery,3,Married,3,1,14.0,1.0,2.0,2.0,247.56,2+ Years,Medium (10-20km),0-3 Days
51412,0,9.0,Computer,1,17.0,Debit Card,Male,3.0,4,Laptop & Accessory,4,Single,2,0,13.0,1.0,1.0,3.0,164.99,6-12 Months,Medium (10-20km),0-3 Days
51413,0,18.0,Mobile Phone,1,13.0,Debit Card,Male,2.0,3,Fashion,5,Married,3,0,17.0,0.0,1.0,0.0,197.24,1-2 Years,Medium (10-20km),0-3 Days
51414,0,9.0,Computer,1,6.0,Credit Card,Male,3.0,3,Mobile Phone,5,Married,5,0,13.0,0.0,1.0,2.0,121.94,6-12 Months,Near (<10km),0-3 Days
51415,1,0.0,Mobile Phone,1,15.0,Credit Card,Male,3.0,4,Mobile Phone,3,Married,1,1,17.0,1.0,1.0,0.0,133.88,0-6 Months,Medium (10-20km),0-3 Days
51416,0,30.0,Computer,3,6.0,Debit Card,Female,2.0,4,Laptop & Accessory,3,Single,8,0,11.0,1.0,1.0,3.0,154.73,2+ Years,Near (<10km),0-3 Days
51417,0,2.0,Mobile Phone,1,8.0,Debit Card,Male,3.0,3,Mobile Phone,4,Married,1,0,23.0,1.0,1.0,4.0,127.03,0-6 Months,Near (<10km),4-7 Days
51418,0,4.0,Mobile Phone,1,14.0,Credit Card,Male,2.0,3,Mobile Phone,4,Single,2,0,17.0,1.0,1.0,0.0,125.00999999999999,0-6 Months,Medium (10-20km),0-3 Days
51419,0,5.0,Mobile Phone,1,6.0,Debit Card,Male,3.0,3,Laptop & Accessory,4,Married,2,0,17.0,1.0,1.0,9.0,162.2,0-6 Months,Near (<10km),8-15 Days
51420,0,9.0,Mobile Phone,1,12.0,Debit Card,Female,3.0,1,Mobile Phone,1,Married,4,0,12.0,0.0,1.0,0.0,130.38,6-12 Months,Medium (10-20km),0-3 Days
51421,0,4.0,Mobile Phone,1,14.0,Debit Card,Female,3.0,3,Laptop & Accessory,1,Single,2,0,23.0,1.0,1.0,8.0,144.24,0-6 Months,Medium (10-20km),8-15 Days
51422,0,8.0,Mobile Phone,3,6.0,E Wallet,Male,2.0,4,Laptop & Accessory,5,Single,1,0,14.0,1.0,2.0,8.0,143.12,6-12 Months,Near (<10km),8-15 Days
51423,0,18.0,Mobile Phone,1,12.0,UPI,Male,2.0,3,Fashion,5,Married,5,1,14.0,1.0,2.0,0.0,232.45,1-2 Years,Medium (10-20km),0-3 Days
51424,0,10.0,Mobile Phone,1,13.0,Credit Card,Male,1.0,3,Fashion,3,Single,5,0,13.0,0.0,2.0,2.0,236.64,6-12 Months,Medium (10-20km),0-3 Days
51425,0,19.0,Mobile Phone,2,11.0,Credit Card,Male,3.0,3,Laptop & Accessory,4,Married,2,1,22.0,1.0,1.0,2.0,150.21,1-2 Years,Medium (10-20km),0-3 Days
51426,0,3.0,Mobile Phone,1,6.0,Debit Card,Male,2.0,4,Laptop & Accessory,1,Married,2,1,12.0,1.0,3.0,0.0,151.26,0-6 Months,Near (<10km),0-3 Days
51427,0,8.0,Mobile Phone,1,6.0,Credit Card,Male,3.0,4,Mobile Phone,3,Single,2,0,18.0,1.0,1.0,4.0,128.59,6-12 Months,Near (<10km),4-7 Days
51428,0,28.0,Mobile Phone,3,6.0,Debit Card,Male,3.0,3,Fashion,1,Married,4,0,14.0,0.0,1.0,0.0,202.39,2+ Years,Near (<10km),0-3 Days
51429,0,11.0,Computer,1,12.0,Credit Card,Female,3.0,5,Laptop & Accessory,1,Married,8,1,12.0,0.0,1.0,9.0,153.29,6-12 Months,Medium (10-20km),8-15 Days
51430,0,7.0,Mobile Phone,1,6.0,Credit Card,Male,3.0,3,Laptop & Accessory,4,Married,2,0,15.0,1.0,1.0,3.0,143.25,6-12 Months,Near (<10km),0-3 Days
51431,0,29.0,Mobile Phone,1,13.0,Debit Card,Male,2.0,5,Fashion,1,Single,5,0,11.0,0.0,1.0,2.0,172.6,2+ Years,Medium (10-20km),0-3 Days
51432,0,0.0,Mobile Phone,3,14.0,Cash on Delivery,Male,3.0,3,Mobile Phone,5,Married,4,0,13.0,1.0,1.0,0.0,123.22,0-6 Months,Medium (10-20km),0-3 Days
51433,0,9.0,Mobile Phone,1,15.0,Debit Card,Male,3.0,3,Mobile Phone,1,Married,4,0,23.0,1.0,1.0,3.0,120.75,6-12 Months,Medium (10-20km),0-3 Days
51434,0,3.0,Mobile Phone,1,8.0,Debit Card,Male,4.0,4,Laptop & Accessory,1,Married,2,0,19.0,3.0,10.0,8.0,141.52,0-6 Months,Near (<10km),8-15 Days
51435,1,9.0,Mobile Phone,3,15.0,Credit Card,Male,3.0,4,Fashion,1,Single,2,0,16.0,3.0,4.0,7.0,196.19,6-12 Months,Medium (10-20km),4-7 Days
51436,0,13.0,Computer,1,6.0,Debit Card,Male,3.0,4,Grocery,4,Married,2,0,22.0,5.0,2.0,11.0,235.02999999999997,1-2 Years,Near (<10km),8-15 Days
51437,0,24.0,Mobile Phone,3,27.0,E Wallet,Male,3.0,3,Laptop & Accessory,1,Single,1,1,22.0,0.0,1.0,0.0,154.41,1-2 Years,Far (>20km),0-3 Days
51438,0,3.0,Mobile Phone,3,10.0,Credit Card,Female,3.0,4,Laptop & Accessory,4,Married,2,1,12.0,2.0,2.0,7.0,152.09,0-6 Months,Near (<10km),4-7 Days
51439,0,19.0,Computer,1,6.0,Credit Card,Male,2.0,4,Fashion,5,Married,3,1,13.0,4.0,9.0,5.0,206.73000000000002,1-2 Years,Near (<10km),4-7 Days
51440,0,5.0,Mobile Phone,3,12.0,Credit Card,Male,2.0,3,Laptop & Accessory,3,Single,2,0,16.0,5.0,5.0,7.0,150.1,0-6 Months,Medium (10-20km),4-7 Days
51441,0,27.0,Mobile Phone,1,8.0,Cash on Delivery,Female,2.0,3,Fashion,3,Married,10,0,12.0,0.0,2.0,3.0,235.49,2+ Years,Near (<10km),0-3 Days
51442,0,0.0,Mobile Phone,3,9.0,UPI,Female,2.0,3,Laptop & Accessory,3,Married,1,0,21.0,0.0,1.0,2.0,149.99,0-6 Months,Near (<10km),0-3 Days
51443,0,1.0,Computer,3,10.0,Credit Card,Male,2.0,3,Laptop & Accessory,3,Married,2,0,15.0,0.0,1.0,4.0,142.21,0-6 Months,Near (<10km),4-7 Days
51444,0,30.0,Mobile Phone,3,16.0,Credit Card,Male,2.0,3,Grocery,3,Single,1,0,13.0,0.0,2.0,8.0,238.72000000000003,2+ Years,Medium (10-20km),8-15 Days
51445,0,9.0,Computer,1,29.0,Credit Card,Male,3.0,3,Laptop & Accessory,4,Married,5,0,12.0,0.0,1.0,2.0,120.41999999999999,6-12 Months,Far (>20km),0-3 Days
51446,1,9.0,Mobile Phone,2,12.0,UPI,Male,3.0,3,Mobile Phone,5,Married,5,1,22.0,0.0,1.0,2.0,120.72999999999999,6-12 Months,Medium (10-20km),0-3 Days
51447,0,5.0,Mobile Phone,1,6.0,Debit Card,Male,3.0,3,Mobile Phone,5,Single,2,0,13.0,0.0,1.0,0.0,129.56,0-6 Months,Near (<10km),0-3 Days
51448,1,0.0,Computer,1,12.0,Debit Card,Female,3.0,4,Mobile Phone,1,Single,2,1,18.0,0.0,1.0,0.0,129.26,0-6 Months,Medium (10-20km),0-3 Days
51449,0,7.0,Mobile Phone,1,12.0,UPI,Female,2.0,3,Laptop & Accessory,3,Single,2,0,14.0,0.0,2.0,10.0,148.09,6-12 Months,Medium (10-20km),8-15 Days
51450,0,10.0,Computer,1,8.0,Debit Card,Male,3.0,4,Laptop & Accessory,1,Married,6,0,14.0,1.0,1.0,0.0,151.63,6-12 Months,Near (<10km),0-3 Days
51451,0,30.0,Computer,2,8.0,UPI,Female,2.0,4,Others,1,Married,10,0,21.0,1.0,2.0,2.0,288.44,2+ Years,Near (<10km),0-3 Days
51452,0,23.0,Computer,1,6.0,Debit Card,Female,3.0,3,Others,4,Married,4,1,19.0,1.0,1.0,7.0,281.72,1-2 Years,Near (<10km),4-7 Days
51453,1,0.0,Mobile Phone,3,11.0,E Wallet,Male,2.0,4,Laptop & Accessory,3,Single,2,1,11.0,0.0,1.0,3.0,157.44,0-6 Months,Medium (10-20km),0-3 Days
51454,0,0.0,Mobile Phone,1,13.0,Credit Card,Male,3.0,4,Mobile Phone,1,Married,2,0,11.0,0.0,2.0,1.0,128.89,0-6 Months,Medium (10-20km),0-3 Days
51455,0,0.0,Mobile Phone,1,21.0,Credit Card,Female,3.0,3,Mobile Phone,1,Single,2,0,15.0,1.0,1.0,0.0,128.71,0-6 Months,Far (>20km),0-3 Days
51456,0,24.0,Computer,1,6.0,Credit Card,Female,1.0,4,Fashion,5,Single,4,0,20.0,4.0,12.0,8.0,174.84,1-2 Years,Near (<10km),8-15 Days
51457,1,0.0,Computer,1,13.0,Debit Card,Male,3.0,5,Laptop & Accessory,3,Single,2,1,24.0,1.0,1.0,6.0,160.74,0-6 Months,Medium (10-20km),4-7 Days
51458,0,27.0,Computer,2,32.0,UPI,Female,1.0,1,Grocery,1,Single,3,1,12.0,1.0,4.0,4.0,273.28,2+ Years,Far (>20km),4-7 Days
51459,0,0.0,Mobile Phone,1,24.0,Debit Card,Male,3.0,3,Mobile Phone,3,Married,1,0,12.0,0.0,1.0,2.0,127.74000000000001,0-6 Months,Far (>20km),0-3 Days
51460,0,7.0,Mobile Phone,1,12.0,Debit Card,Female,2.0,4,Laptop & Accessory,4,Married,7,0,15.0,1.0,1.0,0.0,145.05,6-12 Months,Medium (10-20km),0-3 Days
51461,0,10.0,Mobile Phone,3,9.0,Debit Card,Male,2.0,3,Fashion,1,Single,3,0,12.0,0.0,1.0,3.0,174.28,6-12 Months,Near (<10km),0-3 Days
51462,0,7.0,Mobile Phone,1,11.0,Credit Card,Female,2.0,4,Fashion,5,Single,3,0,12.0,2.0,5.0,3.0,216.31,6-12 Months,Medium (10-20km),0-3 Days
51463,0,9.0,Computer,3,17.0,Cash on Delivery,Female,3.0,3,Fashion,1,Married,1,0,14.0,0.0,2.0,8.0,197.38,6-12 Months,Medium (10-20km),8-15 Days
51464,0,9.0,Mobile Phone,1,9.0,Debit Card,Female,3.0,3,Mobile Phone,1,Married,6,0,22.0,0.0,1.0,0.0,128.35,6-12 Months,Near (<10km),0-3 Days
51465,0,16.0,Computer,3,32.0,Debit Card,Male,3.0,3,Grocery,1,Married,2,1,12.0,1.0,4.0,12.0,269.59,1-2 Years,Far (>20km),8-15 Days
51466,0,3.0,Computer,1,14.0,Debit Card,Male,3.0,5,Mobile Phone,3,Married,2,0,25.0,0.0,1.0,9.0,126.13,0-6 Months,Medium (10-20km),8-15 Days
51467,0,6.0,Computer,3,28.0,E Wallet,Male,3.0,3,Laptop & Accessory,4,Married,1,0,13.0,0.0,1.0,7.0,161.46,0-6 Months,Far (>20km),4-7 Days
51468,1,19.0,Mobile Phone,1,20.0,Debit Card,Female,3.0,3,Mobile Phone,4,Married,10,1,18.0,3.0,4.0,3.0,149.63,1-2 Years,Medium (10-20km),0-3 Days
51469,0,24.0,Mobile Phone,1,12.0,Debit Card,Male,2.0,3,Others,3,Single,8,0,15.0,8.0,15.0,15.0,295.37,1-2 Years,Medium (10-20km),8-15 Days
51470,1,0.0,Mobile Phone,3,12.0,Debit Card,Male,3.0,5,Laptop & Accessory,3,Married,5,1,18.0,0.0,7.0,7.0,161.72,0-6 Months,Medium (10-20km),4-7 Days
51471,0,0.0,Mobile Phone,1,14.0,UPI,Female,2.0,4,Mobile Phone,4,Married,2,0,19.0,2.0,4.0,3.0,123.68,0-6 Months,Medium (10-20km),0-3 Days
51472,1,20.0,Mobile Phone,1,29.0,Credit Card,Female,3.0,3,Fashion,1,Married,2,0,12.0,7.0,15.0,6.0,203.12,1-2 Years,Far (>20km),4-7 Days
51473,1,9.0,Mobile Phone,3,28.0,E Wallet,Male,2.0,3,Mobile Phone,3,Single,2,1,19.0,1.0,1.0,0.0,116.75,6-12 Months,Far (>20km),0-3 Days
51474,0,0.0,Mobile Phone,1,14.0,Cash on Delivery,Male,3.0,3,Mobile Phone,1,Married,1,0,14.0,2.0,2.0,1.0,125.22999999999999,0-6 Months,Medium (10-20km),0-3 Days
51475,0,22.0,Mobile Phone,1,26.0,Credit Card,Female,3.0,3,Laptop & Accessory,5,Married,2,0,14.0,5.0,5.0,11.0,165.67,1-2 Years,Far (>20km),8-15 Days
51476,0,16.0,Computer,1,34.0,Credit Card,Female,3.0,1,Mobile Phone,3,Single,5,0,12.0,0.0,1.0,2.0,147.39,1-2 Years,Far (>20km),0-3 Days
51477,0,23.0,Computer,3,18.0,E Wallet,Female,3.0,3,Fashion,1,Single,5,0,11.0,1.0,2.0,1.0,192.08,1-2 Years,Medium (10-20km),0-3 Days
51478,1,0.0,Mobile Phone,3,26.0,Debit Card,Female,3.0,5,Laptop & Accessory,3,Married,4,1,11.0,0.0,2.0,2.0,145.59,0-6 Months,Far (>20km),0-3 Days
51479,0,14.0,Mobile Phone,3,15.0,Debit Card,Male,3.0,3,Fashion,3,Married,4,1,13.0,0.0,1.0,7.0,181.89,1-2 Years,Medium (10-20km),4-7 Days
51480,0,0.0,Mobile Phone,2,31.0,Debit Card,Female,3.0,3,Mobile Phone,3,Married,2,0,23.0,2.0,5.0,7.0,129.42,0-6 Months,Far (>20km),4-7 Days
51481,0,9.0,Mobile Phone,1,12.0,Credit Card,Male,2.0,3,Laptop & Accessory,4,Married,7,0,20.0,0.0,1.0,1.0,149.41,6-12 Months,Medium (10-20km),0-3 Days
51482,1,14.0,Computer,1,14.0,Debit Card,Male,2.0,5,Fashion,1,Single,3,0,15.0,1.0,1.0,3.0,206.5,1-2 Years,Medium (10-20km),0-3 Days
51483,0,12.0,Mobile Phone,3,10.0,Debit Card,Female,2.0,4,Laptop & Accessory,3,Married,5,0,14.0,5.0,5.0,9.0,159.02,6-12 Months,Near (<10km),8-15 Days
51484,0,0.0,Mobile Phone,3,34.0,Debit Card,Male,2.0,4,Laptop & Accessory,3,Married,3,0,18.0,1.0,2.0,2.0,186.39,0-6 Months,Far (>20km),0-3 Days
51485,0,3.0,Mobile Phone,2,15.0,UPI,Male,2.0,3,Laptop & Accessory,1,Married,1,1,19.0,4.0,4.0,7.0,163.47,0-6 Months,Medium (10-20km),4-7 Days
51486,1,0.0,Mobile Phone,1,15.0,Credit Card,Female,2.0,3,Mobile Phone,5,Single,8,0,22.0,1.0,1.0,4.0,142.0,0-6 Months,Medium (10-20km),4-7 Days
51487,0,18.0,Mobile Phone,1,35.0,Credit Card,Male,2.0,3,Mobile Phone,1,Single,6,0,13.0,1.0,1.0,3.0,134.52,1-2 Years,Far (>20km),0-3 Days
51488,0,11.0,Mobile Phone,1,9.0,Cash on Delivery,Female,2.0,3,Laptop & Accessory,3,Single,4,1,20.0,2.0,2.0,2.0,143.17,6-12 Months,Near (<10km),0-3 Days
51489,0,3.0,Mobile Phone,1,14.0,Debit Card,Female,3.0,3,Mobile Phone,3,Single,2,0,14.0,1.0,1.0,4.0,126.32,0-6 Months,Medium (10-20km),4-7 Days
51490,0,5.0,Computer,3,15.0,Credit Card,Male,2.0,5,Laptop & Accessory,1,Married,1,0,17.0,0.0,1.0,7.0,146.68,0-6 Months,Medium (10-20km),4-7 Days
51491,0,3.0,Mobile Phone,1,11.0,Cash on Delivery,Female,2.0,3,Mobile Phone,5,Married,6,0,14.0,0.0,2.0,30.0,132.04,0-6 Months,Medium (10-20km),15+ Days
51492,0,3.0,Mobile Phone,1,8.0,Credit Card,Male,3.0,4,Mobile Phone,1,Single,1,0,13.0,0.0,1.0,2.0,127.19999999999999,0-6 Months,Near (<10km),0-3 Days
51493,0,14.0,Computer,1,16.0,Debit Card,Male,3.0,4,Grocery,5,Married,5,0,13.0,1.0,7.0,7.0,271.81,1-2 Years,Medium (10-20km),4-7 Days
51494,0,9.0,Mobile Phone,1,15.0,Debit Card,Male,3.0,3,Mobile Phone,5,Married,3,0,21.0,0.0,1.0,4.0,122.38,6-12 Months,Medium (10-20km),4-7 Days
51495,0,9.0,Mobile Phone,1,9.0,Credit Card,Female,3.0,3,Mobile Phone,4,Single,2,0,14.0,1.0,1.0,0.0,114.83000000000001,6-12 Months,Near (<10km),0-3 Days
51496,0,13.0,Computer,1,32.0,Credit Card,Female,2.0,3,Laptop & Accessory,4,Married,2,0,11.0,0.0,2.0,13.0,156.05,1-2 Years,Far (>20km),8-15 Days
51497,0,8.0,Mobile Phone,3,6.0,E Wallet,Male,3.0,3,Fashion,4,Married,2,0,13.0,0.0,1.0,6.0,172.95,6-12 Months,Near (<10km),4-7 Days
51498,0,9.0,Mobile Phone,3,12.0,E Wallet,Male,2.0,3,Laptop & Accessory,3,Married,3,1,20.0,0.0,4.0,5.0,123.06,6-12 Months,Medium (10-20km),4-7 Days
51499,0,18.0,Mobile Phone,1,14.0,Debit Card,Male,2.0,3,Laptop & Accessory,4,Married,9,0,18.0,1.0,1.0,15.0,123.47999999999999,1-2 Years,Medium (10-20km),8-15 Days
51500,0,5.0,Computer,3,14.0,E Wallet,Female,2.0,3,Fashion,1,Single,2,0,14.0,2.0,3.0,7.0,189.98,0-6 Months,Medium (10-20km),4-7 Days
51501,0,2.0,Computer,1,6.0,Cash on Delivery,Male,2.0,3,Laptop & Accessory,3,Married,2,0,13.0,0.0,1.0,9.0,143.19,0-6 Months,Near (<10km),8-15 Days
51502,0,24.0,Mobile Phone,1,13.0,Credit Card,Male,2.0,4,Laptop & Accessory,3,Married,3,0,17.0,1.0,1.0,0.0,161.32,1-2 Years,Medium (10-20km),0-3 Days
51503,0,30.0,Mobile Phone,1,15.0,Credit Card,Female,3.0,4,Mobile Phone,4,Married,5,1,20.0,1.0,1.0,0.0,133.46,2+ Years,Medium (10-20km),0-3 Days
51504,0,13.0,Mobile Phone,3,10.0,E Wallet,Male,3.0,4,Fashion,1,Married,8,0,11.0,1.0,2.0,11.0,208.55,1-2 Years,Near (<10km),8-15 Days
51505,0,9.0,Computer,3,8.0,E Wallet,Female,3.0,3,Mobile Phone,3,Married,7,0,18.0,0.0,1.0,2.0,122.31,6-12 Months,Near (<10km),0-3 Days
51506,0,0.0,Mobile Phone,1,14.0,Credit Card,Male,3.0,3,Mobile Phone,1,Married,2,0,24.0,2.0,2.0,2.0,123.22999999999999,0-6 Months,Medium (10-20km),0-3 Days
51507,0,9.0,Computer,1,15.0,Credit Card,Male,2.0,3,Mobile Phone,4,Married,7,0,18.0,2.0,2.0,2.0,120.24000000000001,6-12 Months,Medium (10-20km),0-3 Days
51508,0,1.0,Mobile Phone,1,27.0,Credit Card,Male,3.0,3,Mobile Phone,1,Married,2,0,11.0,0.0,1.0,2.0,127.13,0-6 Months,Far (>20km),0-3 Days
51509,0,30.0,Mobile Phone,1,30.0,Debit Card,Male,2.0,1,Fashion,1,Married,4,1,16.0,1.0,1.0,4.0,194.39,2+ Years,Far (>20km),4-7 Days
51510,0,0.0,Computer,1,14.0,Credit Card,Male,3.0,4,Mobile Phone,3,Married,2,1,15.0,0.0,1.0,1.0,125.66,0-6 Months,Medium (10-20km),0-3 Days
51511,0,23.0,Mobile Phone,1,17.0,Debit Card,Female,2.0,3,Others,4,Single,4,0,15.0,0.0,4.0,4.0,299.26,1-2 Years,Medium (10-20km),4-7 Days
51512,0,14.0,Mobile Phone,1,14.0,Debit Card,Male,2.0,3,Mobile Phone,3,Married,5,0,12.0,1.0,1.0,8.0,124.50999999999999,1-2 Years,Medium (10-20km),8-15 Days
51513,0,3.0,Mobile Phone,3,11.0,Debit Card,Female,2.0,3,Fashion,1,Married,3,0,12.0,1.0,7.0,4.0,194.19,0-6 Months,Medium (10-20km),4-7 Days
51514,0,11.0,Mobile Phone,3,6.0,Debit Card,Female,2.0,4,Laptop & Accessory,1,Single,5,0,22.0,0.0,1.0,7.0,186.86,6-12 Months,Near (<10km),4-7 Days
51515,0,5.0,Mobile Phone,1,12.0,Debit Card,Male,3.0,3,Mobile Phone,3,Single,4,0,20.0,0.0,1.0,4.0,130.38,0-6 Months,Medium (10-20km),4-7 Days
51516,0,0.0,Mobile Phone,1,23.0,Cash on Delivery,Male,3.0,3,Mobile Phone,4,Married,1,1,16.0,0.0,1.0,1.0,130.58,0-6 Months,Far (>20km),0-3 Days
51517,1,0.0,Computer,3,14.0,Cash on Delivery,Female,3.0,5,Mobile Phone,5,Single,1,0,21.0,1.0,1.0,0.0,123.25,0-6 Months,Medium (10-20km),0-3 Days
51518,0,9.0,Computer,1,9.0,Credit Card,Male,1.0,3,Mobile Phone,4,Single,5,0,12.0,2.0,7.0,2.0,120.88,6-12 Months,Near (<10km),0-3 Days
51519,0,3.0,Computer,1,15.0,Credit Card,Male,3.0,3,Laptop & Accessory,5,Married,2,0,11.0,5.0,6.0,10.0,130.72,0-6 Months,Medium (10-20km),8-15 Days
51520,0,18.0,Mobile Phone,3,10.0,Debit Card,Female,1.0,3,Laptop & Accessory,5,Married,5,1,11.0,0.0,1.0,3.0,150.06,1-2 Years,Near (<10km),0-3 Days
51521,0,29.0,Mobile Phone,1,14.0,Debit Card,Female,3.0,3,Mobile Phone,5,Married,5,1,18.0,2.0,2.0,2.0,142.57,2+ Years,Medium (10-20km),0-3 Days
51522,0,6.0,Mobile Phone,1,14.0,Debit Card,Male,2.0,3,Mobile Phone,1,Single,1,0,14.0,1.0,1.0,2.0,125.0,0-6 Months,Medium (10-20km),0-3 Days
51523,1,0.0,Mobile Phone,1,8.0,Debit Card,Male,2.0,4,Mobile Phone,1,Single,2,0,22.0,1.0,1.0,0.0,111.02000000000001,0-6 Months,Near (<10km),0-3 Days
51524,0,19.0,Mobile Phone,3,6.0,E Wallet,Female,3.0,3,Fashion,5,Married,2,0,25.0,8.0,15.0,7.0,204.53,1-2 Years,Near (<10km),4-7 Days
51525,0,9.0,Mobile Phone,1,15.0,Debit Card,Female,3.0,3,Mobile Phone,1,Single,2,0,12.0,1.0,2.0,1.0,122.88,6-12 Months,Medium (10-20km),0-3 Days
51526,0,4.0,Mobile Phone,1,18.0,Credit Card,Female,3.0,3,Mobile Phone,1,Married,9,1,23.0,1.0,1.0,2.0,139.29,0-6 Months,Medium (10-20km),0-3 Days
51527,0,9.0,Mobile Phone,1,33.0,Credit Card,Female,3.0,3,Mobile Phone,4,Single,3,0,15.0,0.0,1.0,2.0,123.11000000000001,6-12 Months,Far (>20km),0-3 Days
51528,1,4.0,Mobile Phone,3,26.0,E Wallet,Female,3.0,3,Mobile Phone,4,Single,2,1,22.0,0.0,1.0,2.0,131.4,0-6 Months,Far (>20km),0-3 Days
51529,0,23.0,Mobile Phone,1,6.0,Credit Card,Male,2.0,4,Mobile Phone,3,Married,3,0,15.0,1.0,1.0,2.0,136.9,1-2 Years,Near (<10km),0-3 Days
51530,0,26.0,Mobile Phone,1,19.0,Credit Card,Female,2.0,1,Laptop & Accessory,5,Married,2,0,11.0,1.0,1.0,3.0,144.5,2+ Years,Medium (10-20km),0-3 Days
51531,0,6.0,Mobile Phone,1,20.0,Credit Card,Female,3.0,3,Mobile Phone,4,Married,2,0,13.0,1.0,1.0,6.0,127.56,0-6 Months,Medium (10-20km),4-7 Days
51532,0,13.0,Mobile Phone,1,10.0,Credit Card,Female,2.0,3,Others,3,Married,2,0,14.0,1.0,9.0,9.0,290.33,1-2 Years,Near (<10km),8-15 Days
51533,0,28.0,Mobile Phone,1,20.0,Credit Card,Male,3.0,1,Others,4,Single,9,0,11.0,1.0,2.0,15.0,287.22,2+ Years,Medium (10-20km),8-15 Days
51534,0,7.0,Computer,1,8.0,Debit Card,Male,2.0,4,Laptop & Accessory,3,Married,2,0,17.0,0.0,1.0,9.0,195.47,6-12 Months,Near (<10km),8-15 Days
51535,0,24.0,Mobile Phone,1,9.0,Credit Card,Female,3.0,3,Grocery,4,Single,4,0,18.0,1.0,2.0,0.0,237.33999999999997,1-2 Years,Near (<10km),0-3 Days
51536,0,25.0,Mobile Phone,1,6.0,Debit Card,Male,3.0,4,Others,3,Married,1,0,15.0,7.0,11.0,9.0,299.99,2+ Years,Near (<10km),8-15 Days
51537,0,9.0,Mobile Phone,1,15.0,Credit Card,Female,4.0,3,Mobile Phone,4,Single,2,0,16.0,0.0,1.0,3.0,122.78999999999999,6-12 Months,Medium (10-20km),0-3 Days
51538,1,0.0,Mobile Phone,1,29.0,Debit Card,Male,2.0,4,Laptop & Accessory,3,Married,4,1,13.0,1.0,1.0,1.0,159.16,0-6 Months,Far (>20km),0-3 Days
51539,0,9.0,Computer,1,13.0,Credit Card,Male,2.0,1,Mobile Phone,1,Married,5,0,14.0,1.0,2.0,2.0,120.88999999999999,6-12 Months,Medium (10-20km),0-3 Days
51540,0,18.0,Computer,1,8.0,Credit Card,Male,3.0,4,Grocery,1,Married,10,0,23.0,1.0,11.0,8.0,267.92,1-2 Years,Near (<10km),8-15 Days
51541,0,10.0,Mobile Phone,1,27.0,Debit Card,Male,3.0,1,Mobile Phone,5,Married,2,1,12.0,1.0,1.0,7.0,135.64,6-12 Months,Far (>20km),4-7 Days
51542,0,8.0,Computer,1,8.0,Credit Card,Female,2.0,3,Laptop & Accessory,4,Single,6,0,11.0,0.0,1.0,2.0,144.25,6-12 Months,Near (<10km),0-3 Days
51543,0,15.0,Computer,1,27.0,Credit Card,Female,2.0,3,Laptop & Accessory,3,Married,3,0,16.0,0.0,1.0,2.0,152.65,1-2 Years,Far (>20km),0-3 Days
51544,0,11.0,Mobile Phone,1,8.0,Debit Card,Male,2.0,3,Laptop & Accessory,3,Married,10,0,14.0,1.0,1.0,0.0,165.53,6-12 Months,Near (<10km),0-3 Days
51545,0,11.0,Mobile Phone,1,35.0,Cash on Delivery,Male,2.0,3,Laptop & Accessory,1,Married,4,0,18.0,0.0,1.0,7.0,162.61,6-12 Months,Far (>20km),4-7 Days
51546,0,0.0,Computer,1,6.0,Cash on Delivery,Male,2.0,4,Laptop & Accessory,5,Married,6,0,19.0,2.0,2.0,0.0,142.98,0-6 Months,Near (<10km),0-3 Days
51547,0,22.0,Computer,1,24.0,Debit Card,Male,3.0,3,Laptop & Accessory,1,Married,2,1,15.0,0.0,1.0,7.0,168.04,1-2 Years,Far (>20km),4-7 Days
51548,0,7.0,Computer,1,16.0,Credit Card,Male,2.0,3,Mobile Phone,3,Married,2,1,17.0,2.0,2.0,0.0,138.15,6-12 Months,Medium (10-20km),0-3 Days
51549,0,13.0,Mobile Phone,1,25.0,Credit Card,Male,3.0,3,Laptop & Accessory,1,Married,9,1,15.0,3.0,3.0,7.0,127.41,1-2 Years,Far (>20km),4-7 Days
51550,1,1.0,Mobile Phone,1,35.0,Credit Card,Male,3.0,3,Laptop & Accessory,5,Married,8,1,19.0,1.0,1.0,0.0,166.73,0-6 Months,Far (>20km),0-3 Days
51551,1,0.0,Mobile Phone,3,33.0,E Wallet,Female,2.0,3,Fashion,1,Married,2,0,22.0,0.0,1.0,9.0,176.39,0-6 Months,Far (>20km),8-15 Days
51552,0,0.0,Mobile Phone,1,14.0,Debit Card,Male,2.0,1,Mobile Phone,4,Married,2,1,16.0,2.0,2.0,2.0,123.28,0-6 Months,Medium (10-20km),0-3 Days
51553,0,9.0,Computer,1,24.0,Credit Card,Female,3.0,3,Mobile Phone,1,Single,2,0,13.0,0.0,1.0,7.0,121.53,6-12 Months,Far (>20km),4-7 Days
51554,0,13.0,Computer,1,15.0,Debit Card,Male,3.0,4,Laptop & Accessory,1,Married,10,0,14.0,0.0,1.0,2.0,148.76,1-2 Years,Medium (10-20km),0-3 Days
51555,0,19.0,Mobile Phone,1,6.0,Credit Card,Male,3.0,3,Fashion,5,Married,8,0,16.0,0.0,1.0,3.0,193.96,1-2 Years,Near (<10km),0-3 Days
51556,1,0.0,Mobile Phone,3,10.0,Credit Card,Male,2.0,5,Fashion,1,Married,2,0,11.0,6.0,9.0,8.0,204.0,0-6 Months,Near (<10km),8-15 Days
51557,0,3.0,Computer,1,6.0,Debit Card,Male,2.0,4,Fashion,3,Single,2,0,22.0,4.0,5.0,8.0,184.74,0-6 Months,Near (<10km),8-15 Days
51558,0,0.0,Computer,3,26.0,Debit Card,Female,2.0,3,Laptop & Accessory,3,Single,2,0,14.0,1.0,1.0,7.0,199.81,0-6 Months,Far (>20km),4-7 Days
51559,0,24.0,Mobile Phone,1,14.0,Debit Card,Male,2.0,4,Fashion,4,Married,6,0,16.0,2.0,4.0,3.0,224.89999999999998,1-2 Years,Medium (10-20km),0-3 Days
51560,1,0.0,Mobile Phone,1,14.0,Cash on Delivery,Female,2.0,3,Mobile Phone,5,Single,6,1,11.0,0.0,1.0,4.0,126.57,0-6 Months,Medium (10-20km),4-7 Days
51561,0,14.0,Mobile Phone,3,12.0,Debit Card,Female,3.0,3,Fashion,1,Single,4,1,18.0,0.0,2.0,0.0,235.91000000000003,1-2 Years,Medium (10-20km),0-3 Days
51562,1,0.0,Computer,3,32.0,E Wallet,Female,2.0,4,Laptop & Accessory,5,Single,6,0,15.0,1.0,1.0,1.0,166.96,0-6 Months,Far (>20km),0-3 Days
51563,1,9.0,Mobile Phone,1,6.0,Cash on Delivery,Male,2.0,3,Mobile Phone,3,Single,1,0,14.0,0.0,1.0,5.0,120.58000000000001,6-12 Months,Near (<10km),4-7 Days
51564,0,18.0,Computer,3,12.0,Credit Card,Female,2.0,4,Fashion,1,Single,7,0,12.0,5.0,12.0,8.0,188.65,1-2 Years,Medium (10-20km),8-15 Days
51565,0,27.0,Mobile Phone,3,9.0,E Wallet,Female,2.0,3,Laptop & Accessory,5,Married,3,0,14.0,1.0,1.0,5.0,159.4,2+ Years,Near (<10km),4-7 Days
51566,0,9.0,Mobile Phone,1,11.0,Debit Card,Male,3.0,3,Laptop & Accessory,4,Single,9,0,16.0,2.0,3.0,7.0,159.14,6-12 Months,Medium (10-20km),4-7 Days
51567,0,6.0,Mobile Phone,1,14.0,Credit Card,Female,2.0,4,Mobile Phone,4,Married,7,0,21.0,0.0,1.0,1.0,126.22,0-6 Months,Medium (10-20km),0-3 Days
51568,0,10.0,Computer,1,17.0,UPI,Male,2.0,3,Fashion,1,Married,2,1,14.0,1.0,1.0,3.0,221.85000000000002,6-12 Months,Medium (10-20km),0-3 Days
51569,0,11.0,Mobile Phone,3,9.0,Debit Card,Male,3.0,3,Fashion,3,Married,1,0,12.0,1.0,5.0,13.0,206.08999999999997,6-12 Months,Near (<10km),8-15 Days
51570,0,4.0,Computer,1,6.0,Credit Card,Male,2.0,5,Laptop & Accessory,3,Married,1,0,12.0,0.0,1.0,4.0,143.45,0-6 Months,Near (<10km),4-7 Days
51571,0,9.0,Mobile Phone,1,9.0,Debit Card,Male,3.0,4,Mobile Phone,1,Married,4,0,17.0,0.0,1.0,0.0,121.77000000000001,6-12 Months,Near (<10km),0-3 Days
51572,0,10.0,Computer,3,10.0,E Wallet,Male,3.0,3,Mobile Phone,1,Married,5,0,17.0,3.0,5.0,8.0,127.93,6-12 Months,Near (<10km),8-15 Days
51573,0,2.0,Computer,3,6.0,Credit Card,Female,2.0,3,Fashion,1,Married,2,0,14.0,4.0,4.0,1.0,179.18,0-6 Months,Near (<10km),0-3 Days
51574,0,8.0,Computer,3,6.0,E Wallet,Female,3.0,3,Fashion,3,Single,2,0,14.0,1.0,1.0,8.0,187.89,6-12 Months,Near (<10km),8-15 Days
51575,1,0.0,Mobile Phone,1,14.0,Credit Card,Male,2.0,4,Mobile Phone,1,Single,2,1,13.0,0.0,1.0,1.0,123.88999999999999,0-6 Months,Medium (10-20km),0-3 Days
51576,0,25.0,Mobile Phone,1,8.0,Debit Card,Female,2.0,4,Mobile Phone,1,Single,8,0,15.0,2.0,2.0,2.0,132.12,2+ Years,Near (<10km),0-3 Days
51577,0,15.0,Mobile Phone,1,10.0,Cash on Delivery,Male,2.0,3,Others,1,Married,2,0,15.0,0.0,11.0,15.0,292.32,1-2 Years,Near (<10km),8-15 Days
51578,0,9.0,Mobile Phone,2,12.0,Credit Card,Male,2.0,3,Mobile Phone,3,Married,9,0,17.0,0.0,2.0,2.0,122.66999999999999,6-12 Months,Medium (10-20km),0-3 Days
51579,0,23.0,Mobile Phone,3,6.0,Credit Card,Female,3.0,3,Others,1,Married,4,0,15.0,1.0,1.0,6.0,295.17,1-2 Years,Near (<10km),4-7 Days
51580,1,0.0,Mobile Phone,1,14.0,Credit Card,Male,2.0,3,Mobile Phone,1,Married,6,1,13.0,1.0,1.0,4.0,124.36000000000001,0-6 Months,Medium (10-20km),4-7 Days
51581,0,16.0,Mobile Phone,3,22.0,E Wallet,Female,3.0,3,Grocery,1,Married,6,1,22.0,0.0,2.0,9.0,260.64,1-2 Years,Far (>20km),8-15 Days
51582,1,0.0,Mobile Phone,1,8.0,Debit Card,Female,3.0,3,Mobile Phone,5,Married,8,0,20.0,1.0,1.0,7.0,127.07,0-6 Months,Near (<10km),4-7 Days
51583,0,25.0,Computer,3,8.0,Debit Card,Male,3.0,4,Others,3,Single,2,1,18.0,1.0,15.0,12.0,290.68,2+ Years,Near (<10km),8-15 Days
51584,0,5.0,Mobile Phone,3,10.0,Debit Card,Female,2.0,3,Mobile Phone,4,Married,3,0,11.0,1.0,1.0,2.0,139.31,0-6 Months,Near (<10km),0-3 Days
51585,1,0.0,Mobile Phone,1,6.0,Debit Card,Male,3.0,4,Mobile Phone,3,Single,1,1,14.0,0.0,1.0,2.0,137.3,0-6 Months,Near (<10km),0-3 Days
51586,0,9.0,Mobile Phone,1,6.0,Credit Card,Female,3.0,3,Mobile Phone,3,Married,8,0,14.0,1.0,1.0,2.0,122.32,6-12 Months,Near (<10km),0-3 Days
51587,0,5.0,Computer,3,32.0,E Wallet,Male,3.0,3,Laptop & Accessory,1,Married,1,0,18.0,2.0,2.0,2.0,144.65,0-6 Months,Far (>20km),0-3 Days
51588,0,14.0,Mobile Phone,1,25.0,Debit Card,Male,3.0,3,Laptop & Accessory,5,Married,3,0,16.0,0.0,1.0,0.0,130.72,1-2 Years,Far (>20km),0-3 Days
51589,0,13.0,Mobile Phone,1,30.0,Cash on Delivery,Male,3.0,3,Laptop & Accessory,1,Married,2,0,17.0,2.0,4.0,7.0,133.19,1-2 Years,Far (>20km),4-7 Days
51590,0,18.0,Mobile Phone,1,6.0,UPI,Male,3.0,1,Others,1,Married,1,0,15.0,1.0,1.0,7.0,292.02,1-2 Years,Near (<10km),4-7 Days
51591,0,4.0,Computer,1,9.0,Credit Card,Male,3.0,3,Fashion,3,Married,10,0,12.0,2.0,2.0,2.0,236.75,0-6 Months,Near (<10km),0-3 Days
51592,0,6.0,Mobile Phone,1,11.0,Debit Card,Female,3.0,4,Mobile Phone,1,Married,2,0,13.0,0.0,1.0,2.0,129.11,0-6 Months,Medium (10-20km),0-3 Days
51593,0,7.0,Mobile Phone,1,8.0,Debit Card,Male,2.0,4,Laptop & Accessory,5,Married,7,0,13.0,0.0,5.0,9.0,159.57,6-12 Months,Near (<10km),8-15 Days
51594,0,10.0,Mobile Phone,1,6.0,Credit Card,Female,2.0,4,Mobile Phone,5,Married,3,0,14.0,0.0,1.0,2.0,139.2,6-12 Months,Near (<10km),0-3 Days
51595,0,18.0,Computer,1,13.0,Debit Card,Male,3.0,1,Laptop & Accessory,3,Married,5,0,17.0,1.0,1.0,2.0,164.34,1-2 Years,Medium (10-20km),0-3 Days
51596,1,0.0,Computer,1,16.0,Credit Card,Male,3.0,3,Fashion,3,Married,7,0,11.0,0.0,1.0,0.0,200.48,0-6 Months,Medium (10-20km),0-3 Days
51597,0,12.0,Computer,1,8.0,Cash on Delivery,Female,3.0,3,Fashion,3,Single,1,0,25.0,6.0,11.0,3.0,209.38,6-12 Months,Near (<10km),0-3 Days
51598,0,2.0,Mobile Phone,1,14.0,Debit Card,Male,2.0,3,Mobile Phone,1,Single,2,0,19.0,1.0,1.0,5.0,123.4,0-6 Months,Medium (10-20km),4-7 Days
51599,0,15.0,Mobile Phone,1,23.0,Debit Card,Female,2.0,1,Laptop & Accessory,5,Single,4,1,13.0,1.0,1.0,2.0,165.45,1-2 Years,Far (>20km),0-3 Days
51600,0,2.0,Mobile Phone,3,26.0,E Wallet,Male,2.0,3,Laptop & Accessory,1,Married,3,0,14.0,1.0,1.0,2.0,169.31,0-6 Months,Far (>20km),0-3 Days
51601,0,0.0,Mobile Phone,1,6.0,Debit Card,Female,3.0,3,Laptop & Accessory,3,Married,1,0,12.0,1.0,1.0,2.0,148.98,0-6 Months,Near (<10km),0-3 Days
51602,0,15.0,Mobile Phone,1,14.0,Credit Card,Female,2.0,4,Mobile Phone,5,Married,1,1,11.0,7.0,7.0,8.0,125.93,1-2 Years,Medium (10-20km),8-15 Days
51603,0,13.0,Mobile Phone,1,8.0,Credit Card,Male,2.0,3,Others,3,Married,1,0,15.0,3.0,3.0,9.0,294.36,1-2 Years,Near (<10km),8-15 Days
51604,0,24.0,Mobile Phone,1,6.0,Debit Card,Male,3.0,3,Mobile Phone,1,Married,2,0,11.0,1.0,1.0,0.0,127.22999999999999,1-2 Years,Near (<10km),0-3 Days
51605,1,0.0,Computer,1,35.0,Credit Card,Male,3.0,4,Mobile Phone,4,Single,1,0,11.0,0.0,1.0,4.0,134.79,0-6 Months,Far (>20km),4-7 Days
51606,0,5.0,Computer,1,13.0,Debit Card,Male,3.0,1,Mobile Phone,4,Married,2,0,20.0,0.0,1.0,3.0,127.94,0-6 Months,Medium (10-20km),0-3 Days
51607,0,11.0,Computer,3,8.0,Debit Card,Male,2.0,4,Laptop & Accessory,1,Married,4,0,18.0,1.0,7.0,5.0,152.49,6-12 Months,Near (<10km),4-7 Days
51608,0,9.0,Mobile Phone,1,8.0,Cash on Delivery,Male,2.0,4,Laptop & Accessory,5,Single,5,0,13.0,0.0,1.0,4.0,121.75999999999999,6-12 Months,Near (<10km),4-7 Days
51609,0,19.0,Mobile Phone,3,8.0,Cash on Delivery,Female,3.0,5,Grocery,4,Married,4,1,12.0,1.0,7.0,7.0,268.72,1-2 Years,Near (<10km),4-7 Days
51610,1,0.0,Mobile Phone,1,8.0,Debit Card,Male,3.0,3,Mobile Phone,3,Single,3,0,11.0,0.0,1.0,0.0,134.85,0-6 Months,Near (<10km),0-3 Days
51611,0,2.0,Mobile Phone,3,8.0,Credit Card,Male,3.0,4,Laptop & Accessory,4,Married,3,0,19.0,1.0,1.0,0.0,166.44,0-6 Months,Near (<10km),0-3 Days
51612,0,4.0,Mobile Phone,1,29.0,Credit Card,Male,3.0,4,Laptop & Accessory,1,Married,1,0,21.0,0.0,7.0,8.0,155.82,0-6 Months,Far (>20km),8-15 Days
51613,0,0.0,Computer,1,11.0,Debit Card,Male,2.0,1,Laptop & Accessory,5,Married,2,0,12.0,1.0,1.0,5.0,140.0,0-6 Months,Medium (10-20km),4-7 Days
51614,0,18.0,Mobile Phone,1,26.0,Credit Card,Male,3.0,3,Grocery,1,Married,1,1,14.0,2.0,2.0,10.0,234.95999999999998,1-2 Years,Far (>20km),8-15 Days
51615,0,9.0,Mobile Phone,1,12.0,Debit Card,Male,2.0,3,Mobile Phone,1,Married,1,0,11.0,1.0,10.0,11.0,132.1,6-12 Months,Medium (10-20km),8-15 Days
51616,0,28.0,Mobile Phone,1,6.0,Credit Card,Male,2.0,3,Others,5,Single,1,1,14.0,1.0,4.0,13.0,290.45,2+ Years,Near (<10km),8-15 Days
51617,1,10.0,Computer,1,35.0,Debit Card,Male,2.0,3,Fashion,4,Married,2,1,12.0,4.0,9.0,3.0,218.49,6-12 Months,Far (>20km),0-3 Days
51618,0,9.0,Mobile Phone,1,15.0,Credit Card,Male,3.0,3,Mobile Phone,1,Married,2,0,23.0,1.0,1.0,4.0,120.69999999999999,6-12 Months,Medium (10-20km),4-7 Days
51619,0,10.0,Mobile Phone,3,12.0,Credit Card,Male,3.0,3,Laptop & Accessory,1,Married,5,0,14.0,1.0,1.0,1.0,165.02,6-12 Months,Medium (10-20km),0-3 Days
51620,0,0.0,Mobile Phone,1,9.0,Credit Card,Male,3.0,4,Mobile Phone,3,Single,2,0,17.0,1.0,1.0,0.0,132.3,0-6 Months,Near (<10km),0-3 Days
51621,0,10.0,Computer,1,6.0,Credit Card,Female,3.0,3,Fashion,1,Married,3,1,18.0,0.0,2.0,2.0,236.02999999999997,6-12 Months,Near (<10km),0-3 Days
51622,0,8.0,Mobile Phone,1,28.0,Debit Card,Female,3.0,1,Fashion,4,Married,8,0,18.0,5.0,6.0,3.0,219.95999999999998,6-12 Months,Far (>20km),0-3 Days
51623,0,11.0,Mobile Phone,3,13.0,Credit Card,Female,2.0,1,Laptop & Accessory,5,Married,2,1,24.0,4.0,7.0,7.0,156.05,6-12 Months,Medium (10-20km),4-7 Days
51624,0,0.0,Computer,1,6.0,Debit Card,Female,2.0,3,Laptop & Accessory,4,Married,2,0,20.0,1.0,1.0,4.0,163.97,0-6 Months,Near (<10km),4-7 Days
51625,0,23.0,Mobile Phone,1,10.0,Debit Card,Male,3.0,3,Others,4,Married,4,0,14.0,1.0,1.0,6.0,291.44,1-2 Years,Near (<10km),4-7 Days
51626,0,26.0,Mobile Phone,1,9.0,Credit Card,Male,2.0,3,Grocery,3,Married,4,1,16.0,1.0,1.0,3.0,275.84,2+ Years,Near (<10km),0-3 Days
51627,0,15.0,Mobile Phone,3,6.0,Debit Card,Male,1.0,3,Laptop & Accessory,3,Married,2,0,25.0,6.0,11.0,6.0,149.07,1-2 Years,Near (<10km),4-7 Days
51628,0,2.0,Computer,3,8.0,Debit Card,Male,2.0,3,Laptop & Accessory,1,Single,2,0,18.0,0.0,1.0,9.0,145.54,0-6 Months,Near (<10km),8-15 Days
51629,0,28.0,Mobile Phone,1,26.0,Cash on Delivery,Male,2.0,3,Laptop & Accessory,1,Married,4,1,19.0,0.0,1.0,8.0,154.15,2+ Years,Far (>20km),8-15 Days
51630,0,0.0,Computer,1,17.0,Credit Card,Male,2.0,3,Laptop & Accessory,5,Married,2,1,13.0,1.0,3.0,3.0,147.41,0-6 Months,Medium (10-20km),0-3 Days
51631,0,9.0,Mobile Phone,1,6.0,Debit Card,Female,2.0,3,Mobile Phone,1,Single,2,0,12.0,1.0,5.0,7.0,121.15,6-12 Months,Near (<10km),4-7 Days
51632,1,7.0,Computer,1,30.0,Debit Card,Male,3.0,3,Mobile Phone,3,Married,4,1,22.0,0.0,1.0,0.0,131.61,6-12 Months,Far (>20km),0-3 Days
51633,0,11.0,Mobile Phone,1,29.0,Debit Card,Male,2.0,3,Laptop & Accessory,1,Married,10,0,14.0,0.0,1.0,2.0,157.45,6-12 Months,Far (>20km),0-3 Days
51634,1,0.0,Mobile Phone,1,14.0,Credit Card,Male,2.0,3,Mobile Phone,4,Married,3,1,13.0,1.0,1.0,2.0,123.72999999999999,0-6 Months,Medium (10-20km),0-3 Days
51635,0,1.0,Mobile Phone,1,14.0,Debit Card,Female,3.0,3,Mobile Phone,1,Single,2,0,21.0,1.0,1.0,2.0,133.1,0-6 Months,Medium (10-20km),0-3 Days
51636,0,22.0,Computer,1,16.0,Debit Card,Female,2.0,3,Others,5,Single,10,1,11.0,1.0,1.0,2.0,286.65,1-2 Years,Medium (10-20km),0-3 Days
51637,0,9.0,Mobile Phone,1,9.0,Cash on Delivery,Male,1.0,3,Laptop & Accessory,4,Single,5,0,12.0,2.0,7.0,7.0,144.85,6-12 Months,Near (<10km),4-7 Days
51638,0,4.0,Computer,3,11.0,E Wallet,Female,3.0,3,Mobile Phone,4,Married,2,0,11.0,0.0,2.0,2.0,127.88999999999999,0-6 Months,Medium (10-20km),0-3 Days
51639,1,0.0,Mobile Phone,3,10.0,E Wallet,Male,2.0,4,Laptop & Accessory,1,Single,2,1,12.0,4.0,7.0,4.0,158.28,0-6 Months,Near (<10km),4-7 Days
51640,0,10.0,Computer,1,14.0,Credit Card,Male,2.0,3,Mobile Phone,1,Married,2,1,12.0,0.0,1.0,2.0,123.25999999999999,6-12 Months,Medium (10-20km),0-3 Days
51641,0,15.0,Computer,3,32.0,E Wallet,Female,3.0,3,Grocery,4,Married,6,0,14.0,3.0,2.0,8.0,235.25,1-2 Years,Far (>20km),8-15 Days
51642,1,9.0,Mobile Phone,1,9.0,Debit Card,Male,2.0,3,Mobile Phone,3,Single,2,0,13.0,1.0,1.0,0.0,114.19999999999999,6-12 Months,Near (<10km),0-3 Days
51643,0,8.0,Mobile Phone,3,22.0,E Wallet,Male,3.0,3,Fashion,4,Married,1,0,15.0,3.0,6.0,9.0,180.2,6-12 Months,Far (>20km),8-15 Days
51644,0,9.0,Computer,1,24.0,Debit Card,Male,2.0,1,Mobile Phone,1,Married,5,0,18.0,1.0,1.0,0.0,136.88,6-12 Months,Far (>20km),0-3 Days
51645,0,24.0,Mobile Phone,1,8.0,Credit Card,Male,2.0,5,Laptop & Accessory,4,Married,6,0,18.0,0.0,1.0,2.0,154.82,1-2 Years,Near (<10km),0-3 Days
51646,0,14.0,Mobile Phone,3,8.0,Debit Card,Male,2.0,3,Grocery,4,Single,2,0,19.0,1.0,2.0,4.0,260.15,1-2 Years,Near (<10km),4-7 Days
51647,0,9.0,Mobile Phone,3,16.0,Credit Card,Female,3.0,4,Mobile Phone,3,Single,2,0,12.0,0.0,1.0,0.0,112.0,6-12 Months,Medium (10-20km),0-3 Days
51648,0,1.0,Mobile Phone,1,22.0,Credit Card,Male,3.0,1,Laptop & Accessory,5,Single,1,0,19.0,0.0,1.0,7.0,156.61,0-6 Months,Far (>20km),4-7 Days
51649,0,4.0,Mobile Phone,3,13.0,Cash on Delivery,Male,3.0,1,Laptop & Accessory,1,Married,5,0,11.0,3.0,7.0,7.0,169.29,0-6 Months,Medium (10-20km),4-7 Days
51650,0,12.0,Mobile Phone,1,6.0,Credit Card,Male,2.0,1,Fashion,1,Married,1,0,17.0,1.0,3.0,7.0,196.13,6-12 Months,Near (<10km),4-7 Days
51651,0,9.0,Computer,1,30.0,Debit Card,Female,2.0,3,Laptop & Accessory,4,Married,8,0,15.0,1.0,1.0,8.0,156.74,6-12 Months,Far (>20km),8-15 Days
51652,0,5.0,Mobile Phone,3,13.0,Debit Card,Male,3.0,4,Laptop & Accessory,3,Married,2,0,14.0,3.0,4.0,8.0,154.84,0-6 Months,Medium (10-20km),8-15 Days
51653,0,11.0,Mobile Phone,1,31.0,Debit Card,Female,2.0,4,Fashion,4,Married,4,0,17.0,0.0,1.0,3.0,220.61,6-12 Months,Far (>20km),0-3 Days
51654,0,30.0,Computer,1,6.0,Debit Card,Male,2.0,5,Laptop & Accessory,3,Married,3,1,13.0,1.0,1.0,2.0,156.6,2+ Years,Near (<10km),0-3 Days
51655,0,4.0,Mobile Phone,1,11.0,Cash on Delivery,Male,2.0,3,Mobile Phone,1,Married,1,1,12.0,1.0,1.0,3.0,148.21,0-6 Months,Medium (10-20km),0-3 Days
51656,0,4.0,Mobile Phone,2,8.0,UPI,Male,3.0,4,Laptop & Accessory,5,Married,4,0,12.0,0.0,1.0,0.0,164.1,0-6 Months,Near (<10km),0-3 Days
51657,0,18.0,Computer,1,13.0,Debit Card,Male,3.0,3,Fashion,5,Married,2,0,18.0,2.0,9.0,11.0,152.1,1-2 Years,Medium (10-20km),8-15 Days
51658,0,4.0,Mobile Phone,1,8.0,Debit Card,Male,3.0,3,Mobile Phone,1,Married,1,1,18.0,2.0,2.0,2.0,126.94999999999999,0-6 Months,Near (<10km),0-3 Days
51659,0,6.0,Computer,1,11.0,Debit Card,Female,3.0,3,Fashion,4,Married,7,0,11.0,7.0,8.0,3.0,218.77999999999997,0-6 Months,Medium (10-20km),0-3 Days
51660,0,0.0,Mobile Phone,1,16.0,Credit Card,Male,3.0,3,Grocery,5,Married,2,1,14.0,1.0,11.0,10.0,270.68,0-6 Months,Medium (10-20km),8-15 Days
51661,0,16.0,Computer,1,14.0,Debit Card,Female,2.0,3,Mobile Phone,1,Single,1,0,19.0,0.0,1.0,7.0,124.55000000000001,1-2 Years,Medium (10-20km),4-7 Days
51662,0,22.0,Mobile Phone,1,6.0,Cash on Delivery,Female,2.0,4,Grocery,3,Single,8,1,12.0,0.0,2.0,7.0,239.64,1-2 Years,Near (<10km),4-7 Days
51663,1,15.0,Mobile Phone,1,14.0,Credit Card,Male,2.0,4,Laptop & Accessory,4,Married,3,0,15.0,7.0,7.0,7.0,149.41,1-2 Years,Medium (10-20km),4-7 Days
51664,0,0.0,Mobile Phone,1,14.0,Debit Card,Female,2.0,3,Mobile Phone,4,Single,2,1,12.0,0.0,1.0,2.0,124.78,0-6 Months,Medium (10-20km),0-3 Days
51665,0,5.0,Mobile Phone,3,14.0,Cash on Delivery,Female,3.0,4,Laptop & Accessory,4,Married,2,1,11.0,11.0,11.0,9.0,152.28,0-6 Months,Medium (10-20km),8-15 Days
51666,0,0.0,Mobile Phone,3,8.0,Debit Card,Male,3.0,3,Laptop & Accessory,3,Single,2,1,11.0,0.0,1.0,4.0,144.78,0-6 Months,Near (<10km),4-7 Days
51667,0,4.0,Mobile Phone,3,13.0,E Wallet,Male,3.0,3,Laptop & Accessory,1,Married,5,0,12.0,0.0,1.0,7.0,175.47,0-6 Months,Medium (10-20km),4-7 Days
51668,0,5.0,Mobile Phone,1,8.0,Credit Card,Female,3.0,1,Laptop & Accessory,1,Single,8,0,16.0,0.0,1.0,7.0,150.55,0-6 Months,Near (<10km),4-7 Days
51669,1,0.0,Mobile Phone,1,8.0,Credit Card,Male,2.0,5,Mobile Phone,1,Married,6,1,13.0,1.0,2.0,2.0,134.64,0-6 Months,Near (<10km),0-3 Days
51670,0,3.0,Mobile Phone,1,34.0,Credit Card,Female,3.0,3,Laptop & Accessory,1,Married,2,0,13.0,1.0,1.0,9.0,157.75,0-6 Months,Far (>20km),8-15 Days
51671,0,4.0,Computer,1,13.0,Debit Card,Female,2.0,4,Fashion,3,Married,2,0,24.0,7.0,8.0,9.0,189.43,0-6 Months,Medium (10-20km),8-15 Days
51672,0,12.0,Computer,1,13.0,Credit Card,Male,2.0,4,Others,1,Married,2,0,15.0,6.0,13.0,3.0,292.72,6-12 Months,Medium (10-20km),0-3 Days
51673,1,2.0,Mobile Phone,3,9.0,Credit Card,Female,2.0,3,Laptop & Accessory,3,Married,5,1,18.0,1.0,1.0,0.0,152.38,0-6 Months,Near (<10km),0-3 Days
51674,0,6.0,Computer,3,16.0,E Wallet,Male,2.0,4,Laptop & Accessory,1,Single,4,0,14.0,1.0,1.0,1.0,146.82,0-6 Months,Medium (10-20km),0-3 Days
51675,0,20.0,Mobile Phone,1,11.0,Debit Card,Male,2.0,3,Others,3,Married,5,0,11.0,1.0,1.0,1.0,283.0,1-2 Years,Medium (10-20km),0-3 Days
51676,0,16.0,Computer,1,16.0,Debit Card,Female,2.0,4,Laptop & Accessory,3,Married,2,0,11.0,1.0,1.0,0.0,152.57,1-2 Years,Medium (10-20km),0-3 Days
51677,0,0.0,Computer,3,6.0,E Wallet,Male,3.0,3,Laptop & Accessory,4,Married,1,1,13.0,0.0,1.0,4.0,163.49,0-6 Months,Near (<10km),4-7 Days
51678,0,27.0,Computer,1,26.0,Debit Card,Female,2.0,3,Laptop & Accessory,3,Single,4,0,12.0,0.0,1.0,3.0,148.69,2+ Years,Far (>20km),0-3 Days
51679,0,16.0,Mobile Phone,1,13.0,Debit Card,Female,2.0,3,Fashion,5,Married,9,0,16.0,1.0,1.0,0.0,199.85,1-2 Years,Medium (10-20km),0-3 Days
51680,0,18.0,Mobile Phone,1,14.0,UPI,Male,3.0,3,Laptop & Accessory,1,Married,10,0,14.0,8.0,9.0,8.0,136.97,1-2 Years,Medium (10-20km),8-15 Days
51681,0,13.0,Mobile Phone,3,6.0,Credit Card,Male,2.0,5,Laptop & Accessory,1,Married,3,1,22.0,1.0,1.0,2.0,174.57,1-2 Years,Near (<10km),0-3 Days
51682,1,9.0,Mobile Phone,1,14.0,UPI,Male,3.0,5,Mobile Phone,5,Married,2,1,11.0,0.0,1.0,7.0,121.19,6-12 Months,Medium (10-20km),4-7 Days
51683,0,2.0,Mobile Phone,1,15.0,UPI,Male,1.0,4,Mobile Phone,1,Single,1,0,17.0,1.0,2.0,2.0,139.83,0-6 Months,Medium (10-20km),0-3 Days
51684,0,3.0,Mobile Phone,3,11.0,E Wallet,Female,1.0,4,Laptop & Accessory,3,Married,2,0,13.0,1.0,1.0,2.0,161.18,0-6 Months,Medium (10-20km),0-3 Days
51685,0,0.0,Mobile Phone,3,14.0,E Wallet,Female,2.0,3,Laptop & Accessory,4,Married,2,0,18.0,0.0,1.0,7.0,162.14,0-6 Months,Medium (10-20km),4-7 Days
51686,0,10.0,Mobile Phone,1,11.0,Credit Card,Male,3.0,3,Laptop & Accessory,1,Married,8,0,16.0,1.0,1.0,4.0,163.47,6-12 Months,Medium (10-20km),4-7 Days
51687,0,11.0,Mobile Phone,1,21.0,Debit Card,Male,3.0,4,Fashion,1,Married,1,1,14.0,2.0,2.0,3.0,215.10000000000002,6-12 Months,Far (>20km),0-3 Days
51688,0,4.0,Mobile Phone,1,13.0,Credit Card,Female,2.0,3,Fashion,1,Single,2,1,14.0,4.0,4.0,10.0,171.43,0-6 Months,Medium (10-20km),8-15 Days
51689,0,2.0,Mobile Phone,3,16.0,E Wallet,Female,2.0,4,Laptop & Accessory,4,Married,2,1,14.0,1.0,1.0,7.0,182.68,0-6 Months,Medium (10-20km),4-7 Days
51690,0,8.0,Mobile Phone,1,11.0,Cash on Delivery,Male,3.0,3,Fashion,4,Single,1,0,13.0,1.0,1.0,13.0,180.95,6-12 Months,Medium (10-20km),8-15 Days
51691,0,0.0,Mobile Phone,1,32.0,Debit Card,Male,3.0,3,Mobile Phone,1,Married,2,0,12.0,0.0,1.0,2.0,129.04,0-6 Months,Far (>20km),0-3 Days
51692,0,14.0,Mobile Phone,1,12.0,Credit Card,Male,3.0,4,Laptop & Accessory,4,Single,7,1,15.0,1.0,1.0,2.0,160.32,1-2 Years,Medium (10-20km),0-3 Days
51693,0,20.0,Computer,3,10.0,Credit Card,Male,3.0,3,Laptop & Accessory,3,Single,4,0,19.0,0.0,1.0,0.0,129.76,1-2 Years,Near (<10km),0-3 Days
51694,0,15.0,Mobile Phone,1,29.0,Debit Card,Female,2.0,3,Grocery,1,Single,3,0,14.0,0.0,2.0,0.0,259.92,1-2 Years,Far (>20km),0-3 Days
51695,0,2.0,Computer,3,8.0,Debit Card,Male,3.0,3,Laptop & Accessory,3,Married,2,0,14.0,1.0,1.0,2.0,146.49,0-6 Months,Near (<10km),0-3 Days
51696,0,15.0,Mobile Phone,2,8.0,Cash on Delivery,Male,3.0,3,Mobile Phone,3,Married,1,1,11.0,1.0,1.0,0.0,126.96000000000001,1-2 Years,Near (<10km),0-3 Days
51697,0,5.0,Mobile Phone,1,14.0,Credit Card,Female,3.0,3,Mobile Phone,4,Married,2,0,13.0,0.0,1.0,7.0,123.69999999999999,0-6 Months,Medium (10-20km),4-7 Days
51698,0,21.0,Mobile Phone,3,35.0,Credit Card,Female,3.0,3,Fashion,3,Married,4,0,21.0,0.0,1.0,3.0,225.04000000000002,1-2 Years,Far (>20km),0-3 Days
51699,0,10.0,Mobile Phone,1,12.0,Credit Card,Male,2.0,1,Laptop & Accessory,5,Married,5,1,13.0,6.0,6.0,7.0,159.74,6-12 Months,Medium (10-20km),4-7 Days
51700,0,3.0,Computer,3,31.0,Cash on Delivery,Female,2.0,3,Laptop & Accessory,3,Married,8,1,12.0,2.0,2.0,2.0,147.36,0-6 Months,Far (>20km),0-3 Days
51701,0,0.0,Mobile Phone,3,6.0,Debit Card,Male,2.0,3,Laptop & Accessory,3,Married,2,0,17.0,0.0,7.0,7.0,152.96,0-6 Months,Near (<10km),4-7 Days
51702,0,15.0,Mobile Phone,1,8.0,UPI,Male,3.0,4,Laptop & Accessory,1,Single,4,0,23.0,1.0,1.0,0.0,167.81,1-2 Years,Near (<10km),0-3 Days
51703,1,9.0,Computer,3,6.0,Cash on Delivery,Female,3.0,4,Mobile Phone,4,Single,2,1,11.0,1.0,1.0,2.0,121.74000000000001,6-12 Months,Near (<10km),0-3 Days
51704,0,9.0,Computer,3,6.0,Credit Card,Female,2.0,3,Laptop & Accessory,1,Single,5,0,15.0,1.0,1.0,0.0,166.53,6-12 Months,Near (<10km),0-3 Days
51705,0,9.0,Computer,3,9.0,Credit Card,Male,2.0,4,Fashion,1,Married,5,0,11.0,0.0,1.0,12.0,196.99,6-12 Months,Near (<10km),8-15 Days
51706,0,30.0,Mobile Phone,1,6.0,Credit Card,Male,2.0,3,Laptop & Accessory,3,Married,3,0,11.0,0.0,1.0,2.0,167.55,2+ Years,Near (<10km),0-3 Days
51707,0,9.0,Mobile Phone,1,16.0,Debit Card,Female,2.0,1,Mobile Phone,3,Married,4,1,13.0,0.0,1.0,7.0,122.13,6-12 Months,Medium (10-20km),4-7 Days
51708,0,0.0,Computer,3,14.0,Credit Card,Male,2.0,3,Mobile Phone,1,Single,2,0,24.0,2.0,2.0,2.0,126.1,0-6 Months,Medium (10-20km),0-3 Days
51709,1,0.0,Mobile Phone,3,11.0,E Wallet,Female,3.0,3,Mobile Phone,3,Single,2,1,13.0,0.0,1.0,0.0,128.51,0-6 Months,Medium (10-20km),0-3 Days
51710,0,10.0,Mobile Phone,1,16.0,Credit Card,Female,3.0,3,Mobile Phone,5,Married,7,0,20.0,1.0,1.0,3.0,134.52,6-12 Months,Medium (10-20km),0-3 Days
51711,0,19.0,Computer,1,13.0,Credit Card,Female,1.0,3,Laptop & Accessory,3,Married,3,0,14.0,1.0,1.0,0.0,152.58,1-2 Years,Medium (10-20km),0-3 Days
51712,1,4.0,Computer,3,10.0,E Wallet,Male,2.0,3,Laptop & Accessory,4,Single,2,0,18.0,4.0,7.0,7.0,193.55,0-6 Months,Near (<10km),4-7 Days
51713,0,23.0,Mobile Phone,1,16.0,Cash on Delivery,Male,3.0,4,Fashion,1,Single,7,0,15.0,1.0,1.0,3.0,204.96,1-2 Years,Medium (10-20km),0-3 Days
51714,1,3.0,Mobile Phone,3,28.0,E Wallet,Male,3.0,4,Laptop & Accessory,3,Married,3,1,12.0,1.0,1.0,0.0,163.8,0-6 Months,Far (>20km),0-3 Days
51715,0,4.0,Mobile Phone,1,14.0,Debit Card,Male,2.0,4,Mobile Phone,4,Single,1,1,16.0,2.0,2.0,2.0,126.57,0-6 Months,Medium (10-20km),0-3 Days
51716,1,0.0,Mobile Phone,3,18.0,Debit Card,Female,3.0,1,Mobile Phone,4,Single,2,0,15.0,0.0,1.0,0.0,127.16,0-6 Months,Medium (10-20km),0-3 Days
51717,0,9.0,Mobile Phone,1,29.0,Debit Card,Male,2.0,3,Mobile Phone,1,Single,10,0,16.0,0.0,1.0,2.0,122.00999999999999,6-12 Months,Far (>20km),0-3 Days
51718,0,8.0,Mobile Phone,1,15.0,Debit Card,Male,3.0,4,Laptop & Accessory,4,Single,10,0,19.0,0.0,1.0,0.0,165.4,6-12 Months,Medium (10-20km),0-3 Days
51719,0,0.0,Mobile Phone,1,6.0,Credit Card,Male,2.0,3,Mobile Phone,4,Married,2,0,11.0,0.0,1.0,4.0,138.16,0-6 Months,Near (<10km),4-7 Days
51720,0,1.0,Mobile Phone,3,15.0,Debit Card,Male,3.0,3,Laptop & Accessory,1,Single,2,0,16.0,1.0,1.0,7.0,152.53,0-6 Months,Medium (10-20km),4-7 Days
51721,0,22.0,Mobile Phone,1,13.0,UPI,Male,2.0,4,Fashion,3,Single,9,0,24.0,1.0,1.0,3.0,209.64999999999998,1-2 Years,Medium (10-20km),0-3 Days
51722,0,24.0,Mobile Phone,3,20.0,Debit Card,Female,2.0,3,Laptop & Accessory,1,Married,5,0,11.0,1.0,1.0,7.0,149.36,1-2 Years,Medium (10-20km),4-7 Days
51723,0,9.0,Mobile Phone,1,14.0,Debit Card,Female,3.0,3,Mobile Phone,3,Married,5,0,13.0,2.0,2.0,2.0,125.43,6-12 Months,Medium (10-20km),0-3 Days
51724,1,0.0,Computer,3,25.0,E Wallet,Male,3.0,1,Laptop & Accessory,1,Single,9,1,13.0,0.0,1.0,4.0,153.04,0-6 Months,Far (>20km),4-7 Days
51725,0,28.0,Mobile Phone,1,8.0,Debit Card,Female,3.0,3,Grocery,1,Single,3,1,13.0,1.0,1.0,2.0,266.59,2+ Years,Near (<10km),0-3 Days
51726,0,0.0,Mobile Phone,3,16.0,E Wallet,Female,3.0,3,Laptop & Accessory,3,Married,2,1,12.0,0.0,1.0,3.0,142.6,0-6 Months,Medium (10-20km),0-3 Days
51727,0,3.0,Mobile Phone,3,14.0,Cash on Delivery,Male,3.0,3,Mobile Phone,4,Married,2,0,18.0,1.0,1.0,0.0,124.75999999999999,0-6 Months,Medium (10-20km),0-3 Days
51728,1,0.0,Computer,1,9.0,Cash on Delivery,Male,3.0,3,Mobile Phone,5,Single,1,0,22.0,0.0,1.0,4.0,131.02,0-6 Months,Near (<10km),4-7 Days
51729,0,9.0,Mobile Phone,1,17.0,Credit Card,Female,2.0,3,Mobile Phone,4,Married,2,0,13.0,1.0,1.0,2.0,122.44,6-12 Months,Medium (10-20km),0-3 Days
51730,0,9.0,Mobile Phone,3,8.0,Credit Card,Male,3.0,4,Fashion,3,Married,2,0,13.0,8.0,9.0,0.0,175.96,6-12 Months,Near (<10km),0-3 Days
51731,1,9.0,Computer,1,10.0,Cash on Delivery,Male,2.0,3,Mobile Phone,1,Single,10,1,23.0,1.0,1.0,0.0,122.85,6-12 Months,Near (<10km),0-3 Days
51732,0,10.0,Mobile Phone,1,20.0,Debit Card,Female,3.0,3,Mobile Phone,5,Married,2,0,12.0,10.0,12.0,17.0,130.34,6-12 Months,Medium (10-20km),15+ Days
51733,0,13.0,Mobile Phone,3,8.0,E Wallet,Female,2.0,3,Laptop & Accessory,4,Married,8,0,12.0,0.0,1.0,3.0,157.15,1-2 Years,Near (<10km),0-3 Days
51734,0,15.0,Mobile Phone,1,14.0,Debit Card,Female,3.0,3,Mobile Phone,5,Married,4,0,16.0,0.0,1.0,2.0,125.75999999999999,1-2 Years,Medium (10-20km),0-3 Days
51735,0,10.0,Mobile Phone,1,16.0,Debit Card,Male,2.0,3,Laptop & Accessory,4,Single,3,1,12.0,0.0,1.0,1.0,141.97,6-12 Months,Medium (10-20km),0-3 Days
51736,0,16.0,Mobile Phone,1,18.0,Debit Card,Male,2.0,4,Grocery,4,Married,2,0,11.0,3.0,2.0,9.0,243.36,1-2 Years,Medium (10-20km),8-15 Days
51737,0,13.0,Mobile Phone,1,8.0,Credit Card,Female,3.0,4,Laptop & Accessory,3,Married,7,0,22.0,1.0,1.0,0.0,134.48,1-2 Years,Near (<10km),0-3 Days
51738,0,27.0,Mobile Phone,1,11.0,Credit Card,Male,2.0,3,Others,5,Married,5,0,15.0,1.0,1.0,2.0,294.06,2+ Years,Medium (10-20km),0-3 Days
51739,0,7.0,Computer,3,10.0,E Wallet,Female,3.0,3,Laptop & Accessory,3,Married,10,0,15.0,0.0,1.0,2.0,165.38,6-12 Months,Near (<10km),0-3 Days
51740,0,4.0,Mobile Phone,1,13.0,Credit Card,Female,2.0,3,Laptop & Accessory,5,Married,2,0,12.0,3.0,3.0,12.0,143.06,0-6 Months,Medium (10-20km),8-15 Days
51741,0,9.0,Computer,1,27.0,Credit Card,Male,3.0,3,Mobile Phone,1,Married,8,0,20.0,1.0,1.0,2.0,122.58000000000001,6-12 Months,Far (>20km),0-3 Days
51742,0,16.0,Mobile Phone,1,14.0,UPI,Female,3.0,3,Laptop & Accessory,3,Married,5,1,14.0,1.0,1.0,2.0,145.22,1-2 Years,Medium (10-20km),0-3 Days
51743,0,0.0,Mobile Phone,3,10.0,Debit Card,Female,3.0,4,Laptop & Accessory,1,Single,2,1,11.0,0.0,1.0,3.0,144.87,0-6 Months,Near (<10km),0-3 Days
51744,0,10.0,Computer,1,31.0,Credit Card,Female,3.0,3,Laptop & Accessory,3,Married,4,1,15.0,4.0,10.0,7.0,144.49,6-12 Months,Far (>20km),4-7 Days
51745,0,9.0,Mobile Phone,1,6.0,Debit Card,Male,3.0,4,Mobile Phone,5,Married,2,0,12.0,3.0,3.0,2.0,122.18,6-12 Months,Near (<10km),0-3 Days
51746,0,12.0,Computer,1,6.0,Debit Card,Male,2.0,3,Others,3,Married,2,1,14.0,0.0,1.0,6.0,291.97,6-12 Months,Near (<10km),4-7 Days
51747,0,29.0,Computer,3,12.0,Debit Card,Female,2.0,1,Grocery,5,Married,10,0,11.0,6.0,2.0,7.0,232.12,2+ Years,Medium (10-20km),4-7 Days
51748,0,3.0,Mobile Phone,3,18.0,Cash on Delivery,Female,2.0,3,Laptop & Accessory,3,Single,1,0,11.0,3.0,4.0,4.0,165.77,0-6 Months,Medium (10-20km),4-7 Days
51749,0,14.0,Mobile Phone,3,6.0,E Wallet,Male,2.0,1,Fashion,5,Married,2,0,16.0,1.0,1.0,7.0,183.92,1-2 Years,Near (<10km),4-7 Days
51750,0,1.0,Mobile Phone,1,23.0,Credit Card,Male,3.0,3,Laptop & Accessory,5,Married,2,0,12.0,0.0,1.0,8.0,145.58,0-6 Months,Far (>20km),8-15 Days
51751,1,0.0,Mobile Phone,1,9.0,Credit Card,Male,3.0,3,Mobile Phone,5,Married,6,0,13.0,1.0,1.0,2.0,140.31,0-6 Months,Near (<10km),0-3 Days
51752,0,25.0,Mobile Phone,1,9.0,Credit Card,Male,2.0,4,Fashion,3,Married,3,1,14.0,1.0,1.0,4.0,179.69,2+ Years,Near (<10km),4-7 Days
51753,0,18.0,Mobile Phone,1,14.0,Debit Card,Male,3.0,3,Mobile Phone,1,Married,4,0,21.0,0.0,1.0,2.0,126.53999999999999,1-2 Years,Medium (10-20km),0-3 Days
51754,0,25.0,Mobile Phone,1,10.0,Debit Card,Female,1.0,3,Grocery,1,Married,3,0,13.0,1.0,1.0,4.0,265.55,2+ Years,Near (<10km),4-7 Days
51755,0,15.0,Computer,1,35.0,Debit Card,Female,3.0,3,Laptop & Accessory,3,Married,3,0,11.0,1.0,1.0,2.0,145.56,1-2 Years,Far (>20km),0-3 Days
51756,0,3.0,Mobile Phone,1,8.0,Debit Card,Female,2.0,5,Laptop & Accessory,1,Single,3,0,20.0,1.0,1.0,2.0,160.91,0-6 Months,Near (<10km),0-3 Days
51757,0,30.0,Mobile Phone,1,13.0,Debit Card,Female,2.0,3,Others,5,Married,6,0,15.0,1.0,11.0,10.0,295.66,2+ Years,Medium (10-20km),8-15 Days
51758,0,19.0,Mobile Phone,1,24.0,Credit Card,Female,2.0,3,Laptop & Accessory,3,Married,3,0,14.0,1.0,1.0,8.0,148.1,1-2 Years,Far (>20km),8-15 Days
51759,0,15.0,Computer,1,34.0,Cash on Delivery,Female,2.0,4,Laptop & Accessory,1,Married,1,0,11.0,0.0,1.0,4.0,145.23,1-2 Years,Far (>20km),4-7 Days
51760,1,0.0,Mobile Phone,3,6.0,Cash on Delivery,Female,3.0,3,Mobile Phone,4,Single,2,1,16.0,0.0,1.0,4.0,132.02,0-6 Months,Near (<10km),4-7 Days
51761,1,0.0,Computer,3,14.0,E Wallet,Female,2.0,5,Mobile Phone,3,Married,1,0,16.0,0.0,1.0,0.0,123.50999999999999,0-6 Months,Medium (10-20km),0-3 Days
51762,0,9.0,Computer,1,8.0,Debit Card,Male,2.0,3,Mobile Phone,1,Married,2,1,23.0,1.0,1.0,0.0,117.02000000000001,6-12 Months,Near (<10km),0-3 Days
51763,0,13.0,Mobile Phone,3,8.0,Debit Card,Female,3.0,3,Others,3,Married,1,0,14.0,1.0,1.0,12.0,280.41,1-2 Years,Near (<10km),8-15 Days
51764,0,0.0,Mobile Phone,1,29.0,Debit Card,Female,3.0,3,Mobile Phone,1,Married,2,0,22.0,0.0,1.0,2.0,128.86,0-6 Months,Far (>20km),0-3 Days
51765,0,9.0,Computer,1,9.0,Debit Card,Male,2.0,3,Mobile Phone,1,Married,5,0,15.0,1.0,1.0,4.0,120.97,6-12 Months,Near (<10km),4-7 Days
51766,0,2.0,Mobile Phone,1,9.0,Credit Card,Male,3.0,4,Fashion,3,Married,2,0,18.0,0.0,1.0,3.0,219.35000000000002,0-6 Months,Near (<10km),0-3 Days
51767,1,0.0,Mobile Phone,1,14.0,Cash on Delivery,Female,3.0,4,Mobile Phone,4,Married,6,0,16.0,1.0,1.0,1.0,125.46000000000001,0-6 Months,Medium (10-20km),0-3 Days
51768,1,0.0,Mobile Phone,2,14.0,Cash on Delivery,Male,2.0,4,Mobile Phone,1,Single,2,0,12.0,0.0,1.0,0.0,125.63999999999999,0-6 Months,Medium (10-20km),0-3 Days
51769,0,3.0,Computer,3,28.0,UPI,Female,3.0,3,Fashion,5,Married,1,0,11.0,3.0,7.0,8.0,184.12,0-6 Months,Far (>20km),8-15 Days
51770,0,30.0,Mobile Phone,3,35.0,E Wallet,Male,2.0,4,Grocery,1,Married,4,0,12.0,1.0,2.0,0.0,241.18,2+ Years,Far (>20km),0-3 Days
51771,0,23.0,Mobile Phone,1,35.0,Debit Card,Male,2.0,4,Grocery,3,Married,1,0,15.0,1.0,15.0,7.0,270.46,1-2 Years,Far (>20km),4-7 Days
51772,0,3.0,Computer,1,14.0,Credit Card,Female,2.0,3,Mobile Phone,1,Single,1,0,14.0,1.0,6.0,7.0,125.63999999999999,0-6 Months,Medium (10-20km),4-7 Days
51773,0,30.0,Computer,3,34.0,E Wallet,Female,3.0,4,Fashion,5,Married,5,0,19.0,3.0,13.0,11.0,202.66,2+ Years,Far (>20km),8-15 Days
51774,0,20.0,Mobile Phone,1,8.0,Credit Card,Female,3.0,3,Laptop & Accessory,1,Married,6,0,13.0,0.0,1.0,4.0,150.7,1-2 Years,Near (<10km),4-7 Days
51775,0,19.0,Mobile Phone,1,8.0,Debit Card,Male,2.0,3,Grocery,3,Married,7,0,13.0,1.0,1.0,1.0,278.61,1-2 Years,Near (<10km),0-3 Days
51776,0,8.0,Mobile Phone,1,28.0,Debit Card,Male,2.0,5,Mobile Phone,3,Single,1,0,15.0,1.0,4.0,3.0,142.3,6-12 Months,Far (>20km),0-3 Days
51777,0,27.0,Mobile Phone,1,5.0,Debit Card,Female,2.0,3,Laptop & Accessory,3,Single,8,0,11.0,0.0,1.0,0.0,137.8,2+ Years,Near (<10km),0-3 Days
51778,0,7.0,Mobile Phone,1,8.0,Debit Card,Male,3.0,4,Mobile Phone,3,Married,4,0,12.0,3.0,5.0,7.0,127.68,6-12 Months,Near (<10km),4-7 Days
51779,0,5.0,Mobile Phone,3,16.0,E Wallet,Female,3.0,4,Fashion,1,Married,3,1,19.0,0.0,1.0,2.0,190.71,0-6 Months,Medium (10-20km),0-3 Days
51780,0,4.0,Mobile Phone,1,15.0,Debit Card,Male,2.0,3,Fashion,4,Married,2,0,25.0,0.0,1.0,8.0,206.48000000000002,0-6 Months,Medium (10-20km),8-15 Days
51781,1,0.0,Mobile Phone,1,21.0,Credit Card,Male,2.0,3,Fashion,3,Married,8,1,12.0,3.0,2.0,7.0,236.10000000000002,0-6 Months,Far (>20km),4-7 Days
51782,1,0.0,Mobile Phone,1,16.0,Credit Card,Male,2.0,5,Mobile Phone,1,Married,8,0,13.0,0.0,1.0,3.0,134.08,0-6 Months,Medium (10-20km),0-3 Days
51783,0,3.0,Mobile Phone,3,13.0,E Wallet,Male,3.0,3,Mobile Phone,4,Single,1,0,14.0,0.0,1.0,2.0,129.83,0-6 Months,Medium (10-20km),0-3 Days
51784,0,8.0,Mobile Phone,1,22.0,Debit Card,Male,3.0,3,Fashion,3,Married,5,1,12.0,0.0,1.0,0.0,176.32,6-12 Months,Far (>20km),0-3 Days
51785,1,0.0,Computer,1,26.0,Debit Card,Male,3.0,3,Fashion,3,Married,4,0,12.0,1.0,1.0,0.0,198.24,0-6 Months,Far (>20km),0-3 Days
51786,1,0.0,Computer,2,29.0,UPI,Female,2.0,3,Fashion,5,Married,10,1,15.0,1.0,1.0,2.0,199.5,0-6 Months,Far (>20km),0-3 Days
51787,0,9.0,Computer,1,11.0,UPI,Male,3.0,3,Mobile Phone,3,Married,5,0,17.0,0.0,2.0,0.0,120.93,6-12 Months,Medium (10-20km),0-3 Days
51788,0,9.0,Computer,3,16.0,Credit Card,Male,2.0,3,Fashion,1,Single,2,0,14.0,8.0,9.0,7.0,199.8,6-12 Months,Medium (10-20km),4-7 Days
51789,1,0.0,Computer,1,10.0,Cash on Delivery,Male,3.0,4,Mobile Phone,3,Single,6,0,16.0,0.0,1.0,2.0,138.94,0-6 Months,Near (<10km),0-3 Days
51790,0,21.0,Mobile Phone,3,8.0,E Wallet,Female,2.0,3,Laptop & Accessory,1,Married,3,0,14.0,6.0,6.0,7.0,140.51,1-2 Years,Near (<10km),4-7 Days
51791,0,28.0,Mobile Phone,3,24.0,Debit Card,Female,2.0,3,Grocery,4,Single,4,0,23.0,1.0,7.0,8.0,268.35,2+ Years,Far (>20km),8-15 Days
51792,0,14.0,Computer,3,16.0,Debit Card,Male,2.0,3,Laptop & Accessory,1,Single,8,0,14.0,0.0,1.0,10.0,162.3,1-2 Years,Medium (10-20km),8-15 Days
51793,0,8.0,Mobile Phone,3,6.0,E Wallet,Male,2.0,3,Laptop & Accessory,3,Married,10,0,11.0,0.0,6.0,9.0,147.17,6-12 Months,Near (<10km),8-15 Days
51794,0,13.0,Mobile Phone,1,12.0,Debit Card,Female,3.0,3,Grocery,3,Single,8,0,15.0,4.0,2.0,13.0,232.37,1-2 Years,Medium (10-20km),8-15 Days
51795,0,12.0,Computer,1,14.0,Debit Card,Female,2.0,3,Mobile Phone,3,Married,2,0,11.0,1.0,1.0,7.0,137.55,6-12 Months,Medium (10-20km),4-7 Days
51796,0,4.0,Mobile Phone,3,8.0,Debit Card,Male,3.0,3,Laptop & Accessory,1,Single,5,1,13.0,1.0,1.0,5.0,165.82,0-6 Months,Near (<10km),4-7 Days
51797,0,15.0,Mobile Phone,1,30.0,Credit Card,Male,2.0,3,Fashion,5,Married,2,1,21.0,5.0,5.0,8.0,174.06,1-2 Years,Far (>20km),8-15 Days
51798,0,18.0,Mobile Phone,3,8.0,UPI,Male,3.0,3,Laptop & Accessory,4,Married,1,0,19.0,3.0,3.0,7.0,148.05,1-2 Years,Near (<10km),4-7 Days
51799,1,0.0,Computer,2,23.0,Debit Card,Female,3.0,3,Mobile Phone,3,Married,1,1,11.0,0.0,1.0,0.0,127.41,0-6 Months,Far (>20km),0-3 Days
51800,0,2.0,Mobile Phone,1,25.0,Cash on Delivery,Male,2.0,3,Laptop & Accessory,1,Married,5,0,12.0,1.0,1.0,2.0,142.62,0-6 Months,Far (>20km),0-3 Days
51801,0,6.0,Mobile Phone,1,6.0,Credit Card,Female,3.0,1,Grocery,3,Married,5,0,19.0,1.0,1.0,5.0,261.84,0-6 Months,Near (<10km),4-7 Days
51802,0,4.0,Mobile Phone,3,13.0,Debit Card,Male,2.0,4,Fashion,1,Married,10,0,21.0,1.0,1.0,3.0,215.57,0-6 Months,Medium (10-20km),0-3 Days
51803,1,9.0,Computer,3,11.0,E Wallet,Male,3.0,3,Mobile Phone,4,Single,2,1,14.0,1.0,1.0,0.0,118.78,6-12 Months,Medium (10-20km),0-3 Days
51804,0,13.0,Computer,3,34.0,UPI,Male,2.0,5,Fashion,5,Married,4,0,15.0,0.0,1.0,3.0,209.32,1-2 Years,Far (>20km),0-3 Days
51805,0,14.0,Computer,1,8.0,UPI,Female,3.0,4,Laptop & Accessory,3,Single,3,1,17.0,0.0,1.0,7.0,168.11,1-2 Years,Near (<10km),4-7 Days
51806,0,0.0,Mobile Phone,3,35.0,Credit Card,Male,2.0,3,Laptop & Accessory,3,Married,6,0,12.0,0.0,1.0,0.0,143.06,0-6 Months,Far (>20km),0-3 Days
51807,0,8.0,Mobile Phone,3,6.0,Credit Card,Female,3.0,3,Laptop & Accessory,3,Single,2,0,16.0,1.0,1.0,3.0,148.59,6-12 Months,Near (<10km),0-3 Days
51808,0,7.0,Mobile Phone,3,27.0,Debit Card,Male,3.0,1,Laptop & Accessory,1,Single,2,0,12.0,0.0,5.0,7.0,153.37,6-12 Months,Far (>20km),4-7 Days
51809,1,0.0,Mobile Phone,1,14.0,Cash on Delivery,Male,3.0,5,Mobile Phone,1,Single,2,1,18.0,0.0,1.0,0.0,123.4,0-6 Months,Medium (10-20km),0-3 Days
51810,0,10.0,Mobile Phone,1,6.0,Cash on Delivery,Female,2.0,3,Fashion,1,Single,5,0,17.0,1.0,1.0,2.0,174.91,6-12 Months,Near (<10km),0-3 Days
51811,0,19.0,Computer,1,24.0,Credit Card,Female,2.0,3,Fashion,3,Married,6,0,11.0,0.0,1.0,2.0,205.27,1-2 Years,Far (>20km),0-3 Days
51812,0,14.0,Mobile Phone,3,8.0,Debit Card,Female,3.0,3,Grocery,5,Married,8,0,16.0,1.0,11.0,8.0,265.95,1-2 Years,Near (<10km),8-15 Days
51813,0,10.0,Computer,3,15.0,Credit Card,Male,3.0,3,Fashion,4,Married,2,0,13.0,1.0,7.0,7.0,188.34,6-12 Months,Medium (10-20km),4-7 Days
51814,0,25.0,Mobile Phone,1,12.0,Cash on Delivery,Male,3.0,3,Laptop & Accessory,5,Married,4,1,12.0,2.0,6.0,9.0,155.77,2+ Years,Medium (10-20km),8-15 Days
51815,1,0.0,Computer,3,17.0,UPI,Male,2.0,1,Laptop & Accessory,3,Married,9,0,12.0,1.0,1.0,2.0,147.07,0-6 Months,Medium (10-20km),0-3 Days
51816,0,0.0,Computer,3,14.0,Credit Card,Male,2.0,3,Mobile Phone,1,Married,1,0,13.0,1.0,2.0,1.0,124.0,0-6 Months,Medium (10-20km),0-3 Days
51817,0,11.0,Mobile Phone,1,16.0,Credit Card,Female,3.0,3,Laptop & Accessory,3,Married,4,0,19.0,0.0,1.0,0.0,198.24,6-12 Months,Medium (10-20km),0-3 Days
51818,0,10.0,Mobile Phone,1,6.0,Debit Card,Female,3.0,3,Laptop & Accessory,4,Married,7,0,12.0,4.0,4.0,3.0,164.47,6-12 Months,Near (<10km),0-3 Days
51819,0,22.0,Mobile Phone,1,24.0,Debit Card,Male,2.0,4,Others,3,Married,2,1,15.0,1.0,1.0,9.0,295.02,1-2 Years,Far (>20km),8-15 Days
51820,0,0.0,Mobile Phone,1,29.0,Credit Card,Male,3.0,1,Mobile Phone,1,Married,2,1,11.0,0.0,1.0,4.0,127.25,0-6 Months,Far (>20km),4-7 Days
51821,0,0.0,Mobile Phone,3,34.0,E Wallet,Male,3.0,3,Laptop & Accessory,4,Married,2,0,20.0,0.0,1.0,4.0,162.72,0-6 Months,Far (>20km),4-7 Days
51822,0,9.0,Mobile Phone,1,23.0,UPI,Male,3.0,4,Mobile Phone,4,Married,2,0,21.0,1.0,1.0,0.0,121.27000000000001,6-12 Months,Far (>20km),0-3 Days
51823,0,23.0,Computer,2,9.0,Credit Card,Male,3.0,3,Others,4,Married,2,0,11.0,1.0,10.0,7.0,282.0,1-2 Years,Near (<10km),4-7 Days
51824,0,9.0,Mobile Phone,3,19.0,Credit Card,Male,2.0,3,Mobile Phone,3,Married,2,0,11.0,1.0,1.0,6.0,120.96000000000001,6-12 Months,Medium (10-20km),4-7 Days
51825,1,0.0,Computer,1,13.0,Debit Card,Female,3.0,3,Mobile Phone,3,Married,2,1,16.0,0.0,1.0,2.0,128.86,0-6 Months,Medium (10-20km),0-3 Days
51826,1,9.0,Computer,3,18.0,Debit Card,Male,3.0,4,Mobile Phone,5,Married,2,0,18.0,1.0,1.0,0.0,120.33000000000001,6-12 Months,Medium (10-20km),0-3 Days
51827,0,7.0,Mobile Phone,1,6.0,Debit Card,Male,2.0,4,Mobile Phone,1,Married,2,1,13.0,1.0,1.0,3.0,136.22,6-12 Months,Near (<10km),0-3 Days
51828,1,0.0,Mobile Phone,3,19.0,Credit Card,Male,2.0,3,Laptop & Accessory,5,Married,3,0,17.0,0.0,1.0,2.0,142.33,0-6 Months,Medium (10-20km),0-3 Days
51829,0,8.0,Mobile Phone,1,31.0,UPI,Male,2.0,4,Laptop & Accessory,1,Single,5,0,14.0,1.0,1.0,2.0,136.81,6-12 Months,Far (>20km),0-3 Days
51830,0,4.0,Mobile Phone,3,12.0,Credit Card,Male,3.0,1,Laptop & Accessory,1,Married,5,0,22.0,5.0,5.0,7.0,154.6,0-6 Months,Medium (10-20km),4-7 Days
51831,0,9.0,Mobile Phone,1,12.0,Credit Card,Female,3.0,4,Mobile Phone,3,Married,1,0,12.0,0.0,1.0,3.0,121.87,6-12 Months,Medium (10-20km),0-3 Days
51832,0,10.0,Mobile Phone,3,8.0,E Wallet,Male,3.0,3,Laptop & Accessory,3,Married,5,1,11.0,0.0,1.0,0.0,196.02,6-12 Months,Near (<10km),0-3 Days
51833,0,0.0,Mobile Phone,1,6.0,Debit Card,Female,3.0,4,Mobile Phone,4,Single,2,0,13.0,0.0,1.0,0.0,128.36,0-6 Months,Near (<10km),0-3 Days
51834,0,15.0,Mobile Phone,1,8.0,Debit Card,Female,2.0,3,Laptop & Accessory,1,Married,2,0,13.0,0.0,2.0,2.0,140.89,1-2 Years,Near (<10km),0-3 Days
51835,0,16.0,Mobile Phone,1,12.0,UPI,Male,2.0,4,Grocery,1,Married,5,1,14.0,1.0,1.0,0.0,266.27,1-2 Years,Medium (10-20km),0-3 Days
51836,0,11.0,Mobile Phone,1,14.0,Debit Card,Female,2.0,3,Mobile Phone,5,Single,4,0,17.0,0.0,1.0,0.0,126.19,6-12 Months,Medium (10-20km),0-3 Days
51837,0,16.0,Computer,1,15.0,Credit Card,Male,3.0,3,Laptop & Accessory,3,Married,4,1,13.0,1.0,4.0,7.0,156.79,1-2 Years,Medium (10-20km),4-7 Days
51838,0,21.0,Mobile Phone,1,6.0,Debit Card,Female,2.0,4,Grocery,5,Married,8,0,11.0,0.0,2.0,2.0,254.01999999999998,1-2 Years,Near (<10km),0-3 Days
51839,0,17.0,Mobile Phone,2,6.0,Debit Card,Female,2.0,4,Laptop & Accessory,3,Single,5,0,11.0,1.0,1.0,2.0,159.85,1-2 Years,Near (<10km),0-3 Days
51840,0,7.0,Mobile Phone,3,14.0,Cash on Delivery,Female,2.0,3,Mobile Phone,3,Married,2,1,18.0,1.0,1.0,6.0,125.78999999999999,6-12 Months,Medium (10-20km),4-7 Days
51841,1,0.0,Mobile Phone,3,8.0,E Wallet,Male,3.0,3,Mobile Phone,5,Married,1,0,11.0,1.0,1.0,2.0,130.41,0-6 Months,Near (<10km),0-3 Days
51842,0,0.0,Mobile Phone,3,28.0,Cash on Delivery,Male,2.0,3,Mobile Phone,3,Single,2,0,11.0,0.0,1.0,2.0,134.47,0-6 Months,Far (>20km),0-3 Days
51843,0,17.0,Mobile Phone,1,9.0,UPI,Male,2.0,3,Others,1,Married,5,1,15.0,0.0,1.0,1.0,295.13,1-2 Years,Near (<10km),0-3 Days
51844,0,0.0,Mobile Phone,1,12.0,Credit Card,Male,3.0,3,Mobile Phone,3,Married,1,0,20.0,1.0,2.0,2.0,127.72999999999999,0-6 Months,Medium (10-20km),0-3 Days
51845,0,6.0,Mobile Phone,3,14.0,E Wallet,Male,2.0,3,Laptop & Accessory,3,Married,1,0,12.0,0.0,1.0,2.0,171.04,0-6 Months,Medium (10-20km),0-3 Days
51846,0,5.0,Mobile Phone,1,15.0,Debit Card,Female,3.0,3,Laptop & Accessory,1,Married,2,1,12.0,1.0,1.0,5.0,163.22,0-6 Months,Medium (10-20km),4-7 Days
51847,0,9.0,Computer,1,9.0,Credit Card,Female,3.0,3,Mobile Phone,3,Married,2,0,20.0,1.0,1.0,0.0,120.83000000000001,6-12 Months,Near (<10km),0-3 Days
51848,0,26.0,Mobile Phone,3,6.0,Credit Card,Female,2.0,3,Laptop & Accessory,5,Single,8,0,20.0,4.0,8.0,10.0,183.81,2+ Years,Near (<10km),8-15 Days
51849,0,7.0,Mobile Phone,1,6.0,Debit Card,Male,3.0,3,Mobile Phone,1,Married,2,0,12.0,1.0,8.0,8.0,126.91,6-12 Months,Near (<10km),8-15 Days
51850,1,8.0,Computer,3,32.0,Debit Card,Female,3.0,3,Laptop & Accessory,5,Married,3,0,14.0,0.0,1.0,0.0,142.86,6-12 Months,Far (>20km),0-3 Days
51851,0,0.0,Mobile Phone,1,12.0,Debit Card,Female,3.0,3,Mobile Phone,1,Married,2,1,13.0,0.0,1.0,2.0,56.0,0-6 Months,Medium (10-20km),0-3 Days
51852,0,10.0,Mobile Phone,1,9.0,UPI,Male,2.0,3,Fashion,3,Married,2,0,15.0,7.0,7.0,8.0,194.34,6-12 Months,Near (<10km),8-15 Days
51853,0,2.0,Mobile Phone,3,9.0,Credit Card,Female,3.0,3,Laptop & Accessory,3,Married,2,0,14.0,0.0,1.0,2.0,155.61,0-6 Months,Near (<10km),0-3 Days
51854,0,8.0,Mobile Phone,1,12.0,Debit Card,Male,2.0,5,Laptop & Accessory,1,Single,2,0,13.0,0.0,11.0,8.0,166.46,6-12 Months,Medium (10-20km),8-15 Days
51855,0,6.0,Computer,1,12.0,Debit Card,Male,1.0,3,Laptop & Accessory,1,Married,4,0,23.0,3.0,4.0,7.0,177.25,0-6 Months,Medium (10-20km),4-7 Days
51856,0,27.0,Mobile Phone,2,25.0,Credit Card,Male,2.0,3,Fashion,4,Married,3,0,15.0,2.0,7.0,1.0,207.25,2+ Years,Far (>20km),0-3 Days
51857,0,9.0,Mobile Phone,1,15.0,Credit Card,Male,2.0,4,Laptop & Accessory,4,Married,3,1,11.0,0.0,1.0,2.0,188.47,6-12 Months,Medium (10-20km),0-3 Days
51858,0,9.0,Mobile Phone,1,9.0,Credit Card,Male,2.0,4,Mobile Phone,1,Single,1,0,13.0,1.0,1.0,1.0,120.44999999999999,6-12 Months,Near (<10km),0-3 Days
51859,1,0.0,Mobile Phone,1,16.0,Credit Card,Male,2.0,3,Mobile Phone,3,Single,2,1,11.0,1.0,1.0,1.0,110.09,0-6 Months,Medium (10-20km),0-3 Days
51860,1,0.0,Computer,1,9.0,Debit Card,Male,3.0,3,Mobile Phone,5,Single,2,1,11.0,5.0,9.0,7.0,133.48,0-6 Months,Near (<10km),4-7 Days
51861,0,9.0,Computer,1,9.0,Debit Card,Male,2.0,4,Mobile Phone,3,Married,2,0,18.0,1.0,1.0,0.0,112.81,6-12 Months,Near (<10km),0-3 Days
51862,0,0.0,Mobile Phone,1,10.0,Credit Card,Male,3.0,1,Mobile Phone,5,Married,3,0,16.0,0.0,1.0,2.0,128.19,0-6 Months,Near (<10km),0-3 Days
51863,0,0.0,Mobile Phone,3,14.0,Debit Card,Male,2.0,1,Laptop & Accessory,4,Married,1,0,22.0,1.0,1.0,2.0,148.51,0-6 Months,Medium (10-20km),0-3 Days
51864,0,11.0,Mobile Phone,3,13.0,E Wallet,Female,2.0,4,Laptop & Accessory,1,Single,1,0,20.0,1.0,1.0,5.0,140.28,6-12 Months,Medium (10-20km),4-7 Days
51865,0,2.0,Computer,1,6.0,Debit Card,Male,3.0,5,Mobile Phone,1,Married,2,0,18.0,0.0,2.0,8.0,127.19999999999999,0-6 Months,Near (<10km),8-15 Days
51866,0,21.0,Mobile Phone,3,8.0,E Wallet,Male,2.0,1,Laptop & Accessory,4,Married,4,0,12.0,0.0,2.0,2.0,181.2,1-2 Years,Near (<10km),0-3 Days
51867,0,0.0,Computer,3,9.0,Credit Card,Female,3.0,1,Laptop & Accessory,1,Married,2,1,20.0,1.0,1.0,4.0,146.47,0-6 Months,Near (<10km),4-7 Days
51868,0,10.0,Mobile Phone,1,16.0,Debit Card,Male,3.0,1,Mobile Phone,1,Single,4,0,17.0,1.0,1.0,0.0,146.8,6-12 Months,Medium (10-20km),0-3 Days
51869,0,23.0,Mobile Phone,1,34.0,Credit Card,Male,3.0,1,Mobile Phone,3,Married,2,1,11.0,0.0,3.0,8.0,132.21,1-2 Years,Far (>20km),8-15 Days
51870,0,7.0,Mobile Phone,1,15.0,Credit Card,Female,2.0,4,Fashion,4,Single,2,0,14.0,4.0,7.0,7.0,186.21,6-12 Months,Medium (10-20km),4-7 Days
51871,1,0.0,Mobile Phone,3,9.0,Debit Card,Female,3.0,3,Laptop & Accessory,3,Single,10,0,14.0,1.0,2.0,0.0,145.77,0-6 Months,Near (<10km),0-3 Days
51872,0,12.0,Mobile Phone,1,8.0,Cash on Delivery,Female,3.0,4,Laptop & Accessory,3,Single,2,0,11.0,1.0,11.0,10.0,145.53,6-12 Months,Near (<10km),8-15 Days
51873,0,5.0,Mobile Phone,3,16.0,E Wallet,Male,2.0,3,Laptop & Accessory,1,Single,2,0,12.0,1.0,1.0,8.0,153.96,0-6 Months,Medium (10-20km),8-15 Days
51874,1,13.0,Computer,3,14.0,Cash on Delivery,Male,2.0,3,Laptop & Accessory,3,Married,4,1,14.0,0.0,1.0,3.0,167.96,1-2 Years,Medium (10-20km),0-3 Days
51875,0,11.0,Mobile Phone,1,6.0,Debit Card,Female,2.0,1,Laptop & Accessory,1,Single,1,0,13.0,0.0,1.0,8.0,176.25,6-12 Months,Near (<10km),8-15 Days
51876,0,0.0,Mobile Phone,1,6.0,Debit Card,Female,3.0,3,Fashion,5,Married,2,0,11.0,0.0,1.0,7.0,174.12,0-6 Months,Near (<10km),4-7 Days
51877,0,5.0,Mobile Phone,1,9.0,Debit Card,Female,2.0,3,Fashion,1,Single,4,0,15.0,6.0,7.0,3.0,211.58999999999997,0-6 Months,Near (<10km),0-3 Days
51878,0,20.0,Mobile Phone,3,20.0,E Wallet,Male,2.0,3,Laptop & Accessory,5,Single,3,0,12.0,1.0,1.0,7.0,149.6,1-2 Years,Medium (10-20km),4-7 Days
51879,0,13.0,Computer,3,11.0,Debit Card,Male,2.0,4,Fashion,5,Married,6,1,21.0,0.0,1.0,12.0,204.75,1-2 Years,Medium (10-20km),8-15 Days
51880,0,26.0,Mobile Phone,1,13.0,Debit Card,Male,2.0,1,Grocery,3,Married,4,0,19.0,0.0,2.0,3.0,248.14,2+ Years,Medium (10-20km),0-3 Days
51881,0,14.0,Mobile Phone,2,16.0,UPI,Male,3.0,4,Others,1,Married,4,0,15.0,1.0,12.0,6.0,291.41,1-2 Years,Medium (10-20km),4-7 Days
51882,0,30.0,Mobile Phone,3,22.0,E Wallet,Male,2.0,3,Laptop & Accessory,5,Single,9,0,14.0,2.0,2.0,2.0,154.05,2+ Years,Far (>20km),0-3 Days
51883,0,0.0,Computer,1,16.0,Debit Card,Male,2.0,3,Fashion,5,Married,2,0,21.0,0.0,1.0,7.0,187.93,0-6 Months,Medium (10-20km),4-7 Days
51884,0,14.0,Mobile Phone,2,6.0,UPI,Male,2.0,4,Others,3,Married,2,0,12.0,1.0,2.0,10.0,291.89,1-2 Years,Near (<10km),8-15 Days
51885,0,23.0,Mobile Phone,3,14.0,E Wallet,Male,2.0,3,Mobile Phone,4,Married,8,0,15.0,0.0,2.0,2.0,138.75,1-2 Years,Medium (10-20km),0-3 Days
51886,1,9.0,Mobile Phone,1,6.0,Debit Card,Female,3.0,5,Mobile Phone,4,Single,8,1,13.0,1.0,3.0,7.0,122.16,6-12 Months,Near (<10km),4-7 Days
51887,0,9.0,Computer,1,14.0,Debit Card,Female,3.0,1,Fashion,5,Married,10,0,14.0,0.0,1.0,3.0,217.13,6-12 Months,Medium (10-20km),0-3 Days
51888,0,11.0,Mobile Phone,1,6.0,Debit Card,Female,2.0,3,Fashion,3,Single,5,1,14.0,0.0,1.0,0.0,178.61,6-12 Months,Near (<10km),0-3 Days
51889,0,17.0,Computer,1,30.0,Credit Card,Male,2.0,5,Mobile Phone,3,Single,3,0,14.0,0.0,1.0,4.0,137.08,1-2 Years,Far (>20km),4-7 Days
51890,0,20.0,Computer,3,9.0,Credit Card,Female,2.0,3,Grocery,3,Married,10,1,12.0,1.0,2.0,13.0,237.7,1-2 Years,Near (<10km),8-15 Days
51891,0,3.0,Mobile Phone,3,33.0,E Wallet,Male,3.0,3,Laptop & Accessory,1,Married,8,0,23.0,2.0,7.0,7.0,153.04,0-6 Months,Far (>20km),4-7 Days
51892,0,2.0,Mobile Phone,3,14.0,Debit Card,Male,3.0,3,Mobile Phone,3,Single,2,0,11.0,1.0,1.0,0.0,126.41999999999999,0-6 Months,Medium (10-20km),0-3 Days
51893,1,5.0,Computer,1,25.0,Credit Card,Male,3.0,1,Mobile Phone,3,Married,7,1,12.0,0.0,2.0,2.0,127.59,0-6 Months,Far (>20km),0-3 Days
51894,0,16.0,Computer,3,21.0,Debit Card,Male,2.0,4,Laptop & Accessory,1,Married,4,0,18.0,1.0,2.0,2.0,168.04,1-2 Years,Far (>20km),0-3 Days
51895,0,7.0,Mobile Phone,1,14.0,Credit Card,Female,3.0,3,Laptop & Accessory,3,Single,4,0,11.0,0.0,4.0,3.0,161.42,6-12 Months,Medium (10-20km),0-3 Days
51896,0,0.0,Mobile Phone,1,14.0,Credit Card,Male,2.0,3,Mobile Phone,5,Married,2,0,14.0,1.0,1.0,2.0,125.0,0-6 Months,Medium (10-20km),0-3 Days
51897,0,12.0,Mobile Phone,2,9.0,UPI,Female,2.0,1,Laptop & Accessory,4,Married,10,0,15.0,0.0,3.0,6.0,163.89,6-12 Months,Near (<10km),4-7 Days
51898,0,29.0,Mobile Phone,1,15.0,Credit Card,Male,2.0,3,Grocery,1,Married,8,0,11.0,0.0,1.0,3.0,211.02999999999997,2+ Years,Medium (10-20km),0-3 Days
51899,0,13.0,Mobile Phone,1,14.0,Credit Card,Female,2.0,4,Mobile Phone,1,Single,1,1,20.0,0.0,2.0,3.0,123.41999999999999,1-2 Years,Medium (10-20km),0-3 Days
51900,0,0.0,Mobile Phone,1,13.0,Credit Card,Female,2.0,4,Laptop & Accessory,5,Single,9,0,19.0,1.0,1.0,7.0,168.11,0-6 Months,Medium (10-20km),4-7 Days
51901,0,9.0,Mobile Phone,3,16.0,E Wallet,Male,2.0,3,Mobile Phone,4,Married,2,0,14.0,2.0,2.0,2.0,122.97,6-12 Months,Medium (10-20km),0-3 Days
51902,0,26.0,Mobile Phone,1,14.0,Debit Card,Male,2.0,3,Laptop & Accessory,1,Single,3,0,17.0,2.0,2.0,2.0,124.5,2+ Years,Medium (10-20km),0-3 Days
51903,0,8.0,Computer,1,8.0,Debit Card,Female,3.0,3,Laptop & Accessory,5,Married,3,0,11.0,1.0,1.0,0.0,150.93,6-12 Months,Near (<10km),0-3 Days
51904,0,5.0,Computer,1,30.0,Debit Card,Male,3.0,3,Laptop & Accessory,1,Married,2,0,15.0,1.0,4.0,7.0,153.09,0-6 Months,Far (>20km),4-7 Days
51905,0,11.0,Mobile Phone,1,8.0,Credit Card,Male,3.0,3,Mobile Phone,3,Married,7,1,13.0,0.0,1.0,1.0,130.57,6-12 Months,Near (<10km),0-3 Days
51906,0,7.0,Mobile Phone,1,14.0,Debit Card,Female,2.0,3,Laptop & Accessory,5,Married,4,0,14.0,1.0,1.0,0.0,151.21,6-12 Months,Medium (10-20km),0-3 Days
51907,0,25.0,Mobile Phone,3,9.0,E Wallet,Male,2.0,4,Grocery,5,Married,2,0,11.0,1.0,1.0,16.0,268.56,2+ Years,Near (<10km),15+ Days
51908,1,0.0,Mobile Phone,1,6.0,UPI,Male,3.0,3,Mobile Phone,1,Single,2,1,13.0,6.0,7.0,8.0,126.86000000000001,0-6 Months,Near (<10km),8-15 Days
51909,0,0.0,Mobile Phone,3,32.0,Credit Card,Female,2.0,3,Laptop & Accessory,1,Single,2,0,23.0,0.0,1.0,4.0,161.8,0-6 Months,Far (>20km),4-7 Days
51910,0,18.0,Mobile Phone,3,8.0,Cash on Delivery,Male,2.0,5,Laptop & Accessory,3,Single,1,0,13.0,1.0,3.0,1.0,166.32,1-2 Years,Near (<10km),0-3 Days
51911,0,0.0,Mobile Phone,1,16.0,Credit Card,Male,3.0,1,Mobile Phone,3,Single,2,0,18.0,0.0,1.0,2.0,135.05,0-6 Months,Medium (10-20km),0-3 Days
51912,1,10.0,Computer,3,33.0,Debit Card,Female,3.0,1,Laptop & Accessory,3,Single,5,1,12.0,0.0,1.0,3.0,163.97,6-12 Months,Far (>20km),0-3 Days
51913,0,7.0,Mobile Phone,3,8.0,UPI,Male,2.0,3,Laptop & Accessory,1,Single,2,0,22.0,0.0,1.0,4.0,162.74,6-12 Months,Near (<10km),4-7 Days
51914,1,18.0,Mobile Phone,1,8.0,Credit Card,Male,3.0,3,Others,5,Married,6,1,15.0,1.0,1.0,4.0,298.59,1-2 Years,Near (<10km),4-7 Days
51915,0,9.0,Computer,3,14.0,Debit Card,Male,3.0,4,Fashion,5,Single,2,0,15.0,0.0,1.0,9.0,175.87,6-12 Months,Medium (10-20km),8-15 Days
51916,0,25.0,Computer,1,25.0,Credit Card,Male,2.0,3,Mobile Phone,1,Married,1,0,18.0,1.0,1.0,2.0,142.58,2+ Years,Far (>20km),0-3 Days
51917,0,0.0,Computer,1,6.0,Debit Card,Female,3.0,5,Mobile Phone,1,Married,4,0,14.0,2.0,2.0,0.0,143.64,0-6 Months,Near (<10km),0-3 Days
51918,0,2.0,Mobile Phone,1,33.0,Credit Card,Female,3.0,3,Laptop & Accessory,3,Married,5,0,12.0,0.0,1.0,1.0,143.35,0-6 Months,Far (>20km),0-3 Days
51919,1,0.0,Mobile Phone,3,14.0,Cash on Delivery,Male,2.0,4,Laptop & Accessory,5,Single,7,0,17.0,0.0,1.0,2.0,153.26,0-6 Months,Medium (10-20km),0-3 Days
51920,0,7.0,Mobile Phone,1,6.0,Debit Card,Female,3.0,1,Mobile Phone,1,Single,3,0,16.0,1.0,1.0,3.0,132.8,6-12 Months,Near (<10km),0-3 Days
51921,0,27.0,Mobile Phone,1,25.0,Credit Card,Female,3.0,3,Laptop & Accessory,5,Married,10,1,11.0,0.0,1.0,4.0,154.85,2+ Years,Far (>20km),4-7 Days
51922,0,0.0,Computer,3,14.0,E Wallet,Male,2.0,3,Laptop & Accessory,1,Married,1,0,19.0,1.0,1.0,1.0,143.42,0-6 Months,Medium (10-20km),0-3 Days
51923,0,10.0,Mobile Phone,1,16.0,Debit Card,Female,3.0,3,Mobile Phone,5,Married,1,1,13.0,4.0,4.0,3.0,127.82,6-12 Months,Medium (10-20km),0-3 Days
51924,0,11.0,Computer,1,8.0,Debit Card,Female,3.0,1,Laptop & Accessory,5,Single,7,1,12.0,0.0,4.0,12.0,159.8,6-12 Months,Near (<10km),8-15 Days
51925,0,7.0,Mobile Phone,1,8.0,Credit Card,Female,2.0,4,Mobile Phone,5,Single,2,0,11.0,1.0,1.0,3.0,143.81,6-12 Months,Near (<10km),0-3 Days
51926,0,8.0,Mobile Phone,3,14.0,Debit Card,Female,3.0,3,Mobile Phone,1,Married,2,0,16.0,1.0,1.0,2.0,125.72,6-12 Months,Medium (10-20km),0-3 Days
51927,0,3.0,Mobile Phone,1,6.0,Debit Card,Male,2.0,5,Mobile Phone,3,Married,4,0,21.0,1.0,1.0,2.0,138.33,0-6 Months,Near (<10km),0-3 Days
51928,0,13.0,Computer,1,8.0,Credit Card,Female,2.0,1,Laptop & Accessory,4,Married,2,0,24.0,0.0,3.0,7.0,142.44,1-2 Years,Near (<10km),4-7 Days
51929,0,7.0,Mobile Phone,3,14.0,Debit Card,Female,3.0,3,Laptop & Accessory,5,Married,6,0,17.0,1.0,1.0,2.0,165.0,6-12 Months,Medium (10-20km),0-3 Days
51930,0,15.0,Computer,1,14.0,Debit Card,Male,3.0,3,Others,1,Married,2,0,13.0,1.0,14.0,9.0,284.3,1-2 Years,Medium (10-20km),8-15 Days
51931,1,9.0,Mobile Phone,1,12.0,Debit Card,Male,3.0,1,Mobile Phone,5,Married,2,1,21.0,0.0,1.0,0.0,116.00999999999999,6-12 Months,Medium (10-20km),0-3 Days
51932,0,0.0,Computer,1,15.0,Debit Card,Male,3.0,4,Mobile Phone,4,Married,2,0,11.0,0.0,1.0,0.0,126.94,0-6 Months,Medium (10-20km),0-3 Days
51933,0,25.0,Mobile Phone,1,17.0,Debit Card,Female,3.0,3,Laptop & Accessory,3,Married,9,0,20.0,1.0,1.0,4.0,131.49,2+ Years,Medium (10-20km),4-7 Days
51934,0,23.0,Mobile Phone,1,8.0,Credit Card,Male,3.0,3,Grocery,3,Married,6,0,16.0,1.0,1.0,3.0,276.39,1-2 Years,Near (<10km),0-3 Days
51935,1,0.0,Mobile Phone,1,14.0,Debit Card,Female,2.0,4,Mobile Phone,5,Married,2,1,11.0,0.0,1.0,0.0,123.19,0-6 Months,Medium (10-20km),0-3 Days
51936,0,6.0,Mobile Phone,1,13.0,Credit Card,Male,2.0,3,Fashion,3,Married,1,0,11.0,1.0,3.0,3.0,216.91000000000003,0-6 Months,Medium (10-20km),0-3 Days
51937,1,0.0,Mobile Phone,3,22.0,E Wallet,Female,3.0,3,Laptop & Accessory,5,Single,6,0,15.0,1.0,1.0,2.0,153.24,0-6 Months,Far (>20km),0-3 Days
51938,0,20.0,Mobile Phone,1,8.0,UPI,Female,2.0,3,Grocery,1,Married,2,1,11.0,1.0,3.0,0.0,267.52,1-2 Years,Near (<10km),0-3 Days
51939,0,9.0,Mobile Phone,1,6.0,UPI,Female,2.0,3,Laptop & Accessory,4,Married,1,0,15.0,1.0,1.0,5.0,152.28,6-12 Months,Near (<10km),4-7 Days
51940,0,2.0,Mobile Phone,1,29.0,Debit Card,Male,3.0,1,Mobile Phone,3,Married,2,0,24.0,1.0,1.0,7.0,127.0,0-6 Months,Far (>20km),4-7 Days
51941,1,20.0,Mobile Phone,1,8.0,Debit Card,Male,2.0,3,Others,4,Single,8,1,15.0,7.0,13.0,8.0,292.46,1-2 Years,Near (<10km),8-15 Days
51942,0,8.0,Mobile Phone,1,14.0,Debit Card,Female,2.0,1,Mobile Phone,3,Single,4,0,13.0,2.0,2.0,2.0,125.06,6-12 Months,Medium (10-20km),0-3 Days
51943,0,15.0,Mobile Phone,1,6.0,Debit Card,Female,2.0,4,Laptop & Accessory,1,Married,10,1,13.0,0.0,1.0,2.0,160.62,1-2 Years,Near (<10km),0-3 Days
51944,1,0.0,Mobile Phone,1,8.0,Credit Card,Male,2.0,3,Mobile Phone,3,Single,7,0,17.0,2.0,2.0,1.0,143.82,0-6 Months,Near (<10km),0-3 Days
51945,0,9.0,Mobile Phone,2,19.0,UPI,Male,2.0,3,Mobile Phone,4,Married,5,0,13.0,1.0,1.0,4.0,121.43,6-12 Months,Medium (10-20km),4-7 Days
51946,0,5.0,Mobile Phone,1,10.0,Debit Card,Female,3.0,4,Laptop & Accessory,3,Married,2,0,12.0,5.0,6.0,8.0,161.62,0-6 Months,Near (<10km),8-15 Days
51947,0,13.0,Computer,1,22.0,Credit Card,Male,2.0,4,Laptop & Accessory,3,Single,7,0,14.0,0.0,1.0,0.0,150.94,1-2 Years,Far (>20km),0-3 Days
51948,0,3.0,Mobile Phone,1,8.0,Credit Card,Female,2.0,4,Laptop & Accessory,1,Single,6,1,24.0,1.0,1.0,0.0,168.77,0-6 Months,Near (<10km),0-3 Days
51949,0,9.0,Mobile Phone,1,8.0,Debit Card,Female,3.0,4,Mobile Phone,3,Single,2,0,14.0,1.0,1.0,0.0,122.74000000000001,6-12 Months,Near (<10km),0-3 Days
51950,0,15.0,Mobile Phone,1,35.0,Debit Card,Male,3.0,3,Laptop & Accessory,4,Married,2,0,13.0,5.0,7.0,8.0,144.34,1-2 Years,Far (>20km),8-15 Days
51951,0,11.0,Computer,1,18.0,Debit Card,Male,0.0,4,Laptop & Accessory,5,Married,3,0,15.0,1.0,1.0,2.0,162.88,6-12 Months,Medium (10-20km),0-3 Days
51952,0,7.0,Computer,1,14.0,Debit Card,Female,3.0,4,Mobile Phone,1,Single,2,0,16.0,1.0,1.0,3.0,125.53,6-12 Months,Medium (10-20km),0-3 Days
51953,1,12.0,Mobile Phone,3,17.0,E Wallet,Female,2.0,3,Fashion,1,Married,2,0,18.0,0.0,7.0,7.0,176.54,6-12 Months,Medium (10-20km),4-7 Days
51954,1,18.0,Mobile Phone,3,8.0,Credit Card,Male,2.0,3,Laptop & Accessory,1,Single,5,0,16.0,1.0,7.0,3.0,151.6,1-2 Years,Near (<10km),0-3 Days
51955,0,16.0,Mobile Phone,1,20.0,Debit Card,Male,3.0,3,Grocery,5,Married,7,0,24.0,1.0,1.0,0.0,271.59,1-2 Years,Medium (10-20km),0-3 Days
51956,0,0.0,Mobile Phone,1,11.0,Cash on Delivery,Male,2.0,4,Fashion,1,Married,2,1,16.0,1.0,1.0,3.0,228.07999999999998,0-6 Months,Medium (10-20km),0-3 Days
51957,0,8.0,Mobile Phone,1,13.0,UPI,Male,2.0,3,Fashion,3,Single,4,0,21.0,0.0,1.0,6.0,202.21,6-12 Months,Medium (10-20km),4-7 Days
51958,0,1.0,Mobile Phone,3,8.0,E Wallet,Female,2.0,3,Laptop & Accessory,4,Married,2,1,20.0,6.0,7.0,5.0,147.79,0-6 Months,Near (<10km),4-7 Days
51959,0,7.0,Mobile Phone,2,9.0,UPI,Male,2.0,3,Mobile Phone,1,Married,1,0,19.0,1.0,1.0,2.0,137.37,6-12 Months,Near (<10km),0-3 Days
51960,1,0.0,Computer,1,14.0,Credit Card,Female,2.0,4,Mobile Phone,3,Married,2,1,14.0,0.0,1.0,7.0,123.66,0-6 Months,Medium (10-20km),4-7 Days
51961,0,9.0,Computer,1,9.0,Credit Card,Male,2.0,3,Mobile Phone,1,Married,2,0,11.0,0.0,1.0,0.0,117.06,6-12 Months,Near (<10km),0-3 Days
51962,0,24.0,Mobile Phone,3,32.0,E Wallet,Female,3.0,3,Grocery,3,Married,3,0,14.0,1.0,4.0,17.0,263.07,1-2 Years,Far (>20km),15+ Days
51963,0,17.0,Mobile Phone,1,10.0,Credit Card,Male,2.0,3,Laptop & Accessory,4,Single,10,0,12.0,1.0,2.0,3.0,159.33,1-2 Years,Near (<10km),0-3 Days
51964,0,0.0,Mobile Phone,1,8.0,Credit Card,Male,3.0,1,Mobile Phone,5,Single,8,0,13.0,0.0,1.0,1.0,134.24,0-6 Months,Near (<10km),0-3 Days
51965,0,6.0,Mobile Phone,3,6.0,Credit Card,Male,2.0,1,Laptop & Accessory,5,Married,2,0,22.0,0.0,1.0,8.0,140.37,0-6 Months,Near (<10km),8-15 Days
51966,0,8.0,Mobile Phone,1,14.0,Credit Card,Female,2.0,4,Mobile Phone,5,Single,2,0,11.0,0.0,1.0,1.0,125.59,6-12 Months,Medium (10-20km),0-3 Days
51967,0,9.0,Mobile Phone,3,6.0,Debit Card,Male,2.0,3,Laptop & Accessory,1,Married,2,1,14.0,3.0,4.0,11.0,162.01,6-12 Months,Near (<10km),8-15 Days
51968,0,5.0,Mobile Phone,3,19.0,Debit Card,Male,3.0,3,Laptop & Accessory,1,Married,3,0,11.0,0.0,1.0,3.0,144.03,0-6 Months,Medium (10-20km),0-3 Days
51969,0,3.0,Computer,1,11.0,Debit Card,Male,3.0,4,Mobile Phone,1,Married,10,0,12.0,0.0,1.0,3.0,137.61,0-6 Months,Medium (10-20km),0-3 Days
51970,0,26.0,Mobile Phone,3,13.0,E Wallet,Female,3.0,4,Fashion,1,Married,8,1,18.0,0.0,1.0,3.0,209.33999999999997,2+ Years,Medium (10-20km),0-3 Days
51971,0,18.0,Mobile Phone,3,15.0,E Wallet,Male,3.0,3,Fashion,5,Married,5,1,12.0,0.0,1.0,2.0,207.61,1-2 Years,Medium (10-20km),0-3 Days
51972,0,5.0,Mobile Phone,1,14.0,Credit Card,Female,3.0,1,Laptop & Accessory,3,Married,6,0,12.0,1.0,1.0,3.0,151.75,0-6 Months,Medium (10-20km),0-3 Days
51973,0,25.0,Computer,1,31.0,Credit Card,Female,2.0,4,Grocery,1,Married,4,0,22.0,0.0,2.0,0.0,238.26,2+ Years,Far (>20km),0-3 Days
51974,0,10.0,Mobile Phone,3,22.0,E Wallet,Male,3.0,4,Laptop & Accessory,3,Married,5,0,19.0,1.0,1.0,0.0,163.34,6-12 Months,Far (>20km),0-3 Days
51975,0,1.0,Mobile Phone,2,14.0,Credit Card,Male,3.0,4,Mobile Phone,1,Married,2,0,13.0,1.0,1.0,4.0,149.36,0-6 Months,Medium (10-20km),4-7 Days
51976,0,0.0,Mobile Phone,1,6.0,Debit Card,Male,2.0,4,Laptop & Accessory,1,Married,7,0,22.0,2.0,2.0,2.0,147.75,0-6 Months,Near (<10km),0-3 Days
51977,0,17.0,Mobile Phone,1,14.0,Debit Card,Male,3.0,1,Mobile Phone,1,Married,3,1,24.0,1.0,1.0,2.0,128.18,1-2 Years,Medium (10-20km),0-3 Days
51978,0,15.0,Computer,1,14.0,Credit Card,Male,2.0,3,Mobile Phone,1,Single,6,1,14.0,1.0,2.0,2.0,125.15,1-2 Years,Medium (10-20km),0-3 Days
51979,0,9.0,Mobile Phone,2,14.0,Debit Card,Male,3.0,4,Mobile Phone,5,Married,1,0,21.0,0.0,1.0,3.0,123.41999999999999,6-12 Months,Medium (10-20km),0-3 Days
51980,0,0.0,Mobile Phone,3,9.0,UPI,Male,3.0,3,Laptop & Accessory,5,Married,2,1,18.0,0.0,1.0,3.0,141.94,0-6 Months,Near (<10km),0-3 Days
51981,0,8.0,Mobile Phone,1,15.0,Debit Card,Female,3.0,4,Fashion,3,Married,2,1,20.0,3.0,5.0,15.0,206.85000000000002,6-12 Months,Medium (10-20km),8-15 Days
51982,1,9.0,Computer,1,31.0,Debit Card,Female,3.0,3,Mobile Phone,4,Married,2,1,19.0,6.0,7.0,8.0,120.22,6-12 Months,Far (>20km),8-15 Days
51983,0,5.0,Computer,1,6.0,Debit Card,Male,3.0,3,Mobile Phone,1,Married,1,0,12.0,1.0,1.0,2.0,123.13999999999999,0-6 Months,Near (<10km),0-3 Days
51984,0,0.0,Mobile Phone,3,10.0,E Wallet,Male,2.0,4,Laptop & Accessory,5,Married,2,0,12.0,1.0,1.0,3.0,142.56,0-6 Months,Near (<10km),0-3 Days
51985,0,22.0,Mobile Phone,1,6.0,Cash on Delivery,Female,2.0,3,Mobile Phone,5,Married,3,0,16.0,0.0,1.0,2.0,135.8,1-2 Years,Near (<10km),0-3 Days
51986,0,0.0,Computer,1,10.0,Debit Card,Male,2.0,4,Mobile Phone,1,Married,1,0,17.0,0.0,3.0,4.0,131.62,0-6 Months,Near (<10km),4-7 Days
51987,0,5.0,Computer,3,11.0,Debit Card,Male,2.0,3,Laptop & Accessory,4,Married,2,0,14.0,2.0,5.0,3.0,165.24,0-6 Months,Medium (10-20km),0-3 Days
51988,0,11.0,Mobile Phone,3,15.0,E Wallet,Male,3.0,4,Mobile Phone,4,Married,1,0,19.0,0.0,1.0,2.0,128.99,6-12 Months,Medium (10-20km),0-3 Days
51989,0,15.0,Mobile Phone,1,9.0,Debit Card,Female,3.0,1,Laptop & Accessory,1,Married,3,1,13.0,1.0,1.0,3.0,152.31,1-2 Years,Near (<10km),0-3 Days
51990,0,4.0,Mobile Phone,1,14.0,Debit Card,Male,2.0,3,Mobile Phone,1,Married,4,1,19.0,0.0,1.0,2.0,123.56,0-6 Months,Medium (10-20km),0-3 Days
51991,1,0.0,Mobile Phone,3,6.0,Credit Card,Female,3.0,4,Mobile Phone,3,Married,7,1,19.0,1.0,1.0,2.0,128.0,0-6 Months,Near (<10km),0-3 Days
51992,0,26.0,Mobile Phone,3,14.0,E Wallet,Male,3.0,3,Grocery,1,Married,6,0,14.0,2.0,2.0,3.0,218.36,2+ Years,Medium (10-20km),0-3 Days
51993,0,8.0,Mobile Phone,1,31.0,Cash on Delivery,Male,3.0,4,Fashion,4,Married,4,0,16.0,2.0,4.0,8.0,209.02999999999997,6-12 Months,Far (>20km),8-15 Days
51994,0,10.0,Computer,3,27.0,Credit Card,Female,3.0,3,Mobile Phone,1,Married,6,0,15.0,1.0,1.0,0.0,129.73,6-12 Months,Far (>20km),0-3 Days
51995,0,26.0,Mobile Phone,1,29.0,Debit Card,Female,3.0,3,Grocery,1,Single,7,0,18.0,3.0,2.0,8.0,242.75,2+ Years,Far (>20km),8-15 Days
51996,0,16.0,Computer,1,6.0,Debit Card,Female,2.0,3,Laptop & Accessory,1,Married,5,0,13.0,1.0,2.0,2.0,155.62,1-2 Years,Near (<10km),0-3 Days
51997,0,20.0,Mobile Phone,3,8.0,E Wallet,Female,2.0,3,Laptop & Accessory,1,Married,1,1,22.0,3.0,7.0,7.0,145.37,1-2 Years,Near (<10km),4-7 Days
51998,0,10.0,Computer,3,25.0,Credit Card,Male,2.0,3,Fashion,4,Single,2,1,13.0,0.0,1.0,9.0,176.42,6-12 Months,Far (>20km),8-15 Days
51999,0,23.0,Computer,1,8.0,Debit Card,Male,3.0,3,Grocery,5,Married,2,0,11.0,1.0,14.0,7.0,279.24,1-2 Years,Near (<10km),4-7 Days
52000,0,12.0,Mobile Phone,2,8.0,Debit Card,Female,2.0,4,Laptop & Accessory,1,Married,9,0,11.0,1.0,1.0,4.0,152.04,6-12 Months,Near (<10km),4-7 Days
52001,0,9.0,Mobile Phone,2,9.0,UPI,Male,2.0,3,Mobile Phone,4,Married,4,1,11.0,0.0,1.0,3.0,122.77000000000001,6-12 Months,Near (<10km),0-3 Days
52002,1,0.0,Mobile Phone,1,31.0,Debit Card,Male,3.0,3,Mobile Phone,1,Single,2,1,24.0,0.0,1.0,1.0,127.94999999999999,0-6 Months,Far (>20km),0-3 Days
52003,0,2.0,Mobile Phone,1,14.0,Credit Card,Female,3.0,4,Mobile Phone,1,Married,7,0,14.0,1.0,1.0,3.0,125.32,0-6 Months,Medium (10-20km),0-3 Days
52004,0,17.0,Mobile Phone,1,14.0,Debit Card,Male,3.0,3,Mobile Phone,5,Married,2,1,13.0,5.0,7.0,1.0,125.59,1-2 Years,Medium (10-20km),0-3 Days
52005,0,1.0,Mobile Phone,3,11.0,Credit Card,Male,3.0,3,Laptop & Accessory,1,Single,2,0,14.0,0.0,1.0,2.0,149.08,0-6 Months,Medium (10-20km),0-3 Days
52006,1,20.0,Computer,1,14.0,Debit Card,Male,2.0,4,Mobile Phone,1,Married,10,1,14.0,1.0,1.0,0.0,123.80000000000001,1-2 Years,Medium (10-20km),0-3 Days
52007,0,16.0,Mobile Phone,1,14.0,Debit Card,Female,2.0,3,Laptop & Accessory,4,Married,5,0,21.0,1.0,1.0,0.0,147.65,1-2 Years,Medium (10-20km),0-3 Days
52008,1,9.0,Mobile Phone,3,8.0,Credit Card,Female,2.0,4,Mobile Phone,3,Single,2,0,13.0,1.0,1.0,2.0,120.44,6-12 Months,Near (<10km),0-3 Days
52009,1,0.0,Mobile Phone,1,24.0,UPI,Female,3.0,3,Mobile Phone,1,Single,2,0,19.0,1.0,1.0,0.0,126.93,0-6 Months,Far (>20km),0-3 Days
52010,0,9.0,Mobile Phone,1,20.0,Debit Card,Male,3.0,3,Laptop & Accessory,1,Married,1,1,17.0,2.0,4.0,11.0,165.86,6-12 Months,Medium (10-20km),8-15 Days
52011,0,20.0,Mobile Phone,3,8.0,Debit Card,Female,3.0,4,Mobile Phone,1,Single,2,1,18.0,0.0,1.0,2.0,132.94,1-2 Years,Near (<10km),0-3 Days
52012,1,0.0,Mobile Phone,1,9.0,Debit Card,Female,2.0,3,Laptop & Accessory,3,Married,1,1,19.0,1.0,1.0,2.0,141.71,0-6 Months,Near (<10km),0-3 Days
52013,1,4.0,Mobile Phone,1,8.0,Debit Card,Female,3.0,5,Mobile Phone,1,Married,5,1,13.0,0.0,1.0,0.0,127.78,0-6 Months,Near (<10km),0-3 Days
52014,0,1.0,Mobile Phone,1,14.0,Credit Card,Female,3.0,3,Mobile Phone,3,Married,6,0,18.0,0.0,2.0,2.0,123.77000000000001,0-6 Months,Medium (10-20km),0-3 Days
52015,1,2.0,Mobile Phone,1,14.0,Credit Card,Male,3.0,3,Mobile Phone,5,Married,8,1,21.0,1.0,2.0,2.0,124.03999999999999,0-6 Months,Medium (10-20km),0-3 Days
52016,0,0.0,Mobile Phone,1,14.0,Debit Card,Female,3.0,3,Mobile Phone,3,Single,2,0,19.0,0.0,1.0,0.0,123.18,0-6 Months,Medium (10-20km),0-3 Days
52017,0,9.0,Mobile Phone,1,16.0,Debit Card,Male,2.0,3,Mobile Phone,4,Married,2,0,14.0,1.0,1.0,0.0,120.08000000000001,6-12 Months,Medium (10-20km),0-3 Days
52018,0,15.0,Mobile Phone,3,20.0,Credit Card,Female,3.0,4,Laptop & Accessory,3,Single,8,0,17.0,1.0,1.0,3.0,162.44,1-2 Years,Medium (10-20km),0-3 Days
52019,0,6.0,Mobile Phone,1,6.0,UPI,Male,3.0,4,Mobile Phone,5,Single,4,1,11.0,1.0,1.0,2.0,127.99000000000001,0-6 Months,Near (<10km),0-3 Days
52020,0,30.0,Mobile Phone,1,11.0,Cash on Delivery,Female,2.0,4,Fashion,4,Married,3,1,13.0,1.0,1.0,4.0,205.52,2+ Years,Medium (10-20km),4-7 Days
52021,0,4.0,Mobile Phone,3,14.0,Debit Card,Male,2.0,4,Mobile Phone,3,Married,4,0,15.0,2.0,5.0,2.0,123.28999999999999,0-6 Months,Medium (10-20km),0-3 Days
52022,0,8.0,Mobile Phone,1,27.0,Debit Card,Female,2.0,3,Laptop & Accessory,1,Married,2,1,25.0,0.0,1.0,7.0,140.14,6-12 Months,Far (>20km),4-7 Days
52023,0,22.0,Mobile Phone,1,14.0,UPI,Female,2.0,3,Fashion,4,Married,5,0,11.0,0.0,1.0,7.0,174.03,1-2 Years,Medium (10-20km),4-7 Days
52024,0,9.0,Mobile Phone,1,26.0,Credit Card,Male,2.0,3,Mobile Phone,3,Married,5,0,17.0,1.0,1.0,0.0,122.59,6-12 Months,Far (>20km),0-3 Days
52025,0,4.0,Computer,3,26.0,E Wallet,Female,2.0,3,Laptop & Accessory,3,Married,2,0,13.0,1.0,1.0,0.0,169.32,0-6 Months,Far (>20km),0-3 Days
52026,0,9.0,Mobile Phone,1,13.0,UPI,Male,3.0,3,Mobile Phone,1,Single,3,0,18.0,1.0,1.0,1.0,146.78,6-12 Months,Medium (10-20km),0-3 Days
52027,0,11.0,Mobile Phone,1,6.0,Cash on Delivery,Female,3.0,3,Fashion,5,Married,2,0,13.0,4.0,2.0,11.0,235.82,6-12 Months,Near (<10km),8-15 Days
52028,0,5.0,Computer,1,14.0,Debit Card,Female,3.0,4,Mobile Phone,4,Married,7,0,20.0,0.0,1.0,2.0,123.32,0-6 Months,Medium (10-20km),0-3 Days
52029,1,0.0,Mobile Phone,3,14.0,E Wallet,Male,2.0,4,Mobile Phone,4,Married,2,1,18.0,0.0,1.0,0.0,124.13,0-6 Months,Medium (10-20km),0-3 Days
52030,0,13.0,Mobile Phone,3,16.0,E Wallet,Male,3.0,4,Fashion,4,Married,3,0,12.0,0.0,1.0,0.0,197.05,1-2 Years,Medium (10-20km),0-3 Days
52031,0,0.0,Computer,3,6.0,Credit Card,Male,2.0,4,Laptop & Accessory,5,Single,2,0,12.0,0.0,1.0,7.0,142.94,0-6 Months,Near (<10km),4-7 Days
52032,0,14.0,Mobile Phone,1,12.0,Credit Card,Male,2.0,3,Mobile Phone,5,Single,3,1,13.0,1.0,2.0,17.0,147.21,1-2 Years,Medium (10-20km),15+ Days
52033,0,9.0,Mobile Phone,1,14.0,Credit Card,Male,3.0,3,Mobile Phone,3,Single,5,0,21.0,1.0,3.0,9.0,125.19,6-12 Months,Medium (10-20km),8-15 Days
52034,1,9.0,Mobile Phone,3,27.0,UPI,Male,2.0,4,Mobile Phone,4,Single,2,1,13.0,1.0,1.0,0.0,121.21000000000001,6-12 Months,Far (>20km),0-3 Days
52035,1,0.0,Mobile Phone,1,10.0,Cash on Delivery,Male,3.0,3,Mobile Phone,5,Single,2,0,19.0,1.0,1.0,0.0,129.73,0-6 Months,Near (<10km),0-3 Days
52036,0,4.0,Mobile Phone,1,18.0,Credit Card,Female,2.0,3,Laptop & Accessory,1,Married,1,1,11.0,6.0,8.0,5.0,158.55,0-6 Months,Medium (10-20km),4-7 Days
52037,0,13.0,Computer,1,15.0,Credit Card,Male,2.0,3,Mobile Phone,4,Married,9,1,14.0,0.0,1.0,0.0,136.17,1-2 Years,Medium (10-20km),0-3 Days
52038,0,5.0,Mobile Phone,1,9.0,Credit Card,Female,3.0,3,Laptop & Accessory,5,Married,2,0,12.0,1.0,6.0,3.0,167.25,0-6 Months,Near (<10km),0-3 Days
52039,1,0.0,Mobile Phone,3,9.0,Debit Card,Male,2.0,4,Fashion,1,Married,2,1,11.0,3.0,3.0,7.0,203.25,0-6 Months,Near (<10km),4-7 Days
52040,0,6.0,Mobile Phone,1,6.0,Debit Card,Female,2.0,4,Laptop & Accessory,1,Single,1,0,14.0,1.0,1.0,4.0,169.49,0-6 Months,Near (<10km),4-7 Days
52041,1,0.0,Mobile Phone,3,6.0,Debit Card,Male,2.0,4,Fashion,3,Married,6,0,11.0,5.0,11.0,46.0,206.08999999999997,0-6 Months,Near (<10km),15+ Days
52042,0,18.0,Computer,1,10.0,Debit Card,Male,2.0,3,Laptop & Accessory,4,Married,2,0,12.0,1.0,1.0,8.0,144.47,1-2 Years,Near (<10km),8-15 Days
52043,0,9.0,Computer,3,26.0,Cash on Delivery,Female,2.0,3,Mobile Phone,1,Married,2,0,15.0,0.0,1.0,2.0,121.57,6-12 Months,Far (>20km),0-3 Days
52044,0,8.0,Mobile Phone,3,24.0,Credit Card,Female,2.0,3,Laptop & Accessory,3,Married,2,0,16.0,1.0,1.0,0.0,146.01,6-12 Months,Far (>20km),0-3 Days
52045,0,25.0,Mobile Phone,1,6.0,Debit Card,Male,3.0,3,Grocery,1,Married,3,0,15.0,1.0,7.0,8.0,270.99,2+ Years,Near (<10km),8-15 Days
52046,1,20.0,Mobile Phone,1,14.0,Cash on Delivery,Male,2.0,3,Mobile Phone,3,Single,5,0,24.0,0.0,1.0,0.0,124.78999999999999,1-2 Years,Medium (10-20km),0-3 Days
52047,0,26.0,Mobile Phone,3,8.0,Credit Card,Male,2.0,3,Grocery,3,Married,7,0,13.0,11.0,2.0,2.0,248.51999999999998,2+ Years,Near (<10km),0-3 Days
52048,0,3.0,Mobile Phone,3,14.0,UPI,Male,3.0,3,Fashion,3,Married,6,0,11.0,2.0,7.0,7.0,172.64,0-6 Months,Medium (10-20km),4-7 Days
52049,0,11.0,Computer,3,16.0,Cash on Delivery,Female,2.0,3,Laptop & Accessory,1,Single,2,1,13.0,1.0,1.0,3.0,156.66,6-12 Months,Medium (10-20km),0-3 Days
52050,0,8.0,Mobile Phone,3,9.0,Debit Card,Male,3.0,3,Fashion,1,Married,7,0,13.0,0.0,1.0,8.0,178.23,6-12 Months,Near (<10km),8-15 Days
52051,0,12.0,Mobile Phone,3,8.0,Debit Card,Male,2.0,1,Fashion,3,Single,1,0,18.0,0.0,1.0,7.0,178.8,6-12 Months,Near (<10km),4-7 Days
52052,1,3.0,Computer,3,30.0,Debit Card,Female,3.0,1,Grocery,4,Single,5,1,16.0,1.0,2.0,0.0,231.94,0-6 Months,Far (>20km),0-3 Days
52053,0,20.0,Computer,1,22.0,Credit Card,Male,3.0,1,Laptop & Accessory,3,Married,2,1,19.0,1.0,2.0,7.0,150.67,1-2 Years,Far (>20km),4-7 Days
52054,0,9.0,Computer,3,14.0,Cash on Delivery,Male,2.0,3,Laptop & Accessory,1,Married,5,0,13.0,1.0,1.0,7.0,150.79,6-12 Months,Medium (10-20km),4-7 Days
52055,1,0.0,Computer,1,14.0,Credit Card,Male,2.0,4,Mobile Phone,5,Single,1,1,22.0,0.0,1.0,2.0,123.21000000000001,0-6 Months,Medium (10-20km),0-3 Days
52056,0,6.0,Computer,3,23.0,Debit Card,Male,2.0,3,Grocery,3,Single,2,0,11.0,1.0,6.0,0.0,274.44,0-6 Months,Far (>20km),0-3 Days
52057,1,0.0,Mobile Phone,1,14.0,Debit Card,Female,3.0,4,Mobile Phone,5,Single,7,1,20.0,1.0,1.0,0.0,124.03999999999999,0-6 Months,Medium (10-20km),0-3 Days
52058,0,6.0,Mobile Phone,1,19.0,Debit Card,Female,2.0,3,Mobile Phone,1,Single,4,0,18.0,1.0,1.0,2.0,134.52,0-6 Months,Medium (10-20km),0-3 Days
52059,0,9.0,Mobile Phone,1,6.0,Credit Card,Female,3.0,3,Mobile Phone,1,Married,4,0,14.0,1.0,1.0,2.0,122.69999999999999,6-12 Months,Near (<10km),0-3 Days
52060,0,23.0,Mobile Phone,1,6.0,Credit Card,Male,3.0,3,Grocery,1,Married,10,0,22.0,1.0,1.0,3.0,273.99,1-2 Years,Near (<10km),0-3 Days
52061,0,6.0,Computer,1,6.0,UPI,Female,2.0,1,Laptop & Accessory,4,Married,2,1,13.0,1.0,1.0,2.0,154.88,0-6 Months,Near (<10km),0-3 Days
52062,0,14.0,Computer,1,15.0,Credit Card,Male,3.0,3,Others,3,Married,3,0,15.0,0.0,1.0,11.0,294.19,1-2 Years,Medium (10-20km),8-15 Days
52063,0,0.0,Mobile Phone,1,22.0,Cash on Delivery,Female,3.0,3,Mobile Phone,4,Married,10,0,14.0,2.0,2.0,2.0,128.11,0-6 Months,Far (>20km),0-3 Days
52064,0,18.0,Computer,1,29.0,Debit Card,Male,2.0,3,Laptop & Accessory,5,Married,2,1,15.0,1.0,1.0,8.0,136.33,1-2 Years,Far (>20km),8-15 Days
52065,0,20.0,Mobile Phone,3,10.0,Debit Card,Female,2.0,3,Laptop & Accessory,1,Single,2,1,17.0,1.0,1.0,7.0,141.63,1-2 Years,Near (<10km),4-7 Days
52066,1,9.0,Mobile Phone,1,28.0,Debit Card,Female,2.0,3,Mobile Phone,3,Married,5,1,11.0,0.0,1.0,1.0,121.32,6-12 Months,Far (>20km),0-3 Days
52067,0,23.0,Mobile Phone,1,30.0,Debit Card,Male,3.0,3,Grocery,3,Married,4,1,18.0,1.0,2.0,5.0,239.73000000000002,1-2 Years,Far (>20km),4-7 Days
52068,0,11.0,Computer,1,16.0,Credit Card,Male,3.0,3,Mobile Phone,3,Married,1,0,17.0,0.0,1.0,2.0,126.84,6-12 Months,Medium (10-20km),0-3 Days
52069,0,19.0,Mobile Phone,1,13.0,Credit Card,Male,3.0,3,Fashion,3,Married,7,0,13.0,1.0,1.0,7.0,208.45,1-2 Years,Medium (10-20km),4-7 Days
52070,0,0.0,Mobile Phone,1,23.0,Credit Card,Female,2.0,4,Laptop & Accessory,3,Married,2,0,15.0,0.0,3.0,2.0,143.77,0-6 Months,Far (>20km),0-3 Days
52071,1,0.0,Mobile Phone,1,20.0,UPI,Male,2.0,4,Mobile Phone,4,Married,2,1,24.0,1.0,1.0,2.0,137.43,0-6 Months,Medium (10-20km),0-3 Days
52072,0,4.0,Computer,1,6.0,Debit Card,Female,3.0,3,Laptop & Accessory,5,Married,2,0,12.0,1.0,1.0,3.0,141.48,0-6 Months,Near (<10km),0-3 Days
52073,0,0.0,Computer,1,11.0,Debit Card,Male,3.0,3,Mobile Phone,1,Single,2,0,15.0,0.0,1.0,0.0,110.50999999999999,0-6 Months,Medium (10-20km),0-3 Days
52074,0,27.0,Mobile Phone,1,23.0,Cash on Delivery,Female,2.0,3,Fashion,3,Married,9,0,11.0,0.0,1.0,8.0,207.39,2+ Years,Far (>20km),8-15 Days
52075,0,8.0,Mobile Phone,1,31.0,Credit Card,Female,2.0,3,Fashion,3,Married,2,1,11.0,0.0,10.0,1.0,203.88,6-12 Months,Far (>20km),0-3 Days
52076,0,3.0,Mobile Phone,1,14.0,Debit Card,Female,3.0,1,Fashion,5,Married,1,1,12.0,0.0,1.0,3.0,214.16000000000003,0-6 Months,Medium (10-20km),0-3 Days
52077,1,0.0,Mobile Phone,1,14.0,Credit Card,Female,3.0,4,Mobile Phone,5,Single,2,1,15.0,1.0,1.0,0.0,126.0,0-6 Months,Medium (10-20km),0-3 Days
52078,1,0.0,Computer,1,14.0,Credit Card,Female,2.0,3,Mobile Phone,4,Single,1,0,17.0,0.0,1.0,2.0,124.22,0-6 Months,Medium (10-20km),0-3 Days
52079,0,0.0,Mobile Phone,1,8.0,Credit Card,Male,2.0,1,Laptop & Accessory,1,Married,2,0,12.0,1.0,1.0,3.0,154.72,0-6 Months,Near (<10km),0-3 Days
52080,0,0.0,Mobile Phone,1,14.0,Debit Card,Male,3.0,5,Mobile Phone,5,Married,2,0,15.0,0.0,1.0,1.0,124.50999999999999,0-6 Months,Medium (10-20km),0-3 Days
52081,0,21.0,Mobile Phone,1,12.0,Debit Card,Male,3.0,4,Laptop & Accessory,3,Single,3,0,13.0,0.0,2.0,2.0,142.4,1-2 Years,Medium (10-20km),0-3 Days
52082,0,21.0,Mobile Phone,1,10.0,Debit Card,Male,3.0,4,Fashion,3,Single,8,0,14.0,1.0,4.0,3.0,209.99,1-2 Years,Near (<10km),0-3 Days
52083,0,14.0,Mobile Phone,1,13.0,Credit Card,Female,2.0,3,Laptop & Accessory,3,Single,7,0,14.0,2.0,2.0,1.0,150.03,1-2 Years,Medium (10-20km),0-3 Days
52084,0,12.0,Mobile Phone,1,6.0,Debit Card,Female,3.0,4,Grocery,1,Married,2,0,16.0,9.0,11.0,3.0,227.42000000000002,6-12 Months,Near (<10km),0-3 Days
52085,0,0.0,Mobile Phone,1,8.0,Debit Card,Female,2.0,3,Laptop & Accessory,1,Married,1,0,18.0,2.0,2.0,2.0,142.27,0-6 Months,Near (<10km),0-3 Days
52086,0,8.0,Mobile Phone,1,16.0,UPI,Male,2.0,3,Mobile Phone,1,Married,2,0,20.0,0.0,1.0,2.0,139.17,6-12 Months,Medium (10-20km),0-3 Days
52087,0,0.0,Mobile Phone,3,11.0,E Wallet,Male,2.0,3,Others,3,Married,7,0,13.0,1.0,1.0,0.0,283.03,0-6 Months,Medium (10-20km),0-3 Days
52088,0,23.0,Mobile Phone,1,14.0,Debit Card,Male,3.0,3,Mobile Phone,1,Married,5,0,18.0,1.0,1.0,0.0,123.80000000000001,1-2 Years,Medium (10-20km),0-3 Days
52089,0,30.0,Mobile Phone,1,8.0,Debit Card,Female,3.0,4,Grocery,1,Single,4,1,13.0,4.0,2.0,3.0,237.26,2+ Years,Near (<10km),0-3 Days
52090,1,0.0,Mobile Phone,1,17.0,Credit Card,Female,3.0,5,Laptop & Accessory,4,Married,6,0,15.0,1.0,1.0,0.0,147.77,0-6 Months,Medium (10-20km),0-3 Days
52091,0,28.0,Computer,1,24.0,Credit Card,Male,3.0,3,Laptop & Accessory,4,Married,4,1,14.0,2.0,6.0,7.0,163.85,2+ Years,Far (>20km),4-7 Days
52092,0,14.0,Computer,1,13.0,Debit Card,Female,2.0,5,Others,3,Married,2,0,15.0,5.0,5.0,10.0,299.73,1-2 Years,Medium (10-20km),8-15 Days
52093,0,11.0,Mobile Phone,3,9.0,Debit Card,Male,2.0,3,Laptop & Accessory,1,Single,9,1,12.0,1.0,1.0,0.0,168.61,6-12 Months,Near (<10km),0-3 Days
52094,1,0.0,Computer,3,35.0,Credit Card,Male,3.0,5,Laptop & Accessory,5,Single,9,0,18.0,1.0,2.0,2.0,149.69,0-6 Months,Far (>20km),0-3 Days
52095,1,15.0,Mobile Phone,3,8.0,E Wallet,Female,2.0,5,Others,1,Married,2,0,15.0,3.0,6.0,9.0,298.45,1-2 Years,Near (<10km),8-15 Days
52096,0,17.0,Mobile Phone,3,34.0,Credit Card,Female,2.0,1,Grocery,1,Married,4,1,18.0,4.0,2.0,11.0,233.2,1-2 Years,Far (>20km),8-15 Days
52097,0,23.0,Computer,3,6.0,Debit Card,Female,3.0,3,Laptop & Accessory,3,Married,1,0,12.0,0.0,1.0,13.0,163.47,1-2 Years,Near (<10km),8-15 Days
52098,1,0.0,Mobile Phone,1,22.0,Debit Card,Female,3.0,1,Mobile Phone,5,Single,2,0,16.0,3.0,15.0,14.0,127.43,0-6 Months,Far (>20km),8-15 Days
52099,0,12.0,Computer,1,28.0,Credit Card,Female,2.0,3,Fashion,5,Single,2,1,13.0,1.0,2.0,8.0,208.8,6-12 Months,Far (>20km),8-15 Days
52100,0,6.0,Computer,3,14.0,Debit Card,Female,2.0,4,Mobile Phone,1,Single,1,0,19.0,0.0,2.0,2.0,123.41999999999999,0-6 Months,Medium (10-20km),0-3 Days
52101,0,18.0,Mobile Phone,3,17.0,Debit Card,Female,2.0,3,Grocery,1,Married,4,0,13.0,1.0,1.0,1.0,276.5,1-2 Years,Medium (10-20km),0-3 Days
52102,0,5.0,Computer,1,35.0,Credit Card,Female,3.0,3,Mobile Phone,3,Single,10,0,12.0,6.0,7.0,7.0,140.25,0-6 Months,Far (>20km),4-7 Days
52103,0,7.0,Mobile Phone,3,6.0,E Wallet,Male,3.0,1,Laptop & Accessory,1,Married,1,0,11.0,0.0,1.0,9.0,197.25,6-12 Months,Near (<10km),8-15 Days
52104,0,30.0,Mobile Phone,3,6.0,Cash on Delivery,Male,3.0,3,Fashion,1,Married,4,1,14.0,1.0,1.0,3.0,219.04000000000002,2+ Years,Near (<10km),0-3 Days
52105,0,9.0,Mobile Phone,2,30.0,Credit Card,Male,2.0,3,Mobile Phone,4,Single,2,0,16.0,0.0,1.0,4.0,121.77000000000001,6-12 Months,Far (>20km),4-7 Days
52106,0,26.0,Computer,3,8.0,E Wallet,Female,2.0,4,Fashion,4,Married,3,0,12.0,5.0,6.0,12.0,175.25,2+ Years,Near (<10km),8-15 Days
52107,1,0.0,Mobile Phone,1,21.0,UPI,Male,2.0,3,Laptop & Accessory,3,Married,8,0,14.0,0.0,1.0,0.0,148.34,0-6 Months,Far (>20km),0-3 Days
52108,1,9.0,Computer,1,8.0,Debit Card,Male,2.0,3,Mobile Phone,5,Married,7,1,14.0,0.0,1.0,2.0,120.41999999999999,6-12 Months,Near (<10km),0-3 Days
52109,0,9.0,Mobile Phone,3,16.0,Debit Card,Female,2.0,3,Mobile Phone,3,Married,2,1,19.0,0.0,1.0,0.0,122.19999999999999,6-12 Months,Medium (10-20km),0-3 Days
52110,0,1.0,Mobile Phone,3,16.0,Credit Card,Male,3.0,3,Mobile Phone,4,Married,2,0,22.0,0.0,1.0,0.0,110.52000000000001,0-6 Months,Medium (10-20km),0-3 Days
52111,0,11.0,Computer,1,9.0,UPI,Male,3.0,3,Mobile Phone,3,Married,4,0,16.0,2.0,2.0,2.0,128.21,6-12 Months,Near (<10km),0-3 Days
52112,0,23.0,Mobile Phone,1,8.0,Credit Card,Male,3.0,3,Others,3,Married,3,1,15.0,4.0,7.0,7.0,292.37,1-2 Years,Near (<10km),4-7 Days
52113,0,10.0,Mobile Phone,1,9.0,UPI,Female,2.0,3,Laptop & Accessory,4,Single,4,0,15.0,1.0,1.0,1.0,141.07,6-12 Months,Near (<10km),0-3 Days
52114,0,13.0,Mobile Phone,3,32.0,E Wallet,Male,3.0,3,Laptop & Accessory,5,Married,2,0,14.0,3.0,7.0,5.0,183.96,1-2 Years,Far (>20km),4-7 Days
52115,0,9.0,Computer,1,6.0,Credit Card,Female,3.0,4,Mobile Phone,3,Married,2,0,13.0,0.0,1.0,3.0,120.07,6-12 Months,Near (<10km),0-3 Days
52116,0,19.0,Mobile Phone,1,6.0,Credit Card,Male,2.0,3,Others,1,Married,10,0,15.0,1.0,2.0,2.0,296.27,1-2 Years,Near (<10km),0-3 Days
52117,0,27.0,Mobile Phone,3,8.0,Debit Card,Female,2.0,4,Fashion,3,Married,7,0,11.0,6.0,7.0,0.0,206.86,2+ Years,Near (<10km),0-3 Days
52118,0,29.0,Computer,1,15.0,Credit Card,Female,3.0,3,Mobile Phone,3,Married,3,0,19.0,1.0,1.0,3.0,129.42,2+ Years,Medium (10-20km),0-3 Days
52119,0,9.0,Mobile Phone,1,18.0,Credit Card,Female,2.0,4,Fashion,1,Single,1,0,11.0,5.0,7.0,8.0,188.58,6-12 Months,Medium (10-20km),8-15 Days
52120,0,28.0,Computer,1,8.0,Credit Card,Male,2.0,4,Grocery,5,Single,8,0,15.0,1.0,6.0,2.0,267.56,2+ Years,Near (<10km),0-3 Days
52121,0,16.0,Mobile Phone,3,31.0,Credit Card,Male,3.0,4,Fashion,1,Married,6,0,13.0,1.0,1.0,0.0,207.98000000000002,1-2 Years,Far (>20km),0-3 Days
52122,1,0.0,Computer,3,14.0,E Wallet,Female,2.0,3,Mobile Phone,1,Single,2,1,14.0,1.0,1.0,2.0,123.22999999999999,0-6 Months,Medium (10-20km),0-3 Days
52123,1,9.0,Mobile Phone,1,16.0,Debit Card,Female,2.0,4,Mobile Phone,5,Single,2,0,13.0,0.0,1.0,0.0,114.16,6-12 Months,Medium (10-20km),0-3 Days
52124,0,19.0,Mobile Phone,1,14.0,Debit Card,Female,3.0,4,Laptop & Accessory,5,Married,9,1,23.0,1.0,1.0,7.0,146.15,1-2 Years,Medium (10-20km),4-7 Days
52125,1,14.0,Mobile Phone,1,14.0,Debit Card,Male,2.0,3,Mobile Phone,3,Married,10,1,12.0,0.0,2.0,7.0,124.61000000000001,1-2 Years,Medium (10-20km),4-7 Days
52126,1,0.0,Computer,1,30.0,Cash on Delivery,Male,3.0,4,Fashion,5,Single,2,0,12.0,1.0,1.0,9.0,187.22,0-6 Months,Far (>20km),8-15 Days
52127,0,0.0,Mobile Phone,1,6.0,Credit Card,Male,2.0,4,Mobile Phone,5,Married,2,0,16.0,1.0,1.0,3.0,139.55,0-6 Months,Near (<10km),0-3 Days
52128,0,3.0,Mobile Phone,1,26.0,UPI,Male,2.0,3,Laptop & Accessory,5,Married,1,0,15.0,0.0,1.0,2.0,199.57,0-6 Months,Far (>20km),0-3 Days
52129,0,14.0,Mobile Phone,1,13.0,Cash on Delivery,Female,2.0,1,Mobile Phone,3,Married,2,0,13.0,0.0,1.0,8.0,133.76,1-2 Years,Medium (10-20km),8-15 Days
52130,0,11.0,Mobile Phone,1,23.0,Debit Card,Female,3.0,4,Fashion,3,Married,1,0,18.0,1.0,1.0,9.0,188.23,6-12 Months,Far (>20km),8-15 Days
52131,0,13.0,Mobile Phone,1,26.0,Cash on Delivery,Male,3.0,3,Fashion,1,Married,5,0,20.0,3.0,11.0,1.0,203.22,1-2 Years,Far (>20km),0-3 Days
52132,0,0.0,Computer,1,14.0,Debit Card,Male,2.0,5,Mobile Phone,3,Married,2,0,19.0,1.0,1.0,2.0,146.21,0-6 Months,Medium (10-20km),0-3 Days
52133,0,28.0,Computer,1,8.0,Debit Card,Male,3.0,3,Fashion,4,Married,4,0,18.0,0.0,1.0,3.0,209.76,2+ Years,Near (<10km),0-3 Days
52134,0,1.0,Mobile Phone,1,16.0,UPI,Female,2.0,3,Laptop & Accessory,3,Single,4,0,13.0,0.0,1.0,7.0,136.6,0-6 Months,Medium (10-20km),4-7 Days
52135,1,7.0,Mobile Phone,2,6.0,Credit Card,Male,3.0,4,Fashion,5,Married,10,0,14.0,2.0,3.0,6.0,204.82,6-12 Months,Near (<10km),4-7 Days
52136,0,6.0,Mobile Phone,1,11.0,Debit Card,Male,2.0,4,Fashion,1,Married,5,0,15.0,1.0,1.0,2.0,171.19,0-6 Months,Medium (10-20km),0-3 Days
52137,1,0.0,Mobile Phone,3,10.0,Cash on Delivery,Male,2.0,3,Fashion,5,Single,1,1,22.0,2.0,4.0,7.0,195.82,0-6 Months,Near (<10km),4-7 Days
52138,1,0.0,Computer,1,35.0,Credit Card,Female,2.0,4,Laptop & Accessory,3,Single,2,0,22.0,2.0,3.0,8.0,145.08,0-6 Months,Far (>20km),8-15 Days
52139,0,9.0,Mobile Phone,1,21.0,Debit Card,Male,2.0,3,Mobile Phone,3,Married,2,0,16.0,0.0,2.0,2.0,122.07,6-12 Months,Far (>20km),0-3 Days
52140,0,7.0,Computer,1,9.0,Debit Card,Male,2.0,3,Laptop & Accessory,1,Single,1,0,17.0,1.0,1.0,4.0,177.56,6-12 Months,Near (<10km),4-7 Days
52141,0,10.0,Mobile Phone,3,16.0,Debit Card,Female,2.0,4,Laptop & Accessory,1,Married,3,1,14.0,1.0,1.0,0.0,166.94,6-12 Months,Medium (10-20km),0-3 Days
52142,1,0.0,Mobile Phone,1,10.0,Cash on Delivery,Male,2.0,3,Mobile Phone,1,Married,2,1,15.0,4.0,5.0,6.0,136.91,0-6 Months,Near (<10km),4-7 Days
52143,1,0.0,Mobile Phone,1,14.0,Credit Card,Male,2.0,3,Mobile Phone,3,Married,2,0,20.0,1.0,1.0,0.0,123.77000000000001,0-6 Months,Medium (10-20km),0-3 Days
52144,1,0.0,Mobile Phone,1,31.0,Credit Card,Male,2.0,4,Mobile Phone,4,Single,5,1,20.0,1.0,2.0,2.0,123.13,0-6 Months,Far (>20km),0-3 Days
52145,0,15.0,Mobile Phone,1,8.0,Credit Card,Male,2.0,3,Grocery,5,Married,1,0,17.0,1.0,13.0,7.0,276.65,1-2 Years,Near (<10km),4-7 Days
52146,1,0.0,Computer,1,14.0,Credit Card,Male,2.0,4,Mobile Phone,4,Married,2,0,15.0,1.0,1.0,0.0,125.96000000000001,0-6 Months,Medium (10-20km),0-3 Days
52147,1,13.0,Computer,3,6.0,UPI,Male,2.0,3,Laptop & Accessory,3,Single,4,1,14.0,1.0,1.0,0.0,147.28,1-2 Years,Near (<10km),0-3 Days
52148,0,6.0,Computer,3,13.0,Debit Card,Female,1.0,3,Laptop & Accessory,4,Married,1,0,17.0,0.0,1.0,2.0,143.02,0-6 Months,Medium (10-20km),0-3 Days
52149,0,7.0,Computer,1,9.0,Debit Card,Male,3.0,4,Mobile Phone,1,Married,4,0,17.0,0.0,1.0,0.0,129.79,6-12 Months,Near (<10km),0-3 Days
52150,0,21.0,Computer,1,6.0,Credit Card,Male,2.0,1,Grocery,1,Single,3,0,22.0,1.0,2.0,1.0,268.85,1-2 Years,Near (<10km),0-3 Days
52151,0,18.0,Computer,3,15.0,Debit Card,Female,3.0,4,Laptop & Accessory,3,Married,2,0,13.0,4.0,4.0,12.0,155.93,1-2 Years,Medium (10-20km),8-15 Days
52152,0,25.0,Mobile Phone,1,5.0,Debit Card,Male,2.0,3,Fashion,4,Single,8,0,19.0,2.0,4.0,0.0,204.45,2+ Years,Near (<10km),0-3 Days
52153,0,11.0,Mobile Phone,3,16.0,E Wallet,Male,3.0,4,Fashion,3,Married,1,1,14.0,1.0,2.0,7.0,187.4,6-12 Months,Medium (10-20km),4-7 Days
52154,0,2.0,Mobile Phone,1,14.0,Debit Card,Female,3.0,3,Mobile Phone,1,Married,5,0,22.0,1.0,1.0,7.0,125.13999999999999,0-6 Months,Medium (10-20km),4-7 Days
52155,0,1.0,Mobile Phone,1,9.0,Credit Card,Female,3.0,3,Fashion,4,Married,1,0,17.0,0.0,1.0,7.0,176.55,0-6 Months,Near (<10km),4-7 Days
52156,0,19.0,Mobile Phone,3,9.0,E Wallet,Male,2.0,3,Grocery,3,Married,4,0,12.0,1.0,4.0,9.0,274.65,1-2 Years,Near (<10km),8-15 Days
52157,0,11.0,Mobile Phone,3,8.0,E Wallet,Male,2.0,3,Fashion,4,Single,8,0,16.0,1.0,1.0,0.0,173.51,6-12 Months,Near (<10km),0-3 Days
52158,0,16.0,Computer,1,33.0,Debit Card,Female,2.0,3,Fashion,5,Married,9,0,11.0,1.0,1.0,1.0,208.2,1-2 Years,Far (>20km),0-3 Days
52159,1,2.0,Computer,1,8.0,Debit Card,Male,2.0,3,Grocery,1,Married,8,0,11.0,10.0,11.0,3.0,221.69,0-6 Months,Near (<10km),0-3 Days
52160,0,13.0,Mobile Phone,1,20.0,Credit Card,Male,2.0,4,Others,3,Single,2,0,15.0,3.0,4.0,9.0,296.26,1-2 Years,Medium (10-20km),8-15 Days
52161,0,9.0,Mobile Phone,1,6.0,Cash on Delivery,Female,3.0,4,Mobile Phone,4,Single,2,1,11.0,1.0,2.0,2.0,120.69999999999999,6-12 Months,Near (<10km),0-3 Days
52162,0,12.0,Computer,1,15.0,Debit Card,Male,3.0,3,Laptop & Accessory,4,Single,10,0,15.0,1.0,1.0,3.0,167.82,6-12 Months,Medium (10-20km),0-3 Days
52163,0,9.0,Computer,1,24.0,Debit Card,Male,3.0,3,Laptop & Accessory,1,Single,3,0,20.0,0.0,1.0,9.0,177.79,6-12 Months,Far (>20km),8-15 Days
52164,0,4.0,Computer,3,26.0,Debit Card,Male,3.0,1,Mobile Phone,1,Married,1,0,12.0,2.0,2.0,2.0,127.91,0-6 Months,Far (>20km),0-3 Days
52165,0,1.0,Mobile Phone,1,8.0,Debit Card,Male,3.0,4,Mobile Phone,4,Married,1,0,17.0,0.0,1.0,4.0,132.01,0-6 Months,Near (<10km),4-7 Days
52166,0,8.0,Computer,3,17.0,E Wallet,Male,2.0,3,Laptop & Accessory,1,Married,2,0,11.0,1.0,1.0,2.0,149.68,6-12 Months,Medium (10-20km),0-3 Days
52167,0,22.0,Mobile Phone,3,14.0,Cash on Delivery,Male,2.0,4,Grocery,4,Married,7,0,17.0,1.0,2.0,3.0,231.2,1-2 Years,Medium (10-20km),0-3 Days
52168,0,7.0,Computer,1,8.0,Debit Card,Male,3.0,3,Laptop & Accessory,3,Single,3,0,11.0,1.0,1.0,2.0,140.33,6-12 Months,Near (<10km),0-3 Days
52169,0,2.0,Computer,1,16.0,Debit Card,Female,3.0,3,Mobile Phone,4,Married,1,0,14.0,0.0,1.0,1.0,132.91,0-6 Months,Medium (10-20km),0-3 Days
52170,0,15.0,Mobile Phone,1,35.0,Credit Card,Male,2.0,5,Laptop & Accessory,1,Single,5,0,19.0,1.0,1.0,0.0,142.72,1-2 Years,Far (>20km),0-3 Days
52171,0,2.0,Mobile Phone,1,14.0,Credit Card,Male,3.0,4,Laptop & Accessory,1,Married,2,1,15.0,1.0,1.0,2.0,150.56,0-6 Months,Medium (10-20km),0-3 Days
52172,0,11.0,Mobile Phone,2,6.0,UPI,Male,3.0,1,Mobile Phone,3,Married,2,0,13.0,3.0,5.0,0.0,128.44,6-12 Months,Near (<10km),0-3 Days
52173,0,1.0,Computer,1,12.0,Debit Card,Male,3.0,4,Mobile Phone,3,Married,2,1,14.0,1.0,1.0,2.0,127.03,0-6 Months,Medium (10-20km),0-3 Days
52174,1,9.0,Computer,1,14.0,Credit Card,Male,3.0,3,Mobile Phone,3,Single,2,0,12.0,1.0,1.0,0.0,119.03999999999999,6-12 Months,Medium (10-20km),0-3 Days
52175,1,0.0,Mobile Phone,3,15.0,E Wallet,Female,3.0,3,Laptop & Accessory,5,Single,4,1,17.0,0.0,1.0,3.0,182.24,0-6 Months,Medium (10-20km),0-3 Days
52176,0,14.0,Mobile Phone,1,18.0,Debit Card,Male,2.0,3,Mobile Phone,1,Married,4,1,11.0,1.0,1.0,0.0,147.66,1-2 Years,Medium (10-20km),0-3 Days
52177,1,0.0,Computer,1,14.0,Credit Card,Male,3.0,3,Mobile Phone,3,Married,2,0,12.0,1.0,2.0,2.0,126.1,0-6 Months,Medium (10-20km),0-3 Days
52178,0,10.0,Mobile Phone,1,31.0,Credit Card,Female,2.0,4,Laptop & Accessory,1,Married,8,0,13.0,1.0,1.0,3.0,157.31,6-12 Months,Far (>20km),0-3 Days
52179,0,0.0,Mobile Phone,1,14.0,Debit Card,Male,2.0,4,Mobile Phone,3,Married,2,0,13.0,1.0,2.0,2.0,125.38999999999999,0-6 Months,Medium (10-20km),0-3 Days
52180,0,7.0,Mobile Phone,3,15.0,Debit Card,Female,3.0,3,Laptop & Accessory,3,Married,2,0,20.0,0.0,1.0,3.0,157.14,6-12 Months,Medium (10-20km),0-3 Days
52181,0,8.0,Mobile Phone,2,14.0,Cash on Delivery,Male,3.0,3,Mobile Phone,3,Single,2,0,17.0,0.0,1.0,4.0,143.23,6-12 Months,Medium (10-20km),4-7 Days
52182,1,0.0,Mobile Phone,3,29.0,Debit Card,Female,2.0,4,Fashion,5,Married,2,0,13.0,1.0,3.0,10.0,173.36,0-6 Months,Far (>20km),8-15 Days
52183,0,13.0,Computer,1,15.0,Credit Card,Female,2.0,3,Fashion,3,Single,10,0,17.0,1.0,2.0,13.0,234.99,1-2 Years,Medium (10-20km),8-15 Days
52184,1,5.0,Computer,3,18.0,Debit Card,Male,2.0,3,Grocery,5,Single,1,1,12.0,2.0,2.0,14.0,237.57999999999998,0-6 Months,Medium (10-20km),8-15 Days
52185,0,15.0,Mobile Phone,3,10.0,E Wallet,Male,2.0,3,Laptop & Accessory,5,Single,8,0,13.0,1.0,1.0,5.0,151.55,1-2 Years,Near (<10km),4-7 Days
52186,0,9.0,Mobile Phone,1,6.0,Credit Card,Male,2.0,4,Mobile Phone,3,Married,7,0,12.0,1.0,1.0,7.0,122.58000000000001,6-12 Months,Near (<10km),4-7 Days
52187,0,0.0,Mobile Phone,1,30.0,Credit Card,Male,2.0,3,Mobile Phone,4,Single,9,0,22.0,0.0,1.0,2.0,135.97,0-6 Months,Far (>20km),0-3 Days
52188,1,0.0,Mobile Phone,1,14.0,Debit Card,Female,3.0,3,Mobile Phone,1,Married,2,1,11.0,1.0,1.0,0.0,125.15,0-6 Months,Medium (10-20km),0-3 Days
52189,0,0.0,Mobile Phone,1,9.0,Credit Card,Male,2.0,1,Mobile Phone,1,Married,2,0,22.0,1.0,1.0,7.0,144.2,0-6 Months,Near (<10km),4-7 Days
52190,0,3.0,Mobile Phone,3,16.0,E Wallet,Male,3.0,4,Laptop & Accessory,3,Married,2,0,18.0,0.0,1.0,4.0,165.78,0-6 Months,Medium (10-20km),4-7 Days
52191,0,13.0,Computer,1,32.0,Credit Card,Female,3.0,4,Laptop & Accessory,1,Married,4,1,13.0,0.0,1.0,0.0,144.22,1-2 Years,Far (>20km),0-3 Days
52192,0,8.0,Mobile Phone,1,8.0,Debit Card,Male,2.0,4,Fashion,4,Married,3,0,18.0,2.0,6.0,4.0,202.74,6-12 Months,Near (<10km),4-7 Days
52193,0,7.0,Computer,1,7.0,Credit Card,Male,3.0,4,Laptop & Accessory,5,Single,1,0,20.0,0.0,4.0,9.0,153.43,6-12 Months,Near (<10km),8-15 Days
52194,0,8.0,Computer,1,14.0,UPI,Male,2.0,4,Mobile Phone,1,Married,2,0,13.0,1.0,2.0,2.0,123.75999999999999,6-12 Months,Medium (10-20km),0-3 Days
52195,1,6.0,Mobile Phone,3,15.0,E Wallet,Female,2.0,5,Laptop & Accessory,3,Single,9,0,13.0,0.0,1.0,3.0,153.46,0-6 Months,Medium (10-20km),0-3 Days
52196,0,5.0,Computer,3,8.0,Debit Card,Female,3.0,3,Mobile Phone,5,Married,2,0,12.0,1.0,1.0,0.0,128.27,0-6 Months,Near (<10km),0-3 Days
52197,0,29.0,Mobile Phone,1,10.0,Cash on Delivery,Female,3.0,3,Others,5,Married,5,0,15.0,4.0,4.0,2.0,299.43,2+ Years,Near (<10km),0-3 Days
52198,0,2.0,Mobile Phone,1,12.0,Credit Card,Female,3.0,3,Mobile Phone,1,Married,2,0,13.0,0.0,1.0,8.0,131.31,0-6 Months,Medium (10-20km),8-15 Days
52199,0,0.0,Mobile Phone,1,14.0,Debit Card,Male,2.0,3,Mobile Phone,5,Single,2,0,25.0,0.0,1.0,0.0,125.52000000000001,0-6 Months,Medium (10-20km),0-3 Days
52200,0,18.0,Mobile Phone,1,13.0,Credit Card,Female,2.0,3,Mobile Phone,3,Married,5,1,19.0,0.0,1.0,2.0,144.77,1-2 Years,Medium (10-20km),0-3 Days
52201,0,10.0,Mobile Phone,1,7.0,Debit Card,Female,2.0,4,Laptop & Accessory,1,Married,2,0,13.0,0.0,3.0,11.0,164.74,6-12 Months,Near (<10km),8-15 Days
52202,0,0.0,Mobile Phone,1,5.0,Debit Card,Male,3.0,4,Mobile Phone,3,Single,2,0,12.0,0.0,1.0,2.0,130.33,0-6 Months,Near (<10km),0-3 Days
52203,1,7.0,Mobile Phone,1,16.0,Debit Card,Male,3.0,3,Mobile Phone,3,Single,2,1,11.0,1.0,1.0,2.0,129.36,6-12 Months,Medium (10-20km),0-3 Days
52204,0,26.0,Mobile Phone,1,13.0,Credit Card,Female,2.0,3,Others,3,Married,4,0,18.0,1.0,4.0,7.0,286.06,2+ Years,Medium (10-20km),4-7 Days
52205,0,9.0,Mobile Phone,1,21.0,Debit Card,Female,3.0,5,Mobile Phone,1,Married,1,1,18.0,1.0,1.0,3.0,121.68,6-12 Months,Far (>20km),0-3 Days
52206,1,0.0,Computer,1,9.0,Debit Card,Male,3.0,4,Mobile Phone,1,Married,1,1,11.0,0.0,1.0,0.0,128.53,0-6 Months,Near (<10km),0-3 Days
52207,0,19.0,Mobile Phone,3,8.0,E Wallet,Female,3.0,3,Grocery,5,Married,9,0,23.0,1.0,15.0,9.0,270.48,1-2 Years,Near (<10km),8-15 Days
52208,0,9.0,Computer,1,23.0,Debit Card,Male,3.0,5,Mobile Phone,3,Single,3,0,13.0,1.0,1.0,0.0,122.9,6-12 Months,Far (>20km),0-3 Days
52209,0,6.0,Mobile Phone,2,8.0,UPI,Male,3.0,3,Mobile Phone,3,Married,2,0,13.0,1.0,1.0,4.0,136.0,0-6 Months,Near (<10km),4-7 Days
52210,1,9.0,Computer,1,11.0,Debit Card,Male,3.0,4,Mobile Phone,5,Married,7,0,17.0,0.0,1.0,0.0,121.07,6-12 Months,Medium (10-20km),0-3 Days
52211,0,3.0,Mobile Phone,3,35.0,Debit Card,Male,3.0,3,Laptop & Accessory,5,Married,9,0,19.0,1.0,1.0,3.0,141.15,0-6 Months,Far (>20km),0-3 Days
52212,0,13.0,Computer,3,8.0,Credit Card,Male,3.0,3,Laptop & Accessory,4,Married,6,0,12.0,1.0,1.0,0.0,143.27,1-2 Years,Near (<10km),0-3 Days
52213,0,23.0,Computer,1,8.0,Credit Card,Female,1.0,3,Grocery,5,Married,3,0,22.0,1.0,2.0,2.0,278.56,1-2 Years,Near (<10km),0-3 Days
52214,0,1.0,Mobile Phone,1,25.0,Credit Card,Male,3.0,4,Mobile Phone,5,Married,2,0,12.0,1.0,3.0,3.0,131.96,0-6 Months,Far (>20km),0-3 Days
52215,0,19.0,Mobile Phone,1,21.0,Debit Card,Male,2.0,3,Others,4,Married,6,0,11.0,1.0,1.0,3.0,290.81,1-2 Years,Far (>20km),0-3 Days
52216,0,8.0,Mobile Phone,3,23.0,Debit Card,Male,3.0,3,Laptop & Accessory,5,Married,4,1,15.0,0.0,1.0,7.0,189.66,6-12 Months,Far (>20km),4-7 Days
52217,1,9.0,Mobile Phone,1,23.0,Debit Card,Female,3.0,3,Mobile Phone,4,Married,2,0,13.0,1.0,1.0,0.0,122.1,6-12 Months,Far (>20km),0-3 Days
52218,0,6.0,Computer,3,31.0,Credit Card,Female,2.0,3,Laptop & Accessory,3,Married,2,0,12.0,0.0,1.0,1.0,145.39,0-6 Months,Far (>20km),0-3 Days
52219,0,9.0,Mobile Phone,1,12.0,Debit Card,Male,3.0,5,Mobile Phone,3,Married,2,0,14.0,1.0,1.0,7.0,127.41,6-12 Months,Medium (10-20km),4-7 Days
52220,0,3.0,Mobile Phone,1,13.0,Debit Card,Male,2.0,3,Laptop & Accessory,3,Married,2,0,13.0,4.0,8.0,9.0,134.91,0-6 Months,Medium (10-20km),8-15 Days
52221,0,17.0,Mobile Phone,1,35.0,UPI,Male,2.0,3,Laptop & Accessory,1,Single,2,0,25.0,6.0,13.0,17.0,145.41,1-2 Years,Far (>20km),15+ Days
52222,0,0.0,Mobile Phone,3,27.0,E Wallet,Male,3.0,1,Mobile Phone,1,Single,2,0,17.0,2.0,2.0,2.0,126.78,0-6 Months,Far (>20km),0-3 Days
52223,0,19.0,Mobile Phone,1,8.0,Cash on Delivery,Male,2.0,3,Laptop & Accessory,1,Married,3,0,11.0,0.0,1.0,4.0,173.79,1-2 Years,Near (<10km),4-7 Days
52224,0,15.0,Computer,2,8.0,Credit Card,Male,3.0,1,Laptop & Accessory,5,Married,8,0,16.0,1.0,1.0,3.0,162.72,1-2 Years,Near (<10km),0-3 Days
52225,0,30.0,Mobile Phone,3,13.0,E Wallet,Male,2.0,1,Laptop & Accessory,1,Married,1,1,18.0,0.0,1.0,9.0,152.2,2+ Years,Medium (10-20km),8-15 Days
52226,0,5.0,Computer,1,19.0,UPI,Female,3.0,4,Mobile Phone,4,Married,2,0,20.0,2.0,2.0,2.0,134.0,0-6 Months,Medium (10-20km),0-3 Days
52227,0,5.0,Computer,1,8.0,Debit Card,Female,2.0,3,Laptop & Accessory,3,Single,5,1,14.0,1.0,1.0,7.0,149.98,0-6 Months,Near (<10km),4-7 Days
52228,0,9.0,Mobile Phone,1,7.0,Cash on Delivery,Female,3.0,5,Fashion,5,Married,3,1,21.0,7.0,7.0,7.0,202.52,6-12 Months,Near (<10km),4-7 Days
52229,0,6.0,Mobile Phone,1,15.0,Credit Card,Male,3.0,3,Mobile Phone,1,Married,1,0,13.0,0.0,4.0,10.0,127.81,0-6 Months,Medium (10-20km),8-15 Days
52230,0,13.0,Mobile Phone,3,16.0,Cash on Delivery,Female,2.0,4,Laptop & Accessory,4,Married,8,0,12.0,1.0,1.0,3.0,168.52,1-2 Years,Medium (10-20km),0-3 Days
52231,0,0.0,Mobile Phone,3,16.0,Debit Card,Male,2.0,3,Laptop & Accessory,1,Single,1,0,14.0,1.0,1.0,1.0,149.5,0-6 Months,Medium (10-20km),0-3 Days
52232,0,3.0,Mobile Phone,1,7.0,Credit Card,Male,3.0,3,Mobile Phone,4,Married,1,1,21.0,3.0,5.0,7.0,135.79,0-6 Months,Near (<10km),4-7 Days
52233,0,15.0,Computer,1,32.0,Credit Card,Female,2.0,3,Fashion,5,Married,4,1,17.0,0.0,2.0,0.0,231.91000000000003,1-2 Years,Far (>20km),0-3 Days
52234,0,8.0,Computer,3,14.0,E Wallet,Female,3.0,4,Fashion,1,Married,5,1,11.0,3.0,4.0,12.0,203.77,6-12 Months,Medium (10-20km),8-15 Days
52235,0,9.0,Mobile Phone,1,20.0,Debit Card,Male,2.0,3,Mobile Phone,5,Married,2,1,14.0,5.0,6.0,8.0,122.35,6-12 Months,Medium (10-20km),8-15 Days
52236,0,27.0,Computer,1,7.0,Debit Card,Female,2.0,3,Fashion,3,Married,8,0,17.0,0.0,1.0,4.0,205.02,2+ Years,Near (<10km),4-7 Days
52237,0,9.0,Mobile Phone,1,8.0,Debit Card,Female,3.0,1,Mobile Phone,1,Married,2,0,13.0,1.0,7.0,7.0,120.11000000000001,6-12 Months,Near (<10km),4-7 Days
52238,1,9.0,Computer,1,16.0,Credit Card,Female,3.0,4,Mobile Phone,4,Single,2,1,25.0,0.0,1.0,0.0,118.59,6-12 Months,Medium (10-20km),0-3 Days
52239,0,2.0,Mobile Phone,1,7.0,Debit Card,Female,3.0,3,Mobile Phone,1,Married,2,0,15.0,1.0,1.0,2.0,137.6,0-6 Months,Near (<10km),0-3 Days
52240,0,27.0,Mobile Phone,1,9.0,Debit Card,Male,2.0,3,Grocery,1,Married,4,0,14.0,1.0,1.0,9.0,277.79,2+ Years,Near (<10km),8-15 Days
52241,0,4.0,Mobile Phone,1,17.0,Credit Card,Male,3.0,3,Laptop & Accessory,5,Married,2,1,12.0,1.0,1.0,1.0,168.33,0-6 Months,Medium (10-20km),0-3 Days
52242,0,4.0,Mobile Phone,1,30.0,Credit Card,Female,3.0,4,Laptop & Accessory,5,Single,2,0,19.0,1.0,1.0,8.0,168.12,0-6 Months,Far (>20km),8-15 Days
52243,0,30.0,Mobile Phone,3,9.0,Debit Card,Female,2.0,4,Laptop & Accessory,1,Single,6,0,17.0,0.0,1.0,5.0,151.71,2+ Years,Near (<10km),4-7 Days
52244,0,16.0,Mobile Phone,1,9.0,Debit Card,Male,3.0,5,Others,1,Married,4,0,15.0,1.0,1.0,7.0,297.4,1-2 Years,Near (<10km),4-7 Days
52245,0,22.0,Mobile Phone,1,10.0,Credit Card,Male,2.0,4,Others,3,Married,3,0,13.0,1.0,1.0,0.0,287.11,1-2 Years,Near (<10km),0-3 Days
52246,0,9.0,Computer,1,9.0,Cash on Delivery,Male,2.0,3,Mobile Phone,4,Married,2,0,12.0,0.0,1.0,7.0,136.92,6-12 Months,Near (<10km),4-7 Days
52247,0,21.0,Mobile Phone,1,14.0,Cash on Delivery,Male,3.0,1,Mobile Phone,4,Single,6,0,11.0,0.0,1.0,0.0,125.59,1-2 Years,Medium (10-20km),0-3 Days
52248,0,0.0,Mobile Phone,1,14.0,Debit Card,Male,3.0,3,Mobile Phone,3,Married,2,0,11.0,1.0,1.0,3.0,125.16999999999999,0-6 Months,Medium (10-20km),0-3 Days
52249,0,2.0,Mobile Phone,1,13.0,Debit Card,Male,2.0,3,Laptop & Accessory,1,Married,2,1,11.0,1.0,1.0,0.0,166.23,0-6 Months,Medium (10-20km),0-3 Days
52250,0,21.0,Mobile Phone,1,7.0,Debit Card,Male,3.0,4,Others,1,Single,7,0,12.0,1.0,1.0,0.0,282.65,1-2 Years,Near (<10km),0-3 Days
52251,0,2.0,Mobile Phone,1,7.0,Debit Card,Female,2.0,4,Grocery,1,Married,4,0,14.0,1.0,1.0,7.0,261.24,0-6 Months,Near (<10km),4-7 Days
52252,0,7.0,Mobile Phone,1,14.0,Cash on Delivery,Female,2.0,1,Mobile Phone,3,Married,1,0,17.0,1.0,1.0,0.0,125.85,6-12 Months,Medium (10-20km),0-3 Days
52253,0,17.0,Mobile Phone,3,11.0,E Wallet,Male,2.0,3,Others,4,Married,8,0,11.0,1.0,3.0,10.0,282.13,1-2 Years,Medium (10-20km),8-15 Days
52254,0,6.0,Mobile Phone,3,16.0,E Wallet,Male,2.0,1,Fashion,3,Married,1,1,14.0,0.0,1.0,8.0,183.8,0-6 Months,Medium (10-20km),8-15 Days
52255,0,0.0,Mobile Phone,1,31.0,Debit Card,Female,3.0,1,Mobile Phone,1,Single,2,1,12.0,0.0,1.0,1.0,129.94,0-6 Months,Far (>20km),0-3 Days
52256,0,9.0,Mobile Phone,1,7.0,Debit Card,Male,2.0,3,Mobile Phone,3,Married,2,0,22.0,1.0,1.0,1.0,112.22999999999999,6-12 Months,Near (<10km),0-3 Days
52257,1,0.0,Computer,3,30.0,Debit Card,Male,3.0,5,Mobile Phone,1,Single,2,1,14.0,1.0,1.0,0.0,111.18,0-6 Months,Far (>20km),0-3 Days
52258,0,0.0,Mobile Phone,1,10.0,Debit Card,Male,3.0,3,Mobile Phone,1,Single,2,1,20.0,2.0,2.0,2.0,128.75,0-6 Months,Near (<10km),0-3 Days
52259,1,8.0,Mobile Phone,3,8.0,E Wallet,Female,3.0,5,Others,4,Single,3,1,16.0,1.0,1.0,11.0,288.24,6-12 Months,Near (<10km),8-15 Days
52260,0,28.0,Computer,1,14.0,Credit Card,Male,2.0,4,Grocery,4,Married,2,1,15.0,2.0,2.0,0.0,235.76999999999998,2+ Years,Medium (10-20km),0-3 Days
52261,1,0.0,Computer,1,14.0,Debit Card,Female,2.0,4,Mobile Phone,3,Single,2,0,20.0,1.0,2.0,2.0,126.25,0-6 Months,Medium (10-20km),0-3 Days
52262,0,19.0,Mobile Phone,3,10.0,E Wallet,Female,2.0,4,Others,4,Married,3,0,14.0,1.0,1.0,8.0,287.89,1-2 Years,Near (<10km),8-15 Days
52263,0,7.0,Mobile Phone,3,8.0,E Wallet,Female,2.0,3,Laptop & Accessory,5,Single,1,1,12.0,1.0,1.0,2.0,145.38,6-12 Months,Near (<10km),0-3 Days
52264,0,24.0,Computer,3,15.0,Debit Card,Male,2.0,3,Others,4,Married,5,1,15.0,6.0,11.0,10.0,298.47,1-2 Years,Medium (10-20km),8-15 Days
52265,0,30.0,Mobile Phone,1,24.0,Credit Card,Male,3.0,3,Fashion,1,Single,7,0,12.0,3.0,5.0,4.0,205.12,2+ Years,Far (>20km),4-7 Days
52266,0,7.0,Computer,1,25.0,Credit Card,Female,2.0,3,Laptop & Accessory,4,Married,5,0,13.0,0.0,5.0,10.0,144.44,6-12 Months,Far (>20km),8-15 Days
52267,0,9.0,Computer,1,7.0,Credit Card,Male,2.0,3,Mobile Phone,3,Single,1,1,11.0,1.0,1.0,2.0,121.53999999999999,6-12 Months,Near (<10km),0-3 Days
52268,0,17.0,Mobile Phone,1,10.0,Debit Card,Male,3.0,1,Others,5,Married,2,0,14.0,2.0,14.0,13.0,291.9,1-2 Years,Near (<10km),8-15 Days
52269,0,7.0,Computer,2,17.0,Debit Card,Male,2.0,4,Laptop & Accessory,4,Married,5,0,11.0,0.0,1.0,8.0,144.9,6-12 Months,Medium (10-20km),8-15 Days
52270,0,8.0,Mobile Phone,1,12.0,Debit Card,Male,3.0,3,Mobile Phone,3,Married,1,1,14.0,1.0,2.0,2.0,135.06,6-12 Months,Medium (10-20km),0-3 Days
52271,0,15.0,Mobile Phone,1,14.0,Credit Card,Female,3.0,1,Laptop & Accessory,4,Married,7,1,16.0,0.0,1.0,0.0,123.72,1-2 Years,Medium (10-20km),0-3 Days
52272,0,16.0,Mobile Phone,3,10.0,E Wallet,Female,2.0,4,Fashion,1,Single,4,0,14.0,10.0,15.0,17.0,202.31,1-2 Years,Near (<10km),15+ Days
52273,0,9.0,Mobile Phone,1,8.0,Debit Card,Female,2.0,3,Laptop & Accessory,4,Single,10,1,11.0,4.0,5.0,12.0,154.1,6-12 Months,Near (<10km),8-15 Days
52274,1,7.0,Mobile Phone,1,21.0,Credit Card,Female,3.0,3,Fashion,1,Married,2,0,11.0,0.0,1.0,5.0,179.78,6-12 Months,Far (>20km),4-7 Days
52275,0,1.0,Computer,1,8.0,Debit Card,Male,2.0,4,Mobile Phone,1,Married,2,1,12.0,0.0,2.0,2.0,138.67,0-6 Months,Near (<10km),0-3 Days
52276,0,24.0,Computer,1,12.0,Credit Card,Female,3.0,4,Mobile Phone,3,Single,1,0,14.0,3.0,7.0,7.0,128.38,1-2 Years,Medium (10-20km),4-7 Days
52277,0,3.0,Computer,1,15.0,Credit Card,Female,3.0,3,Laptop & Accessory,3,Single,8,1,18.0,0.0,1.0,7.0,146.95,0-6 Months,Medium (10-20km),4-7 Days
52278,1,0.0,Mobile Phone,1,13.0,Cash on Delivery,Female,2.0,3,Mobile Phone,3,Married,4,1,13.0,4.0,7.0,7.0,133.39,0-6 Months,Medium (10-20km),4-7 Days
52279,0,9.0,Mobile Phone,1,7.0,Cash on Delivery,Male,2.0,3,Mobile Phone,5,Single,3,0,11.0,1.0,1.0,2.0,120.80000000000001,6-12 Months,Near (<10km),0-3 Days
52280,0,9.0,Mobile Phone,1,7.0,Credit Card,Female,2.0,3,Mobile Phone,4,Single,2,0,18.0,1.0,2.0,1.0,120.96000000000001,6-12 Months,Near (<10km),0-3 Days
52281,0,5.0,Mobile Phone,3,14.0,Credit Card,Male,2.0,1,Laptop & Accessory,1,Married,2,0,15.0,0.0,1.0,8.0,162.09,0-6 Months,Medium (10-20km),8-15 Days
52282,0,18.0,Computer,1,31.0,Credit Card,Female,2.0,3,Others,4,Single,4,0,22.0,1.0,1.0,0.0,280.61,1-2 Years,Far (>20km),0-3 Days
52283,0,12.0,Mobile Phone,1,19.0,Credit Card,Female,3.0,4,Grocery,4,Married,7,1,13.0,1.0,15.0,2.0,271.23,6-12 Months,Medium (10-20km),0-3 Days
52284,0,30.0,Mobile Phone,1,14.0,Debit Card,Male,2.0,3,Mobile Phone,3,Married,2,0,12.0,1.0,2.0,2.0,123.72,2+ Years,Medium (10-20km),0-3 Days
52285,1,0.0,Mobile Phone,1,13.0,Debit Card,Male,3.0,3,Laptop & Accessory,3,Married,2,0,18.0,0.0,1.0,1.0,148.83,0-6 Months,Medium (10-20km),0-3 Days
52286,1,2.0,Mobile Phone,1,29.0,Credit Card,Male,3.0,3,Mobile Phone,5,Single,1,0,13.0,0.0,1.0,3.0,139.04,0-6 Months,Far (>20km),0-3 Days
52287,0,3.0,Mobile Phone,1,12.0,Cash on Delivery,Female,2.0,4,Laptop & Accessory,1,Married,1,0,12.0,5.0,6.0,7.0,146.27,0-6 Months,Medium (10-20km),4-7 Days
52288,0,9.0,Mobile Phone,1,16.0,Cash on Delivery,Female,3.0,3,Fashion,3,Married,4,0,12.0,1.0,1.0,7.0,170.94,6-12 Months,Medium (10-20km),4-7 Days
52289,0,19.0,Mobile Phone,2,7.0,Debit Card,Female,2.0,3,Mobile Phone,5,Single,7,0,12.0,2.0,5.0,7.0,134.23,1-2 Years,Near (<10km),4-7 Days
52290,0,1.0,Computer,1,7.0,Debit Card,Female,2.0,5,Laptop & Accessory,1,Married,1,0,11.0,7.0,7.0,5.0,166.74,0-6 Months,Near (<10km),4-7 Days
52291,0,23.0,Mobile Phone,1,34.0,Debit Card,Female,2.0,3,Grocery,5,Married,5,1,11.0,1.0,1.0,2.0,268.8,1-2 Years,Far (>20km),0-3 Days
52292,1,3.0,Mobile Phone,3,31.0,E Wallet,Male,2.0,4,Fashion,4,Single,3,1,12.0,1.0,1.0,0.0,190.94,0-6 Months,Far (>20km),0-3 Days
52293,1,15.0,Mobile Phone,3,11.0,Debit Card,Male,3.0,3,Fashion,4,Single,10,1,19.0,7.0,7.0,7.0,184.46,1-2 Years,Medium (10-20km),4-7 Days
52294,0,3.0,Mobile Phone,1,23.0,Credit Card,Female,3.0,3,Fashion,5,Married,2,1,23.0,1.0,1.0,3.0,219.16000000000003,0-6 Months,Far (>20km),0-3 Days
52295,0,12.0,Mobile Phone,1,24.0,Debit Card,Male,2.0,3,Laptop & Accessory,3,Single,1,0,11.0,1.0,1.0,7.0,145.34,6-12 Months,Far (>20km),4-7 Days
52296,0,4.0,Computer,3,8.0,Debit Card,Female,2.0,3,Fashion,3,Married,2,1,19.0,8.0,9.0,6.0,198.52,0-6 Months,Near (<10km),4-7 Days
52297,0,14.0,Computer,3,16.0,Credit Card,Male,2.0,5,Laptop & Accessory,4,Single,2,0,13.0,3.0,11.0,9.0,161.51,1-2 Years,Medium (10-20km),8-15 Days
52298,1,9.0,Computer,3,7.0,Debit Card,Female,2.0,3,Mobile Phone,4,Single,2,1,11.0,2.0,2.0,2.0,123.02000000000001,6-12 Months,Near (<10km),0-3 Days
52299,1,7.0,Mobile Phone,1,14.0,Debit Card,Male,2.0,3,Mobile Phone,5,Married,5,0,12.0,1.0,1.0,2.0,123.62,6-12 Months,Medium (10-20km),0-3 Days
52300,0,15.0,Computer,1,8.0,Debit Card,Male,2.0,3,Grocery,3,Married,1,1,13.0,1.0,2.0,10.0,278.61,1-2 Years,Near (<10km),8-15 Days
52301,0,28.0,Mobile Phone,1,8.0,Credit Card,Female,2.0,5,Others,3,Married,5,0,14.0,1.0,9.0,11.0,291.87,2+ Years,Near (<10km),8-15 Days
52302,0,29.0,Mobile Phone,2,14.0,Debit Card,Male,3.0,3,Others,4,Single,7,0,15.0,2.0,7.0,7.0,297.17,2+ Years,Medium (10-20km),4-7 Days
52303,0,13.0,Computer,1,22.0,Debit Card,Male,3.0,3,Mobile Phone,3,Married,10,0,16.0,1.0,1.0,0.0,135.44,1-2 Years,Far (>20km),0-3 Days
52304,0,7.0,Mobile Phone,1,15.0,Debit Card,Male,2.0,3,Fashion,1,Married,1,0,11.0,0.0,1.0,6.0,185.0,6-12 Months,Medium (10-20km),4-7 Days
52305,0,13.0,Mobile Phone,1,8.0,Debit Card,Male,3.0,3,Laptop & Accessory,1,Single,2,0,13.0,3.0,8.0,8.0,146.61,1-2 Years,Near (<10km),8-15 Days
52306,0,14.0,Computer,3,7.0,E Wallet,Female,3.0,3,Laptop & Accessory,5,Married,1,0,17.0,0.0,1.0,7.0,141.03,1-2 Years,Near (<10km),4-7 Days
52307,0,8.0,Computer,1,10.0,Debit Card,Male,2.0,3,Laptop & Accessory,3,Single,2,1,11.0,1.0,1.0,1.0,142.49,6-12 Months,Near (<10km),0-3 Days
52308,0,24.0,Mobile Phone,2,11.0,Debit Card,Male,2.0,3,Grocery,4,Married,2,1,11.0,0.0,2.0,10.0,240.26,1-2 Years,Medium (10-20km),8-15 Days
52309,0,11.0,Mobile Phone,3,8.0,Debit Card,Female,2.0,3,Laptop & Accessory,5,Married,4,0,15.0,0.0,1.0,7.0,168.93,6-12 Months,Near (<10km),4-7 Days
52310,0,7.0,Mobile Phone,3,21.0,Credit Card,Female,3.0,3,Laptop & Accessory,5,Single,2,0,12.0,4.0,9.0,6.0,161.25,6-12 Months,Far (>20km),4-7 Days
52311,0,0.0,Mobile Phone,1,25.0,Credit Card,Male,3.0,3,Mobile Phone,1,Married,4,0,11.0,0.0,1.0,2.0,136.69,0-6 Months,Far (>20km),0-3 Days
52312,1,20.0,Mobile Phone,1,13.0,Credit Card,Female,2.0,4,Fashion,5,Married,8,1,14.0,1.0,5.0,9.0,200.08,1-2 Years,Medium (10-20km),8-15 Days
52313,0,13.0,Mobile Phone,1,14.0,Debit Card,Male,2.0,3,Mobile Phone,4,Married,4,0,22.0,1.0,1.0,3.0,123.87,1-2 Years,Medium (10-20km),0-3 Days
52314,0,9.0,Computer,3,13.0,E Wallet,Female,2.0,1,Laptop & Accessory,5,Married,3,0,16.0,5.0,6.0,13.0,146.39,6-12 Months,Medium (10-20km),8-15 Days
52315,0,21.0,Mobile Phone,1,10.0,Debit Card,Male,2.0,3,Fashion,1,Single,2,0,11.0,1.0,1.0,8.0,178.98,1-2 Years,Near (<10km),8-15 Days
52316,0,0.0,Mobile Phone,3,14.0,Credit Card,Female,3.0,1,Mobile Phone,1,Married,9,0,14.0,0.0,1.0,0.0,125.34,0-6 Months,Medium (10-20km),0-3 Days
52317,0,24.0,Mobile Phone,1,17.0,Cash on Delivery,Female,2.0,4,Grocery,4,Single,4,0,16.0,0.0,1.0,3.0,231.42000000000002,1-2 Years,Medium (10-20km),0-3 Days
52318,0,9.0,Computer,1,7.0,Debit Card,Female,3.0,3,Mobile Phone,1,Single,2,0,15.0,1.0,1.0,0.0,116.11000000000001,6-12 Months,Near (<10km),0-3 Days
52319,0,8.0,Mobile Phone,1,7.0,Credit Card,Female,2.0,4,Laptop & Accessory,1,Married,1,0,12.0,0.0,1.0,0.0,153.63,6-12 Months,Near (<10km),0-3 Days
52320,0,0.0,Computer,3,8.0,Debit Card,Male,2.0,5,Laptop & Accessory,1,Single,4,0,20.0,0.0,1.0,0.0,150.71,0-6 Months,Near (<10km),0-3 Days
52321,1,18.0,Mobile Phone,3,19.0,E Wallet,Male,2.0,1,Grocery,3,Single,7,1,17.0,1.0,2.0,8.0,236.95,1-2 Years,Medium (10-20km),8-15 Days
52322,0,29.0,Mobile Phone,1,29.0,Debit Card,Male,3.0,3,Grocery,4,Married,5,1,12.0,13.0,2.0,9.0,234.01999999999998,2+ Years,Far (>20km),8-15 Days
52323,0,9.0,Computer,1,32.0,Cash on Delivery,Female,3.0,4,Mobile Phone,3,Married,2,0,20.0,1.0,1.0,0.0,120.28999999999999,6-12 Months,Far (>20km),0-3 Days
52324,0,13.0,Mobile Phone,1,8.0,Credit Card,Female,2.0,1,Laptop & Accessory,3,Married,6,0,20.0,6.0,11.0,8.0,163.77,1-2 Years,Near (<10km),8-15 Days
52325,0,7.0,Mobile Phone,1,35.0,Credit Card,Male,2.0,3,Laptop & Accessory,3,Married,5,0,13.0,5.0,7.0,7.0,154.29,6-12 Months,Far (>20km),4-7 Days
52326,1,0.0,Computer,3,8.0,Debit Card,Female,3.0,4,Mobile Phone,1,Single,8,0,14.0,0.0,1.0,0.0,127.85,0-6 Months,Near (<10km),0-3 Days
52327,1,0.0,Computer,3,24.0,E Wallet,Female,3.0,3,Laptop & Accessory,3,Married,1,1,18.0,0.0,3.0,2.0,146.14,0-6 Months,Far (>20km),0-3 Days
52328,0,11.0,Computer,1,14.0,Debit Card,Male,2.0,1,Mobile Phone,3,Married,2,0,11.0,0.0,1.0,3.0,126.1,6-12 Months,Medium (10-20km),0-3 Days
52329,0,7.0,Mobile Phone,1,8.0,Cash on Delivery,Female,3.0,3,Laptop & Accessory,1,Single,2,0,11.0,4.0,4.0,11.0,166.87,6-12 Months,Near (<10km),8-15 Days
52330,0,1.0,Mobile Phone,3,32.0,Debit Card,Male,2.0,4,Laptop & Accessory,5,Married,2,0,11.0,1.0,1.0,4.0,147.24,0-6 Months,Far (>20km),4-7 Days
52331,1,0.0,Mobile Phone,1,28.0,Credit Card,Male,3.0,3,Laptop & Accessory,3,Married,2,1,15.0,5.0,6.0,7.0,161.79,0-6 Months,Far (>20km),4-7 Days
52332,0,12.0,Mobile Phone,3,27.0,Debit Card,Male,2.0,4,Laptop & Accessory,1,Married,4,1,12.0,0.0,1.0,4.0,161.2,6-12 Months,Far (>20km),4-7 Days
52333,0,24.0,Computer,3,8.0,E Wallet,Male,2.0,3,Fashion,4,Married,3,0,11.0,3.0,3.0,2.0,205.96,1-2 Years,Near (<10km),0-3 Days
52334,0,14.0,Computer,1,28.0,Debit Card,Female,3.0,3,Laptop & Accessory,1,Married,4,1,14.0,2.0,3.0,3.0,154.67,1-2 Years,Far (>20km),0-3 Days
52335,0,10.0,Mobile Phone,1,10.0,Debit Card,Male,3.0,3,Mobile Phone,3,Married,8,1,15.0,1.0,1.0,3.0,129.96,6-12 Months,Near (<10km),0-3 Days
52336,0,6.0,Computer,3,11.0,Debit Card,Male,3.0,3,Laptop & Accessory,1,Married,7,0,13.0,1.0,1.0,2.0,199.98,0-6 Months,Medium (10-20km),0-3 Days
52337,0,5.0,Mobile Phone,3,8.0,E Wallet,Male,2.0,3,Laptop & Accessory,4,Married,1,1,13.0,1.0,1.0,2.0,140.78,0-6 Months,Near (<10km),0-3 Days
52338,0,12.0,Computer,1,31.0,Debit Card,Male,3.0,3,Fashion,3,Married,4,0,21.0,0.0,1.0,3.0,209.2,6-12 Months,Far (>20km),0-3 Days
52339,0,0.0,Mobile Phone,3,24.0,Debit Card,Male,3.0,1,Laptop & Accessory,3,Married,3,0,11.0,1.0,1.0,2.0,162.32,0-6 Months,Far (>20km),0-3 Days
52340,0,25.0,Computer,1,34.0,Credit Card,Female,2.0,1,Grocery,3,Married,3,1,11.0,1.0,2.0,2.0,232.47000000000003,2+ Years,Far (>20km),0-3 Days
52341,0,16.0,Mobile Phone,1,12.0,Credit Card,Female,3.0,4,Laptop & Accessory,3,Single,2,1,14.0,0.0,1.0,8.0,140.81,1-2 Years,Medium (10-20km),8-15 Days
52342,0,0.0,Mobile Phone,3,16.0,E Wallet,Female,3.0,4,Laptop & Accessory,1,Married,2,1,11.0,1.0,4.0,4.0,157.69,0-6 Months,Medium (10-20km),4-7 Days
52343,1,0.0,Mobile Phone,1,14.0,Debit Card,Female,2.0,3,Mobile Phone,3,Single,2,1,13.0,4.0,7.0,7.0,123.94,0-6 Months,Medium (10-20km),4-7 Days
52344,0,0.0,Mobile Phone,1,8.0,Credit Card,Male,2.0,4,Mobile Phone,1,Single,1,0,12.0,1.0,1.0,1.0,139.04,0-6 Months,Near (<10km),0-3 Days
52345,0,15.0,Mobile Phone,2,16.0,UPI,Female,2.0,3,Grocery,5,Married,1,0,14.0,1.0,1.0,9.0,267.99,1-2 Years,Medium (10-20km),8-15 Days
52346,0,25.0,Mobile Phone,1,14.0,UPI,Female,3.0,3,Mobile Phone,5,Married,10,0,13.0,1.0,1.0,4.0,129.5,2+ Years,Medium (10-20km),4-7 Days
52347,0,10.0,Mobile Phone,1,17.0,Credit Card,Female,3.0,3,Mobile Phone,3,Single,5,0,18.0,1.0,1.0,2.0,136.29,6-12 Months,Medium (10-20km),0-3 Days
52348,0,8.0,Computer,1,24.0,Debit Card,Male,2.0,3,Fashion,1,Single,3,0,11.0,2.0,2.0,2.0,193.62,6-12 Months,Far (>20km),0-3 Days
52349,0,0.0,Mobile Phone,1,7.0,Cash on Delivery,Male,2.0,3,Mobile Phone,1,Married,5,0,11.0,0.0,1.0,2.0,132.29,0-6 Months,Near (<10km),0-3 Days
52350,0,0.0,Mobile Phone,1,13.0,UPI,Male,3.0,1,Mobile Phone,5,Single,1,0,12.0,0.0,1.0,7.0,135.78,0-6 Months,Medium (10-20km),4-7 Days
52351,0,2.0,Mobile Phone,2,23.0,UPI,Male,2.0,4,Fashion,5,Single,2,0,13.0,0.0,1.0,9.0,179.88,0-6 Months,Far (>20km),8-15 Days
52352,1,12.0,Computer,1,34.0,Debit Card,Male,3.0,4,Laptop & Accessory,5,Single,4,0,20.0,0.0,1.0,3.0,142.84,6-12 Months,Far (>20km),0-3 Days
52353,1,0.0,Computer,1,20.0,UPI,Female,2.0,3,Fashion,1,Single,1,1,12.0,4.0,7.0,7.0,175.53,0-6 Months,Medium (10-20km),4-7 Days
52354,0,27.0,Mobile Phone,1,7.0,Credit Card,Female,2.0,3,Grocery,1,Single,7,0,19.0,1.0,12.0,7.0,273.28,2+ Years,Near (<10km),4-7 Days
52355,0,30.0,Mobile Phone,1,7.0,Credit Card,Female,3.0,3,Others,5,Married,4,1,15.0,1.0,1.0,5.0,297.01,2+ Years,Near (<10km),4-7 Days
52356,0,28.0,Mobile Phone,1,7.0,Credit Card,Male,2.0,1,Grocery,1,Married,3,0,13.0,0.0,2.0,0.0,247.32,2+ Years,Near (<10km),0-3 Days
52357,0,9.0,Mobile Phone,3,9.0,E Wallet,Female,3.0,3,Laptop & Accessory,4,Single,4,1,16.0,0.0,1.0,1.0,192.78,6-12 Months,Near (<10km),0-3 Days
52358,1,9.0,Computer,3,7.0,Debit Card,Female,2.0,5,Mobile Phone,3,Single,2,0,12.0,0.0,1.0,0.0,113.59,6-12 Months,Near (<10km),0-3 Days
52359,0,3.0,Mobile Phone,3,13.0,E Wallet,Female,3.0,3,Laptop & Accessory,5,Married,8,0,14.0,1.0,1.0,2.0,147.79,0-6 Months,Medium (10-20km),0-3 Days
52360,0,4.0,Mobile Phone,1,14.0,Debit Card,Female,3.0,3,Grocery,4,Single,4,0,11.0,1.0,1.0,0.0,264.22,0-6 Months,Medium (10-20km),0-3 Days
52361,0,7.0,Computer,1,7.0,UPI,Male,3.0,3,Mobile Phone,5,Married,6,0,14.0,1.0,1.0,3.0,129.96,6-12 Months,Near (<10km),0-3 Days
52362,1,9.0,Mobile Phone,1,14.0,Debit Card,Female,2.0,4,Mobile Phone,4,Single,2,0,12.0,0.0,1.0,0.0,112.61000000000001,6-12 Months,Medium (10-20km),0-3 Days
52363,0,9.0,Mobile Phone,1,17.0,Debit Card,Male,3.0,3,Mobile Phone,5,Married,1,0,14.0,1.0,1.0,4.0,120.99000000000001,6-12 Months,Medium (10-20km),4-7 Days
52364,0,9.0,Mobile Phone,1,10.0,Debit Card,Male,2.0,4,Laptop & Accessory,1,Single,2,0,16.0,0.0,1.0,8.0,158.1,6-12 Months,Near (<10km),8-15 Days
52365,0,9.0,Mobile Phone,3,22.0,E Wallet,Female,3.0,4,Laptop & Accessory,5,Married,5,0,13.0,1.0,1.0,2.0,156.47,6-12 Months,Far (>20km),0-3 Days
52366,0,20.0,Mobile Phone,1,7.0,Cash on Delivery,Male,3.0,3,Mobile Phone,1,Married,8,0,12.0,1.0,1.0,2.0,134.2,1-2 Years,Near (<10km),0-3 Days
52367,1,0.0,Mobile Phone,3,15.0,Debit Card,Male,3.0,4,Mobile Phone,5,Married,4,0,12.0,2.0,2.0,2.0,144.0,0-6 Months,Medium (10-20km),0-3 Days
52368,0,10.0,Computer,1,11.0,Cash on Delivery,Male,2.0,1,Mobile Phone,3,Single,1,0,14.0,0.0,1.0,3.0,135.0,6-12 Months,Medium (10-20km),0-3 Days
52369,0,9.0,Mobile Phone,1,7.0,Debit Card,Female,2.0,3,Mobile Phone,5,Married,3,0,22.0,0.0,1.0,0.0,120.66,6-12 Months,Near (<10km),0-3 Days
52370,0,20.0,Mobile Phone,1,8.0,Credit Card,Female,2.0,3,Grocery,3,Married,4,0,19.0,1.0,5.0,6.0,271.69,1-2 Years,Near (<10km),4-7 Days
52371,0,0.0,Mobile Phone,3,10.0,Credit Card,Female,2.0,3,Laptop & Accessory,3,Married,2,1,12.0,1.0,1.0,3.0,141.62,0-6 Months,Near (<10km),0-3 Days
52372,0,5.0,Mobile Phone,3,13.0,E Wallet,Male,3.0,3,Laptop & Accessory,1,Married,5,0,12.0,0.0,1.0,3.0,192.04,0-6 Months,Medium (10-20km),0-3 Days
52373,0,7.0,Mobile Phone,1,7.0,Debit Card,Female,2.0,4,Mobile Phone,4,Married,6,0,17.0,1.0,1.0,2.0,132.94,6-12 Months,Near (<10km),0-3 Days
52374,0,9.0,Mobile Phone,1,11.0,Credit Card,Male,2.0,1,Mobile Phone,3,Married,3,1,12.0,0.0,1.0,3.0,121.27000000000001,6-12 Months,Medium (10-20km),0-3 Days
52375,0,13.0,Computer,1,15.0,UPI,Male,2.0,3,Laptop & Accessory,3,Married,4,0,11.0,0.0,1.0,7.0,139.75,1-2 Years,Medium (10-20km),4-7 Days
52376,0,4.0,Mobile Phone,3,14.0,Debit Card,Male,2.0,3,Fashion,1,Married,2,0,18.0,2.0,9.0,9.0,207.93,0-6 Months,Medium (10-20km),8-15 Days
52377,1,9.0,Mobile Phone,3,15.0,E Wallet,Male,2.0,3,Fashion,1,Married,5,0,11.0,4.0,4.0,3.0,200.96,6-12 Months,Medium (10-20km),0-3 Days
52378,1,2.0,Computer,1,8.0,Debit Card,Female,2.0,4,Mobile Phone,5,Single,3,1,23.0,0.0,1.0,0.0,136.46,0-6 Months,Near (<10km),0-3 Days
52379,1,0.0,Computer,1,7.0,Debit Card,Female,3.0,1,Fashion,4,Single,2,0,11.0,1.0,4.0,7.0,174.46,0-6 Months,Near (<10km),4-7 Days
52380,0,18.0,Mobile Phone,1,26.0,Credit Card,Male,3.0,5,Fashion,5,Married,3,1,18.0,1.0,1.0,7.0,208.51,1-2 Years,Far (>20km),4-7 Days
52381,0,9.0,Mobile Phone,2,14.0,Credit Card,Female,3.0,1,Mobile Phone,4,Single,10,0,18.0,1.0,1.0,2.0,121.09,6-12 Months,Medium (10-20km),0-3 Days
52382,1,0.0,Computer,1,8.0,Debit Card,Male,3.0,3,Mobile Phone,1,Married,7,1,13.0,0.0,2.0,2.0,137.22,0-6 Months,Near (<10km),0-3 Days
52383,0,18.0,Mobile Phone,1,35.0,Cash on Delivery,Male,2.0,3,Fashion,1,Married,5,1,18.0,1.0,1.0,2.0,193.8,1-2 Years,Far (>20km),0-3 Days
52384,0,21.0,Mobile Phone,3,13.0,E Wallet,Male,3.0,3,Laptop & Accessory,5,Married,5,0,11.0,0.0,2.0,2.0,154.86,1-2 Years,Medium (10-20km),0-3 Days
52385,1,0.0,Mobile Phone,2,15.0,Cash on Delivery,Female,3.0,3,Mobile Phone,3,Married,2,0,15.0,2.0,2.0,2.0,127.41999999999999,0-6 Months,Medium (10-20km),0-3 Days
52386,0,13.0,Computer,1,14.0,Credit Card,Male,2.0,4,Fashion,4,Married,3,0,11.0,4.0,2.0,8.0,237.57,1-2 Years,Medium (10-20km),8-15 Days
52387,0,1.0,Mobile Phone,3,11.0,Credit Card,Male,2.0,3,Laptop & Accessory,5,Single,1,0,18.0,0.0,1.0,3.0,184.63,0-6 Months,Medium (10-20km),0-3 Days
52388,0,17.0,Computer,1,11.0,Debit Card,Male,2.0,4,Mobile Phone,3,Single,4,0,14.0,0.0,1.0,3.0,131.62,1-2 Years,Medium (10-20km),0-3 Days
52389,0,26.0,Mobile Phone,1,8.0,Credit Card,Male,2.0,1,Grocery,4,Single,5,0,12.0,1.0,8.0,8.0,265.98,2+ Years,Near (<10km),8-15 Days
52390,0,22.0,Mobile Phone,1,11.0,Cash on Delivery,Male,3.0,3,Laptop & Accessory,3,Married,3,0,14.0,0.0,1.0,2.0,166.51,1-2 Years,Medium (10-20km),0-3 Days
52391,0,13.0,Mobile Phone,1,14.0,Credit Card,Male,3.0,3,Mobile Phone,3,Married,3,0,14.0,1.0,1.0,2.0,123.44999999999999,1-2 Years,Medium (10-20km),0-3 Days
52392,0,17.0,Mobile Phone,1,26.0,Debit Card,Male,2.0,3,Mobile Phone,4,Single,2,0,13.0,1.0,1.0,3.0,134.2,1-2 Years,Far (>20km),0-3 Days
52393,0,6.0,Computer,3,13.0,Credit Card,Male,2.0,3,Laptop & Accessory,5,Married,1,0,14.0,1.0,1.0,3.0,143.73,0-6 Months,Medium (10-20km),0-3 Days
52394,0,7.0,Mobile Phone,3,9.0,UPI,Male,2.0,5,Laptop & Accessory,5,Single,4,0,18.0,2.0,3.0,12.0,147.59,6-12 Months,Near (<10km),8-15 Days
52395,0,3.0,Mobile Phone,3,22.0,Debit Card,Male,3.0,3,Laptop & Accessory,3,Married,9,0,15.0,1.0,2.0,2.0,153.01,0-6 Months,Far (>20km),0-3 Days
52396,0,15.0,Computer,1,15.0,Credit Card,Female,3.0,3,Mobile Phone,1,Single,2,0,13.0,0.0,5.0,8.0,136.73,1-2 Years,Medium (10-20km),8-15 Days
52397,0,17.0,Computer,3,7.0,E Wallet,Female,3.0,3,Laptop & Accessory,3,Married,8,0,12.0,0.0,1.0,0.0,147.68,1-2 Years,Near (<10km),0-3 Days
52398,0,9.0,Computer,1,13.0,Cash on Delivery,Male,3.0,3,Mobile Phone,3,Married,2,0,13.0,0.0,1.0,0.0,112.74000000000001,6-12 Months,Medium (10-20km),0-3 Days
52399,0,30.0,Mobile Phone,1,7.0,Debit Card,Male,3.0,1,Laptop & Accessory,3,Married,1,0,24.0,1.0,2.0,8.0,149.0,2+ Years,Near (<10km),8-15 Days
52400,0,22.0,Mobile Phone,1,13.0,Debit Card,Male,2.0,3,Fashion,4,Married,4,0,14.0,0.0,1.0,7.0,204.66,1-2 Years,Medium (10-20km),4-7 Days
52401,0,7.0,Computer,1,21.0,Credit Card,Male,3.0,3,Grocery,5,Married,8,0,14.0,1.0,6.0,9.0,270.07,6-12 Months,Far (>20km),8-15 Days
52402,1,0.0,Computer,3,7.0,Cash on Delivery,Male,3.0,3,Mobile Phone,3,Married,4,0,15.0,1.0,1.0,2.0,129.09,0-6 Months,Near (<10km),0-3 Days
52403,1,0.0,Computer,3,19.0,Cash on Delivery,Female,2.0,3,Laptop & Accessory,4,Single,6,0,11.0,1.0,1.0,0.0,157.65,0-6 Months,Medium (10-20km),0-3 Days
52404,1,0.0,Mobile Phone,3,30.0,Credit Card,Female,2.0,4,Laptop & Accessory,4,Single,1,1,23.0,4.0,10.0,10.0,145.99,0-6 Months,Far (>20km),8-15 Days
52405,0,8.0,Mobile Phone,3,14.0,Debit Card,Male,3.0,3,Mobile Phone,3,Married,2,0,13.0,0.0,1.0,0.0,124.03999999999999,6-12 Months,Medium (10-20km),0-3 Days
52406,1,0.0,Computer,1,15.0,Credit Card,Male,2.0,3,Mobile Phone,5,Single,3,1,11.0,0.0,1.0,0.0,131.72,0-6 Months,Medium (10-20km),0-3 Days
52407,0,9.0,Computer,3,19.0,Debit Card,Female,3.0,3,Mobile Phone,4,Married,2,0,13.0,0.0,1.0,0.0,120.33000000000001,6-12 Months,Medium (10-20km),0-3 Days
52408,0,17.0,Computer,1,8.0,Credit Card,Male,2.0,3,Fashion,3,Single,6,1,18.0,2.0,2.0,2.0,202.09,1-2 Years,Near (<10km),0-3 Days
52409,0,2.0,Mobile Phone,3,25.0,Debit Card,Male,3.0,4,Laptop & Accessory,3,Married,2,0,14.0,1.0,1.0,4.0,186.2,0-6 Months,Far (>20km),4-7 Days
52410,0,9.0,Mobile Phone,2,7.0,Debit Card,Male,2.0,3,Mobile Phone,3,Married,1,0,21.0,0.0,1.0,3.0,120.63999999999999,6-12 Months,Near (<10km),0-3 Days
52411,0,28.0,Mobile Phone,1,10.0,Debit Card,Male,1.0,3,Laptop & Accessory,3,Married,1,1,16.0,1.0,1.0,2.0,140.35,2+ Years,Near (<10km),0-3 Days
52412,0,6.0,Mobile Phone,1,10.0,Credit Card,Female,2.0,4,Mobile Phone,4,Married,9,0,11.0,1.0,1.0,2.0,138.38,0-6 Months,Near (<10km),0-3 Days
52413,0,20.0,Mobile Phone,3,20.0,Credit Card,Female,3.0,3,Laptop & Accessory,3,Married,4,1,17.0,1.0,1.0,2.0,145.91,1-2 Years,Medium (10-20km),0-3 Days
52414,1,0.0,Computer,1,14.0,Credit Card,Male,2.0,4,Mobile Phone,5,Single,8,0,11.0,1.0,1.0,0.0,125.61000000000001,0-6 Months,Medium (10-20km),0-3 Days
52415,0,9.0,Mobile Phone,1,7.0,Debit Card,Male,3.0,4,Mobile Phone,3,Married,2,0,14.0,0.0,1.0,0.0,115.63,6-12 Months,Near (<10km),0-3 Days
52416,0,1.0,Computer,3,13.0,Debit Card,Male,2.0,3,Laptop & Accessory,5,Single,1,0,14.0,1.0,1.0,3.0,148.98,0-6 Months,Medium (10-20km),0-3 Days
52417,0,22.0,Mobile Phone,1,9.0,Credit Card,Female,2.0,4,Laptop & Accessory,5,Married,5,0,25.0,0.0,1.0,2.0,147.89,1-2 Years,Near (<10km),0-3 Days
52418,0,2.0,Computer,1,8.0,Debit Card,Female,3.0,3,Mobile Phone,4,Married,1,0,13.0,1.0,1.0,2.0,131.8,0-6 Months,Near (<10km),0-3 Days
52419,0,1.0,Mobile Phone,1,35.0,Debit Card,Male,3.0,5,Laptop & Accessory,4,Married,2,0,14.0,0.0,1.0,7.0,165.49,0-6 Months,Far (>20km),4-7 Days
52420,0,6.0,Mobile Phone,1,14.0,Debit Card,Male,3.0,3,Laptop & Accessory,3,Single,3,1,17.0,1.0,1.0,0.0,163.88,0-6 Months,Medium (10-20km),0-3 Days
52421,0,5.0,Mobile Phone,1,16.0,Credit Card,Male,3.0,3,Fashion,1,Single,3,0,25.0,0.0,1.0,3.0,212.44,0-6 Months,Medium (10-20km),0-3 Days
52422,0,27.0,Computer,1,17.0,Credit Card,Female,2.0,3,Grocery,1,Married,4,0,20.0,0.0,2.0,12.0,260.32,2+ Years,Medium (10-20km),8-15 Days
52423,1,0.0,Mobile Phone,1,14.0,Cash on Delivery,Male,3.0,4,Mobile Phone,5,Single,7,0,13.0,1.0,1.0,7.0,123.62,0-6 Months,Medium (10-20km),4-7 Days
52424,0,17.0,Mobile Phone,1,34.0,Debit Card,Male,2.0,3,Grocery,5,Married,4,0,13.0,1.0,14.0,17.0,263.28,1-2 Years,Far (>20km),15+ Days
52425,0,12.0,Mobile Phone,1,12.0,Debit Card,Female,2.0,3,Fashion,4,Single,5,0,18.0,2.0,2.0,2.0,183.76,6-12 Months,Medium (10-20km),0-3 Days
52426,0,19.0,Mobile Phone,3,9.0,Debit Card,Female,2.0,3,Grocery,4,Married,9,0,12.0,1.0,5.0,1.0,266.06,1-2 Years,Near (<10km),0-3 Days
52427,0,8.0,Mobile Phone,1,22.0,Debit Card,Female,3.0,4,Fashion,4,Single,2,0,19.0,3.0,3.0,3.0,186.06,6-12 Months,Far (>20km),0-3 Days
52428,0,9.0,Mobile Phone,1,26.0,Debit Card,Male,3.0,3,Laptop & Accessory,3,Single,1,0,14.0,1.0,1.0,2.0,122.72,6-12 Months,Far (>20km),0-3 Days
52429,1,9.0,Mobile Phone,1,15.0,Debit Card,Male,2.0,3,Mobile Phone,5,Single,4,0,14.0,1.0,1.0,0.0,120.18,6-12 Months,Medium (10-20km),0-3 Days
52430,0,7.0,Mobile Phone,3,7.0,Cash on Delivery,Male,3.0,4,Fashion,3,Married,2,1,14.0,7.0,8.0,6.0,170.83,6-12 Months,Near (<10km),4-7 Days
52431,1,0.0,Computer,1,9.0,Debit Card,Female,2.0,3,Mobile Phone,3,Single,2,0,12.0,2.0,7.0,7.0,140.84,0-6 Months,Near (<10km),4-7 Days
52432,0,23.0,Computer,1,28.0,Credit Card,Male,2.0,5,Grocery,1,Single,2,1,13.0,1.0,2.0,9.0,244.11,1-2 Years,Far (>20km),8-15 Days
52433,0,9.0,Mobile Phone,3,13.0,Cash on Delivery,Male,2.0,3,Mobile Phone,3,Married,1,1,25.0,3.0,5.0,7.0,123.08000000000001,6-12 Months,Medium (10-20km),4-7 Days
52434,0,15.0,Mobile Phone,1,8.0,Credit Card,Male,3.0,4,Mobile Phone,4,Married,5,0,14.0,0.0,1.0,0.0,148.41,1-2 Years,Near (<10km),0-3 Days
52435,0,10.0,Mobile Phone,1,19.0,Credit Card,Male,2.0,3,Laptop & Accessory,1,Married,2,0,17.0,2.0,3.0,7.0,142.85,6-12 Months,Medium (10-20km),4-7 Days
52436,0,2.0,Mobile Phone,1,14.0,UPI,Female,2.0,5,Laptop & Accessory,5,Married,4,0,13.0,1.0,1.0,7.0,197.15,0-6 Months,Medium (10-20km),4-7 Days
52437,0,6.0,Mobile Phone,1,31.0,Debit Card,Male,2.0,4,Laptop & Accessory,4,Single,2,0,13.0,1.0,1.0,2.0,143.2,0-6 Months,Far (>20km),0-3 Days
52438,0,9.0,Mobile Phone,1,34.0,Cash on Delivery,Male,3.0,3,Mobile Phone,1,Married,5,0,20.0,1.0,1.0,3.0,121.32,6-12 Months,Far (>20km),0-3 Days
52439,0,15.0,Computer,1,8.0,Debit Card,Male,2.0,3,Fashion,1,Married,3,1,14.0,4.0,13.0,9.0,201.24,1-2 Years,Near (<10km),8-15 Days
52440,0,13.0,Mobile Phone,3,15.0,Credit Card,Male,2.0,3,Laptop & Accessory,5,Married,1,0,12.0,7.0,7.0,1.0,154.73,1-2 Years,Medium (10-20km),0-3 Days
52441,0,6.0,Mobile Phone,1,34.0,Debit Card,Male,3.0,3,Laptop & Accessory,3,Married,2,1,12.0,4.0,5.0,7.0,152.07,0-6 Months,Far (>20km),4-7 Days
52442,0,13.0,Mobile Phone,2,12.0,Credit Card,Male,2.0,3,Grocery,1,Single,2,1,21.0,1.0,7.0,7.0,264.37,1-2 Years,Medium (10-20km),4-7 Days
52443,0,9.0,Mobile Phone,1,27.0,Cash on Delivery,Male,2.0,4,Mobile Phone,5,Married,1,0,14.0,0.0,1.0,0.0,122.96000000000001,6-12 Months,Far (>20km),0-3 Days
52444,0,13.0,Computer,1,14.0,Debit Card,Male,3.0,3,Laptop & Accessory,1,Married,4,1,18.0,1.0,2.0,2.0,140.69,1-2 Years,Medium (10-20km),0-3 Days
52445,0,18.0,Mobile Phone,1,7.0,Cash on Delivery,Male,3.0,3,Fashion,4,Married,2,0,12.0,3.0,7.0,7.0,174.41,1-2 Years,Near (<10km),4-7 Days
52446,0,8.0,Mobile Phone,3,14.0,Debit Card,Female,3.0,4,Mobile Phone,3,Married,1,0,23.0,2.0,4.0,2.0,124.30000000000001,6-12 Months,Medium (10-20km),0-3 Days
52447,0,5.0,Mobile Phone,1,11.0,Debit Card,Female,3.0,4,Laptop & Accessory,4,Married,4,0,12.0,1.0,2.0,5.0,158.78,0-6 Months,Medium (10-20km),4-7 Days
52448,0,9.0,Mobile Phone,3,14.0,Debit Card,Male,3.0,3,Mobile Phone,1,Single,4,1,21.0,1.0,1.0,2.0,126.44,6-12 Months,Medium (10-20km),0-3 Days
52449,0,21.0,Mobile Phone,3,22.0,Debit Card,Female,3.0,3,Laptop & Accessory,3,Married,9,0,14.0,7.0,7.0,7.0,164.39,1-2 Years,Far (>20km),4-7 Days
52450,0,2.0,Mobile Phone,1,14.0,Debit Card,Male,3.0,1,Mobile Phone,3,Married,7,0,18.0,0.0,1.0,0.0,124.50999999999999,0-6 Months,Medium (10-20km),0-3 Days
52451,0,6.0,Mobile Phone,3,14.0,Debit Card,Male,2.0,3,Laptop & Accessory,5,Married,3,0,13.0,2.0,2.0,2.0,163.92,0-6 Months,Medium (10-20km),0-3 Days
52452,1,0.0,Mobile Phone,3,7.0,Debit Card,Male,3.0,4,Laptop & Accessory,5,Married,2,0,11.0,1.0,6.0,7.0,197.14,0-6 Months,Near (<10km),4-7 Days
52453,0,11.0,Computer,2,16.0,UPI,Male,3.0,3,Laptop & Accessory,3,Married,4,0,11.0,0.0,1.0,2.0,160.77,6-12 Months,Medium (10-20km),0-3 Days
52454,0,8.0,Mobile Phone,1,14.0,Credit Card,Male,3.0,4,Mobile Phone,5,Single,2,0,19.0,1.0,1.0,2.0,124.5,6-12 Months,Medium (10-20km),0-3 Days
52455,0,7.0,Mobile Phone,3,35.0,Cash on Delivery,Male,2.0,3,Fashion,4,Married,4,0,12.0,1.0,1.0,3.0,192.5,6-12 Months,Far (>20km),0-3 Days
52456,1,9.0,Mobile Phone,1,8.0,Debit Card,Female,3.0,3,Mobile Phone,5,Married,2,1,12.0,1.0,1.0,0.0,120.74000000000001,6-12 Months,Near (<10km),0-3 Days
52457,1,16.0,Mobile Phone,1,8.0,Cash on Delivery,Female,3.0,4,Fashion,1,Married,1,0,16.0,0.0,1.0,9.0,201.69,1-2 Years,Near (<10km),8-15 Days
52458,1,1.0,Mobile Phone,1,8.0,Credit Card,Male,2.0,3,Laptop & Accessory,4,Married,5,0,11.0,1.0,1.0,4.0,148.55,0-6 Months,Near (<10km),4-7 Days
52459,0,5.0,Computer,1,7.0,Cash on Delivery,Male,3.0,3,Laptop & Accessory,5,Married,5,0,14.0,0.0,1.0,2.0,140.87,0-6 Months,Near (<10km),0-3 Days
52460,0,21.0,Mobile Phone,1,14.0,UPI,Female,3.0,3,Mobile Phone,5,Married,9,0,12.0,6.0,7.0,6.0,123.66999999999999,1-2 Years,Medium (10-20km),4-7 Days
52461,0,7.0,Mobile Phone,1,13.0,Credit Card,Male,3.0,3,Mobile Phone,1,Single,2,0,13.0,0.0,1.0,0.0,129.72,6-12 Months,Medium (10-20km),0-3 Days
52462,0,28.0,Mobile Phone,3,32.0,E Wallet,Male,2.0,4,Others,1,Married,2,0,15.0,0.0,2.0,13.0,295.86,2+ Years,Far (>20km),8-15 Days
52463,0,7.0,Mobile Phone,1,7.0,Debit Card,Male,2.0,3,Laptop & Accessory,1,Married,10,0,17.0,0.0,2.0,1.0,154.84,6-12 Months,Near (<10km),0-3 Days
52464,0,9.0,Mobile Phone,1,9.0,Debit Card,Female,2.0,3,Mobile Phone,1,Married,2,0,21.0,1.0,1.0,0.0,120.61000000000001,6-12 Months,Near (<10km),0-3 Days
52465,0,11.0,Mobile Phone,3,20.0,Debit Card,Male,3.0,3,Laptop & Accessory,4,Married,1,0,11.0,3.0,7.0,7.0,199.24,6-12 Months,Medium (10-20km),4-7 Days
52466,0,11.0,Mobile Phone,3,22.0,Debit Card,Female,2.0,3,Laptop & Accessory,4,Single,3,0,12.0,1.0,1.0,2.0,141.98,6-12 Months,Far (>20km),0-3 Days
52467,0,9.0,Mobile Phone,3,7.0,Debit Card,Female,3.0,3,Laptop & Accessory,3,Single,7,0,13.0,1.0,1.0,0.0,168.15,6-12 Months,Near (<10km),0-3 Days
52468,0,2.0,Mobile Phone,1,9.0,Credit Card,Male,2.0,3,Mobile Phone,5,Single,2,1,18.0,0.0,1.0,5.0,147.23,0-6 Months,Near (<10km),4-7 Days
52469,0,8.0,Mobile Phone,1,16.0,Credit Card,Female,2.0,3,Laptop & Accessory,3,Single,4,1,16.0,0.0,1.0,4.0,161.42,6-12 Months,Medium (10-20km),4-7 Days
52470,0,12.0,Mobile Phone,3,12.0,Credit Card,Male,2.0,1,Fashion,3,Married,3,0,11.0,3.0,7.0,6.0,182.37,6-12 Months,Medium (10-20km),4-7 Days
52471,0,2.0,Computer,1,8.0,Debit Card,Male,2.0,3,Laptop & Accessory,1,Married,2,0,19.0,1.0,1.0,3.0,188.53,0-6 Months,Near (<10km),0-3 Days
52472,0,23.0,Mobile Phone,3,15.0,E Wallet,Male,2.0,3,Others,3,Married,5,1,15.0,0.0,1.0,0.0,293.31,1-2 Years,Medium (10-20km),0-3 Days
52473,0,9.0,Mobile Phone,1,16.0,Cash on Delivery,Male,2.0,1,Mobile Phone,3,Married,3,0,16.0,0.0,2.0,2.0,120.72999999999999,6-12 Months,Medium (10-20km),0-3 Days
52474,0,9.0,Computer,1,12.0,Debit Card,Male,3.0,1,Laptop & Accessory,5,Married,4,1,13.0,0.0,1.0,2.0,155.62,6-12 Months,Medium (10-20km),0-3 Days
52475,0,15.0,Mobile Phone,1,15.0,UPI,Male,3.0,4,Others,1,Single,9,0,15.0,1.0,1.0,1.0,296.13,1-2 Years,Medium (10-20km),0-3 Days
52476,0,8.0,Mobile Phone,1,34.0,Debit Card,Male,2.0,1,Laptop & Accessory,3,Married,2,0,17.0,6.0,6.0,8.0,134.07,6-12 Months,Far (>20km),8-15 Days
52477,0,7.0,Computer,1,16.0,Cash on Delivery,Male,3.0,4,Laptop & Accessory,3,Married,2,0,14.0,1.0,7.0,7.0,150.63,6-12 Months,Medium (10-20km),4-7 Days
52478,0,13.0,Mobile Phone,3,20.0,Debit Card,Female,2.0,3,Laptop & Accessory,5,Married,2,0,15.0,0.0,1.0,2.0,146.39,1-2 Years,Medium (10-20km),0-3 Days
52479,0,16.0,Mobile Phone,1,33.0,Cash on Delivery,Male,2.0,1,Mobile Phone,4,Married,6,0,12.0,1.0,1.0,2.0,148.76,1-2 Years,Far (>20km),0-3 Days
52480,0,8.0,Mobile Phone,1,13.0,Debit Card,Male,3.0,4,Mobile Phone,1,Married,2,0,18.0,1.0,1.0,1.0,126.9,6-12 Months,Medium (10-20km),0-3 Days
52481,0,19.0,Mobile Phone,3,7.0,Debit Card,Male,2.0,1,Grocery,5,Single,2,0,15.0,1.0,1.0,12.0,275.67,1-2 Years,Near (<10km),8-15 Days
52482,1,0.0,Mobile Phone,1,14.0,Credit Card,Male,2.0,3,Mobile Phone,4,Married,2,1,17.0,0.0,1.0,0.0,124.08000000000001,0-6 Months,Medium (10-20km),0-3 Days
52483,0,0.0,Computer,1,32.0,UPI,Female,3.0,4,Mobile Phone,3,Married,2,1,14.0,1.0,1.0,3.0,128.14,0-6 Months,Far (>20km),0-3 Days
52484,0,23.0,Computer,1,26.0,Credit Card,Male,2.0,3,Grocery,3,Married,3,1,15.0,0.0,12.0,3.0,212.45,1-2 Years,Far (>20km),0-3 Days
52485,0,5.0,Mobile Phone,1,11.0,UPI,Female,2.0,1,Mobile Phone,1,Married,4,0,17.0,1.0,1.0,2.0,133.12,0-6 Months,Medium (10-20km),0-3 Days
52486,0,17.0,Mobile Phone,1,13.0,Credit Card,Female,2.0,3,Others,1,Married,1,1,14.0,1.0,1.0,10.0,290.49,1-2 Years,Medium (10-20km),8-15 Days
52487,0,9.0,Mobile Phone,1,13.0,Credit Card,Male,2.0,4,Mobile Phone,4,Married,2,0,12.0,1.0,1.0,1.0,121.41,6-12 Months,Medium (10-20km),0-3 Days
52488,0,18.0,Mobile Phone,1,11.0,Credit Card,Female,2.0,5,Laptop & Accessory,5,Single,2,1,14.0,0.0,1.0,4.0,157.69,1-2 Years,Medium (10-20km),4-7 Days
52489,0,18.0,Computer,3,32.0,E Wallet,Male,2.0,4,Laptop & Accessory,5,Married,2,0,15.0,3.0,4.0,5.0,143.85,1-2 Years,Far (>20km),4-7 Days
52490,0,4.0,Computer,3,8.0,UPI,Male,2.0,3,Laptop & Accessory,5,Single,8,0,13.0,1.0,1.0,3.0,153.32,0-6 Months,Near (<10km),0-3 Days
52491,0,9.0,Mobile Phone,1,18.0,Debit Card,Female,3.0,3,Laptop & Accessory,3,Married,10,1,12.0,0.0,1.0,1.0,146.63,6-12 Months,Medium (10-20km),0-3 Days
52492,0,7.0,Computer,1,16.0,Debit Card,Male,2.0,1,Laptop & Accessory,1,Married,2,0,13.0,3.0,7.0,2.0,147.24,6-12 Months,Medium (10-20km),0-3 Days
52493,0,22.0,Mobile Phone,1,31.0,Debit Card,Female,2.0,3,Mobile Phone,5,Married,2,0,14.0,1.0,1.0,4.0,132.11,1-2 Years,Far (>20km),4-7 Days
52494,0,12.0,Mobile Phone,1,16.0,Credit Card,Male,3.0,3,Laptop & Accessory,5,Married,3,0,13.0,3.0,7.0,7.0,153.77,6-12 Months,Medium (10-20km),4-7 Days
52495,0,0.0,Mobile Phone,1,25.0,UPI,Male,3.0,4,Mobile Phone,5,Married,2,0,11.0,0.0,1.0,7.0,140.66,0-6 Months,Far (>20km),4-7 Days
52496,0,8.0,Mobile Phone,1,24.0,Debit Card,Male,2.0,1,Laptop & Accessory,5,Married,2,0,11.0,1.0,1.0,10.0,152.08,6-12 Months,Far (>20km),8-15 Days
52497,0,1.0,Mobile Phone,1,33.0,Credit Card,Female,2.0,5,Laptop & Accessory,5,Married,1,0,21.0,1.0,1.0,0.0,148.77,0-6 Months,Far (>20km),0-3 Days
52498,0,0.0,Mobile Phone,1,11.0,Credit Card,Male,3.0,3,Mobile Phone,1,Single,2,0,18.0,0.0,2.0,2.0,131.17,0-6 Months,Medium (10-20km),0-3 Days
52499,1,9.0,Computer,3,9.0,Credit Card,Female,3.0,3,Mobile Phone,1,Single,2,1,12.0,1.0,1.0,0.0,115.69,6-12 Months,Near (<10km),0-3 Days
52500,0,20.0,Mobile Phone,2,32.0,Debit Card,Female,3.0,3,Others,3,Married,4,0,15.0,1.0,1.0,0.0,296.58,1-2 Years,Far (>20km),0-3 Days
52501,0,12.0,Mobile Phone,1,9.0,Credit Card,Male,3.0,4,Laptop & Accessory,3,Married,1,0,15.0,0.0,1.0,7.0,130.69,6-12 Months,Near (<10km),4-7 Days
52502,0,13.0,Mobile Phone,1,21.0,Debit Card,Female,3.0,4,Fashion,3,Married,2,0,13.0,6.0,14.0,12.0,204.35,1-2 Years,Far (>20km),8-15 Days
52503,0,8.0,Computer,1,14.0,Debit Card,Female,2.0,3,Laptop & Accessory,3,Married,2,0,12.0,0.0,2.0,9.0,141.48,6-12 Months,Medium (10-20km),8-15 Days
52504,0,10.0,Mobile Phone,1,25.0,Debit Card,Male,2.0,3,Laptop & Accessory,3,Married,4,0,17.0,0.0,1.0,2.0,157.68,6-12 Months,Far (>20km),0-3 Days
52505,0,12.0,Computer,1,10.0,Credit Card,Female,2.0,3,Laptop & Accessory,3,Single,1,0,13.0,3.0,3.0,8.0,150.42,6-12 Months,Near (<10km),8-15 Days
52506,0,18.0,Mobile Phone,1,8.0,UPI,Female,2.0,4,Laptop & Accessory,1,Married,2,0,19.0,3.0,3.0,9.0,157.7,1-2 Years,Near (<10km),8-15 Days
52507,0,11.0,Mobile Phone,1,8.0,Credit Card,Female,2.0,4,Fashion,3,Married,4,1,19.0,0.0,1.0,2.0,177.56,6-12 Months,Near (<10km),0-3 Days
52508,1,0.0,Mobile Phone,3,16.0,Credit Card,Male,2.0,4,Fashion,5,Married,10,0,17.0,0.0,6.0,0.0,203.06,0-6 Months,Medium (10-20km),0-3 Days
52509,0,10.0,Mobile Phone,1,16.0,Credit Card,Female,3.0,3,Mobile Phone,4,Married,2,0,11.0,4.0,7.0,7.0,139.36,6-12 Months,Medium (10-20km),4-7 Days
52510,0,13.0,Mobile Phone,1,22.0,Debit Card,Female,2.0,3,Fashion,1,Single,7,1,15.0,3.0,3.0,3.0,179.45,1-2 Years,Far (>20km),0-3 Days
52511,0,17.0,Computer,2,7.0,UPI,Male,2.0,3,Laptop & Accessory,1,Married,5,1,11.0,1.0,1.0,2.0,157.43,1-2 Years,Near (<10km),0-3 Days
52512,0,21.0,Computer,1,10.0,Credit Card,Male,2.0,4,Grocery,1,Married,3,0,25.0,0.0,2.0,2.0,252.01999999999998,1-2 Years,Near (<10km),0-3 Days
52513,1,0.0,Mobile Phone,3,21.0,Credit Card,Male,2.0,5,Laptop & Accessory,1,Married,7,1,14.0,0.0,2.0,2.0,154.4,0-6 Months,Far (>20km),0-3 Days
52514,0,0.0,Computer,1,8.0,Cash on Delivery,Female,2.0,3,Mobile Phone,1,Single,2,1,13.0,0.0,1.0,3.0,137.6,0-6 Months,Near (<10km),0-3 Days
52515,0,0.0,Mobile Phone,1,14.0,Credit Card,Female,2.0,1,Mobile Phone,3,Married,8,0,17.0,0.0,1.0,2.0,135.17,0-6 Months,Medium (10-20km),0-3 Days
52516,0,0.0,Computer,1,14.0,Credit Card,Male,2.0,3,Mobile Phone,1,Single,3,0,13.0,0.0,1.0,2.0,125.80000000000001,0-6 Months,Medium (10-20km),0-3 Days
52517,1,9.0,Mobile Phone,1,13.0,Debit Card,Male,3.0,3,Mobile Phone,5,Single,4,1,14.0,0.0,1.0,3.0,121.66,6-12 Months,Medium (10-20km),0-3 Days
52518,0,2.0,Mobile Phone,3,16.0,Credit Card,Male,2.0,4,Laptop & Accessory,3,Single,10,0,11.0,1.0,1.0,4.0,158.69,0-6 Months,Medium (10-20km),4-7 Days
52519,0,9.0,Mobile Phone,1,11.0,Debit Card,Female,2.0,3,Fashion,5,Married,5,0,12.0,1.0,1.0,2.0,180.08,6-12 Months,Medium (10-20km),0-3 Days
52520,0,0.0,Computer,1,8.0,Debit Card,Male,3.0,1,Laptop & Accessory,3,Married,2,0,17.0,1.0,1.0,7.0,152.06,0-6 Months,Near (<10km),4-7 Days
52521,0,12.0,Mobile Phone,1,18.0,Credit Card,Male,3.0,3,Laptop & Accessory,4,Married,5,0,21.0,1.0,1.0,0.0,152.95,6-12 Months,Medium (10-20km),0-3 Days
52522,0,22.0,Mobile Phone,1,28.0,UPI,Female,3.0,3,Grocery,4,Married,4,0,16.0,1.0,1.0,2.0,264.13,1-2 Years,Far (>20km),0-3 Days
52523,0,23.0,Mobile Phone,1,23.0,Debit Card,Female,2.0,4,Fashion,5,Married,6,0,15.0,0.0,2.0,11.0,232.69,1-2 Years,Far (>20km),8-15 Days
52524,0,0.0,Mobile Phone,3,8.0,Credit Card,Female,3.0,3,Mobile Phone,3,Single,2,0,19.0,0.0,2.0,2.0,127.83000000000001,0-6 Months,Near (<10km),0-3 Days
52525,0,7.0,Mobile Phone,1,9.0,Debit Card,Female,3.0,3,Laptop & Accessory,4,Married,2,0,12.0,1.0,7.0,9.0,154.33,6-12 Months,Near (<10km),8-15 Days
52526,0,9.0,Mobile Phone,1,13.0,Debit Card,Male,3.0,3,Mobile Phone,4,Single,3,0,11.0,0.0,1.0,3.0,120.13,6-12 Months,Medium (10-20km),0-3 Days
52527,0,22.0,Mobile Phone,1,12.0,Debit Card,Female,2.0,4,Grocery,3,Married,3,1,19.0,2.0,2.0,12.0,239.66000000000003,1-2 Years,Medium (10-20km),8-15 Days
52528,0,9.0,Computer,1,7.0,Credit Card,Female,2.0,4,Laptop & Accessory,3,Married,1,0,15.0,0.0,1.0,2.0,143.74,6-12 Months,Near (<10km),0-3 Days
52529,0,9.0,Mobile Phone,1,9.0,Debit Card,Male,3.0,1,Laptop & Accessory,5,Married,7,0,20.0,0.0,1.0,4.0,168.42,6-12 Months,Near (<10km),4-7 Days
52530,0,27.0,Mobile Phone,1,28.0,Credit Card,Female,3.0,3,Grocery,3,Married,4,0,25.0,1.0,4.0,7.0,274.26,2+ Years,Far (>20km),4-7 Days
52531,0,16.0,Mobile Phone,1,21.0,Debit Card,Male,3.0,4,Grocery,3,Married,2,0,24.0,1.0,6.0,11.0,276.03,1-2 Years,Far (>20km),8-15 Days
52532,1,0.0,Computer,3,18.0,UPI,Male,2.0,3,Laptop & Accessory,1,Single,4,1,24.0,5.0,6.0,7.0,145.81,0-6 Months,Medium (10-20km),4-7 Days
52533,0,11.0,Computer,1,7.0,Debit Card,Male,2.0,3,Laptop & Accessory,1,Married,8,0,15.0,1.0,2.0,9.0,147.35,6-12 Months,Near (<10km),8-15 Days
52534,0,2.0,Mobile Phone,3,11.0,Credit Card,Male,2.0,4,Laptop & Accessory,4,Married,2,1,13.0,0.0,1.0,9.0,141.87,0-6 Months,Medium (10-20km),8-15 Days
52535,0,6.0,Mobile Phone,3,8.0,Credit Card,Male,3.0,3,Laptop & Accessory,1,Married,2,0,14.0,1.0,1.0,4.0,155.05,0-6 Months,Near (<10km),4-7 Days
52536,0,5.0,Mobile Phone,1,8.0,Credit Card,Male,2.0,3,Laptop & Accessory,4,Married,1,0,13.0,1.0,1.0,6.0,154.7,0-6 Months,Near (<10km),4-7 Days
52537,0,4.0,Mobile Phone,3,11.0,Debit Card,Female,3.0,3,Laptop & Accessory,1,Married,2,0,11.0,0.0,1.0,2.0,154.76,0-6 Months,Medium (10-20km),0-3 Days
52538,0,22.0,Mobile Phone,1,14.0,Credit Card,Female,3.0,3,Mobile Phone,5,Married,5,1,16.0,0.0,2.0,2.0,125.87,1-2 Years,Medium (10-20km),0-3 Days
52539,0,11.0,Computer,1,14.0,Credit Card,Female,2.0,4,Mobile Phone,4,Single,2,0,22.0,0.0,3.0,3.0,124.4,6-12 Months,Medium (10-20km),0-3 Days
52540,0,20.0,Mobile Phone,3,8.0,Debit Card,Female,2.0,1,Grocery,4,Married,7,0,14.0,1.0,2.0,2.0,259.72,1-2 Years,Near (<10km),0-3 Days
52541,0,22.0,Mobile Phone,1,7.0,Debit Card,Male,2.0,3,Grocery,3,Single,5,0,14.0,1.0,2.0,0.0,253.79000000000002,1-2 Years,Near (<10km),0-3 Days
52542,0,14.0,Mobile Phone,3,29.0,Debit Card,Male,3.0,3,Fashion,3,Single,4,1,16.0,0.0,1.0,2.0,170.82,1-2 Years,Far (>20km),0-3 Days
52543,0,0.0,Mobile Phone,3,15.0,Debit Card,Male,3.0,3,Mobile Phone,5,Single,2,0,11.0,0.0,1.0,2.0,127.28,0-6 Months,Medium (10-20km),0-3 Days
52544,0,6.0,Computer,3,22.0,Debit Card,Female,2.0,3,Laptop & Accessory,1,Married,2,1,25.0,0.0,1.0,2.0,153.68,0-6 Months,Far (>20km),0-3 Days
52545,0,9.0,Mobile Phone,1,32.0,Debit Card,Male,3.0,3,Laptop & Accessory,3,Married,7,0,14.0,1.0,1.0,2.0,153.47,6-12 Months,Far (>20km),0-3 Days
52546,0,17.0,Mobile Phone,2,7.0,Debit Card,Female,2.0,3,Mobile Phone,1,Married,5,1,18.0,2.0,2.0,2.0,131.95,1-2 Years,Near (<10km),0-3 Days
52547,1,0.0,Mobile Phone,1,14.0,Credit Card,Male,3.0,4,Mobile Phone,3,Single,2,1,11.0,1.0,1.0,2.0,139.89,0-6 Months,Medium (10-20km),0-3 Days
52548,0,11.0,Mobile Phone,1,10.0,Credit Card,Female,2.0,3,Mobile Phone,3,Married,8,0,19.0,0.0,1.0,0.0,133.06,6-12 Months,Near (<10km),0-3 Days
52549,0,26.0,Mobile Phone,1,30.0,Credit Card,Male,2.0,1,Fashion,1,Married,4,0,15.0,0.0,1.0,2.0,170.05,2+ Years,Far (>20km),0-3 Days
52550,1,11.0,Computer,3,14.0,Credit Card,Female,3.0,3,Mobile Phone,3,Married,3,1,11.0,1.0,7.0,7.0,126.55000000000001,6-12 Months,Medium (10-20km),4-7 Days
52551,1,9.0,Mobile Phone,1,8.0,Debit Card,Male,3.0,3,Mobile Phone,4,Single,2,0,12.0,0.0,1.0,0.0,113.93,6-12 Months,Near (<10km),0-3 Days
52552,0,0.0,Computer,1,14.0,Credit Card,Male,3.0,3,Mobile Phone,1,Single,2,0,20.0,0.0,5.0,7.0,125.69999999999999,0-6 Months,Medium (10-20km),4-7 Days
52553,0,28.0,Mobile Phone,1,28.0,Cash on Delivery,Male,3.0,4,Mobile Phone,4,Married,6,0,12.0,1.0,1.0,2.0,135.37,2+ Years,Far (>20km),0-3 Days
52554,0,7.0,Mobile Phone,1,11.0,Credit Card,Male,2.0,4,Laptop & Accessory,1,Married,2,0,14.0,0.0,4.0,13.0,139.86,6-12 Months,Medium (10-20km),8-15 Days
52555,0,30.0,Mobile Phone,1,7.0,Credit Card,Male,3.0,5,Fashion,1,Married,4,0,20.0,1.0,1.0,0.0,208.82999999999998,2+ Years,Near (<10km),0-3 Days
52556,0,9.0,Mobile Phone,1,27.0,Credit Card,Male,3.0,1,Mobile Phone,4,Married,2,0,18.0,0.0,2.0,13.0,120.28,6-12 Months,Far (>20km),8-15 Days
52557,0,10.0,Computer,3,7.0,Credit Card,Male,2.0,5,Laptop & Accessory,1,Married,2,0,14.0,1.0,1.0,3.0,195.25,6-12 Months,Near (<10km),0-3 Days
52558,0,7.0,Mobile Phone,1,25.0,Debit Card,Female,3.0,4,Mobile Phone,1,Married,2,0,12.0,1.0,8.0,7.0,129.29,6-12 Months,Far (>20km),4-7 Days
52559,1,9.0,Mobile Phone,3,13.0,Debit Card,Male,3.0,3,Mobile Phone,1,Married,2,1,21.0,1.0,1.0,2.0,122.75,6-12 Months,Medium (10-20km),0-3 Days
52560,0,17.0,Mobile Phone,1,8.0,Debit Card,Female,3.0,1,Fashion,1,Married,2,1,19.0,1.0,6.0,7.0,178.79,1-2 Years,Near (<10km),4-7 Days
52561,0,8.0,Computer,1,8.0,Credit Card,Male,3.0,4,Mobile Phone,1,Single,1,1,14.0,1.0,1.0,4.0,149.3,6-12 Months,Near (<10km),4-7 Days
52562,0,16.0,Mobile Phone,3,8.0,Credit Card,Male,3.0,3,Laptop & Accessory,1,Married,2,1,17.0,3.0,8.0,8.0,178.47,1-2 Years,Near (<10km),8-15 Days
52563,0,0.0,Mobile Phone,1,15.0,Credit Card,Male,3.0,1,Mobile Phone,3,Married,2,0,16.0,0.0,1.0,4.0,144.01,0-6 Months,Medium (10-20km),4-7 Days
52564,0,14.0,Mobile Phone,3,12.0,E Wallet,Male,2.0,3,Fashion,3,Single,2,0,12.0,3.0,8.0,7.0,192.41,1-2 Years,Medium (10-20km),4-7 Days
52565,0,2.0,Mobile Phone,1,15.0,Credit Card,Female,3.0,3,Mobile Phone,3,Married,10,0,17.0,0.0,1.0,2.0,129.74,0-6 Months,Medium (10-20km),0-3 Days
52566,0,9.0,Mobile Phone,3,8.0,Debit Card,Female,2.0,3,Laptop & Accessory,1,Single,4,0,15.0,6.0,6.0,7.0,145.02,6-12 Months,Near (<10km),4-7 Days
52567,0,18.0,Computer,1,7.0,Debit Card,Male,3.0,4,Fashion,3,Married,4,0,23.0,4.0,14.0,4.0,207.48000000000002,1-2 Years,Near (<10km),4-7 Days
52568,1,9.0,Mobile Phone,2,28.0,UPI,Male,2.0,5,Mobile Phone,3,Married,2,0,11.0,0.0,1.0,0.0,115.55000000000001,6-12 Months,Far (>20km),0-3 Days
52569,1,10.0,Computer,3,15.0,Debit Card,Male,2.0,5,Grocery,3,Married,8,0,11.0,6.0,14.0,3.0,229.36,6-12 Months,Medium (10-20km),0-3 Days
52570,0,9.0,Mobile Phone,1,23.0,Credit Card,Male,3.0,5,Mobile Phone,3,Married,2,0,15.0,1.0,1.0,2.0,123.05000000000001,6-12 Months,Far (>20km),0-3 Days
52571,0,18.0,Mobile Phone,1,34.0,Cash on Delivery,Female,2.0,4,Grocery,4,Single,2,0,11.0,1.0,8.0,6.0,267.04,1-2 Years,Far (>20km),4-7 Days
52572,0,5.0,Computer,1,16.0,Debit Card,Male,2.0,3,Mobile Phone,3,Married,7,0,13.0,0.0,1.0,3.0,134.33,0-6 Months,Medium (10-20km),0-3 Days
52573,0,4.0,Mobile Phone,1,8.0,Debit Card,Male,3.0,3,Mobile Phone,3,Married,2,0,14.0,1.0,1.0,3.0,134.77,0-6 Months,Near (<10km),0-3 Days
52574,0,14.0,Computer,2,10.0,UPI,Male,2.0,5,Laptop & Accessory,4,Married,7,0,19.0,0.0,1.0,2.0,164.3,1-2 Years,Near (<10km),0-3 Days
52575,0,13.0,Mobile Phone,1,14.0,Debit Card,Female,3.0,3,Laptop & Accessory,5,Married,3,1,16.0,1.0,1.0,0.0,165.16,1-2 Years,Medium (10-20km),0-3 Days
52576,0,0.0,Mobile Phone,1,35.0,Credit Card,Male,3.0,3,Mobile Phone,5,Married,2,0,13.0,1.0,1.0,2.0,139.07,0-6 Months,Far (>20km),0-3 Days
52577,0,19.0,Mobile Phone,1,19.0,Debit Card,Male,2.0,3,Laptop & Accessory,4,Single,7,0,14.0,1.0,1.0,9.0,155.62,1-2 Years,Medium (10-20km),8-15 Days
52578,0,8.0,Mobile Phone,1,33.0,Debit Card,Male,2.0,3,Laptop & Accessory,3,Married,3,0,16.0,1.0,1.0,7.0,168.83,6-12 Months,Far (>20km),4-7 Days
52579,0,3.0,Mobile Phone,1,22.0,Debit Card,Male,3.0,3,Mobile Phone,1,Married,2,0,12.0,0.0,1.0,8.0,128.62,0-6 Months,Far (>20km),8-15 Days
52580,0,20.0,Computer,3,8.0,E Wallet,Male,2.0,3,Laptop & Accessory,4,Married,8,0,11.0,0.0,1.0,0.0,149.78,1-2 Years,Near (<10km),0-3 Days
52581,0,19.0,Mobile Phone,3,8.0,Debit Card,Male,3.0,3,Fashion,1,Married,5,1,12.0,0.0,1.0,3.0,203.68,1-2 Years,Near (<10km),0-3 Days
52582,1,0.0,Mobile Phone,3,19.0,E Wallet,Male,3.0,4,Laptop & Accessory,5,Married,6,1,13.0,1.0,2.0,2.0,161.34,0-6 Months,Medium (10-20km),0-3 Days
52583,1,0.0,Mobile Phone,3,7.0,Debit Card,Male,2.0,5,Laptop & Accessory,4,Single,7,0,15.0,0.0,1.0,0.0,167.35,0-6 Months,Near (<10km),0-3 Days
52584,0,0.0,Mobile Phone,1,10.0,Credit Card,Female,2.0,3,Mobile Phone,4,Single,2,0,13.0,0.0,1.0,2.0,132.95,0-6 Months,Near (<10km),0-3 Days
52585,0,4.0,Computer,1,30.0,Cash on Delivery,Female,1.0,3,Laptop & Accessory,1,Single,3,0,20.0,0.0,1.0,4.0,152.38,0-6 Months,Far (>20km),4-7 Days
52586,0,12.0,Computer,1,7.0,Debit Card,Male,3.0,3,Laptop & Accessory,1,Married,2,1,15.0,0.0,5.0,8.0,164.72,6-12 Months,Near (<10km),8-15 Days
52587,0,5.0,Mobile Phone,3,25.0,Debit Card,Male,3.0,5,Fashion,3,Married,4,0,13.0,0.0,1.0,2.0,196.1,0-6 Months,Far (>20km),0-3 Days
52588,0,13.0,Mobile Phone,3,13.0,Credit Card,Male,2.0,3,Others,4,Single,2,0,15.0,12.0,12.0,8.0,298.33,1-2 Years,Medium (10-20km),8-15 Days
52589,0,18.0,Mobile Phone,2,10.0,Debit Card,Female,2.0,5,Fashion,3,Married,5,0,21.0,1.0,1.0,3.0,197.56,1-2 Years,Near (<10km),0-3 Days
52590,0,3.0,Computer,1,8.0,Cash on Delivery,Female,3.0,4,Mobile Phone,5,Single,1,0,16.0,0.0,1.0,7.0,149.68,0-6 Months,Near (<10km),4-7 Days
52591,0,9.0,Computer,2,16.0,Credit Card,Male,2.0,3,Mobile Phone,1,Married,1,0,14.0,0.0,2.0,1.0,121.44999999999999,6-12 Months,Medium (10-20km),0-3 Days
52592,1,9.0,Computer,2,14.0,UPI,Female,3.0,4,Mobile Phone,1,Married,7,0,11.0,1.0,1.0,2.0,121.80000000000001,6-12 Months,Medium (10-20km),0-3 Days
52593,0,4.0,Mobile Phone,3,11.0,Cash on Delivery,Male,2.0,3,Laptop & Accessory,3,Married,2,0,19.0,1.0,1.0,2.0,183.46,0-6 Months,Medium (10-20km),0-3 Days
52594,0,0.0,Mobile Phone,1,14.0,Credit Card,Female,3.0,3,Mobile Phone,1,Single,2,0,11.0,0.0,1.0,4.0,134.45,0-6 Months,Medium (10-20km),4-7 Days
52595,1,0.0,Mobile Phone,3,15.0,E Wallet,Female,3.0,5,Mobile Phone,4,Single,2,0,13.0,2.0,2.0,2.0,127.6,0-6 Months,Medium (10-20km),0-3 Days
52596,0,2.0,Computer,1,7.0,Debit Card,Male,3.0,1,Laptop & Accessory,3,Single,9,1,12.0,1.0,1.0,2.0,162.94,0-6 Months,Near (<10km),0-3 Days
52597,0,3.0,Mobile Phone,3,21.0,E Wallet,Male,3.0,4,Fashion,5,Married,3,0,11.0,1.0,1.0,7.0,171.4,0-6 Months,Far (>20km),4-7 Days
52598,0,7.0,Mobile Phone,1,8.0,Credit Card,Male,3.0,1,Mobile Phone,1,Married,1,1,14.0,1.0,1.0,2.0,129.32,6-12 Months,Near (<10km),0-3 Days
52599,0,6.0,Computer,3,8.0,E Wallet,Female,3.0,3,Laptop & Accessory,4,Single,9,0,15.0,1.0,1.0,7.0,151.47,0-6 Months,Near (<10km),4-7 Days
52600,0,22.0,Mobile Phone,3,17.0,E Wallet,Female,3.0,3,Laptop & Accessory,1,Single,4,0,12.0,0.0,1.0,4.0,145.07,1-2 Years,Medium (10-20km),4-7 Days
52601,1,0.0,Mobile Phone,3,22.0,Debit Card,Female,3.0,3,Fashion,5,Single,3,1,20.0,1.0,1.0,0.0,185.64,0-6 Months,Far (>20km),0-3 Days
52602,0,11.0,Computer,1,14.0,Credit Card,Female,3.0,4,Mobile Phone,4,Married,5,0,14.0,0.0,1.0,5.0,124.68,6-12 Months,Medium (10-20km),4-7 Days
52603,1,0.0,Mobile Phone,3,22.0,E Wallet,Male,3.0,3,Fashion,3,Married,3,0,13.0,0.0,1.0,0.0,181.61,0-6 Months,Far (>20km),0-3 Days
52604,0,9.0,Mobile Phone,1,10.0,Cash on Delivery,Female,3.0,4,Mobile Phone,5,Married,2,0,13.0,0.0,1.0,0.0,121.09,6-12 Months,Near (<10km),0-3 Days
52605,0,3.0,Mobile Phone,1,22.0,Debit Card,Male,2.0,1,Laptop & Accessory,3,Married,4,0,16.0,1.0,1.0,7.0,152.94,0-6 Months,Far (>20km),4-7 Days
52606,0,5.0,Computer,1,11.0,Cash on Delivery,Male,3.0,3,Mobile Phone,4,Single,3,0,14.0,1.0,1.0,7.0,127.18,0-6 Months,Medium (10-20km),4-7 Days
52607,0,11.0,Mobile Phone,1,24.0,Credit Card,Male,2.0,5,Laptop & Accessory,1,Married,4,1,16.0,0.0,1.0,0.0,158.11,6-12 Months,Far (>20km),0-3 Days
52608,1,6.0,Computer,1,14.0,Cash on Delivery,Male,2.0,4,Mobile Phone,3,Married,10,1,16.0,1.0,1.0,0.0,124.37,0-6 Months,Medium (10-20km),0-3 Days
52609,0,15.0,Mobile Phone,1,18.0,Credit Card,Male,3.0,3,Mobile Phone,4,Married,9,0,22.0,1.0,1.0,4.0,127.66,1-2 Years,Medium (10-20km),4-7 Days
52610,0,28.0,Mobile Phone,1,8.0,Credit Card,Male,2.0,4,Others,5,Married,9,0,12.0,1.0,1.0,0.0,290.38,2+ Years,Near (<10km),0-3 Days
52611,0,6.0,Computer,1,10.0,Cash on Delivery,Male,3.0,3,Laptop & Accessory,4,Married,6,0,15.0,0.0,1.0,7.0,130.55,0-6 Months,Near (<10km),4-7 Days
52612,0,9.0,Mobile Phone,1,15.0,Debit Card,Male,3.0,3,Mobile Phone,5,Married,2,0,20.0,0.0,1.0,4.0,122.88999999999999,6-12 Months,Medium (10-20km),4-7 Days
52613,0,7.0,Computer,3,16.0,Debit Card,Male,2.0,3,Laptop & Accessory,3,Married,2,1,14.0,1.0,1.0,7.0,140.01,6-12 Months,Medium (10-20km),4-7 Days
52614,0,26.0,Computer,1,7.0,Credit Card,Female,2.0,4,Grocery,3,Married,5,1,20.0,1.0,1.0,3.0,229.64999999999998,2+ Years,Near (<10km),0-3 Days
52615,0,16.0,Mobile Phone,2,8.0,Debit Card,Male,3.0,3,Mobile Phone,1,Single,1,0,13.0,1.0,1.0,8.0,135.39,1-2 Years,Near (<10km),8-15 Days
52616,0,7.0,Mobile Phone,3,9.0,Debit Card,Female,2.0,5,Laptop & Accessory,1,Single,6,0,12.0,2.0,2.0,2.0,160.29,6-12 Months,Near (<10km),0-3 Days
52617,1,0.0,Mobile Phone,3,13.0,E Wallet,Male,3.0,3,Mobile Phone,4,Single,2,0,13.0,0.0,1.0,0.0,126.78999999999999,0-6 Months,Medium (10-20km),0-3 Days
52618,0,11.0,Mobile Phone,1,12.0,UPI,Female,2.0,4,Mobile Phone,3,Married,2,0,11.0,1.0,1.0,4.0,137.02,6-12 Months,Medium (10-20km),4-7 Days
52619,1,0.0,Mobile Phone,1,14.0,Credit Card,Female,3.0,3,Mobile Phone,5,Married,2,1,17.0,0.0,1.0,0.0,123.97999999999999,0-6 Months,Medium (10-20km),0-3 Days
52620,0,4.0,Mobile Phone,3,35.0,E Wallet,Female,3.0,4,Laptop & Accessory,1,Married,2,0,14.0,0.0,5.0,7.0,154.68,0-6 Months,Far (>20km),4-7 Days
52621,0,24.0,Mobile Phone,1,9.0,Cash on Delivery,Female,2.0,3,Fashion,3,Married,3,0,11.0,2.0,2.0,3.0,231.16000000000003,1-2 Years,Near (<10km),0-3 Days
52622,0,10.0,Mobile Phone,3,15.0,E Wallet,Male,2.0,4,Laptop & Accessory,4,Married,2,0,14.0,1.0,1.0,3.0,141.89,6-12 Months,Medium (10-20km),0-3 Days
52623,0,19.0,Mobile Phone,1,8.0,Credit Card,Male,2.0,3,Others,1,Married,8,1,15.0,2.0,2.0,2.0,293.28,1-2 Years,Near (<10km),0-3 Days
52624,0,9.0,Mobile Phone,1,16.0,Debit Card,Male,2.0,3,Fashion,5,Married,8,1,13.0,2.0,5.0,7.0,183.21,6-12 Months,Medium (10-20km),4-7 Days
52625,1,7.0,Computer,1,14.0,Credit Card,Male,3.0,3,Mobile Phone,4,Married,2,1,12.0,2.0,2.0,3.0,123.41999999999999,6-12 Months,Medium (10-20km),0-3 Days
52626,0,10.0,Mobile Phone,2,14.0,UPI,Male,2.0,3,Laptop & Accessory,4,Married,3,0,13.0,3.0,4.0,7.0,140.71,6-12 Months,Medium (10-20km),4-7 Days
52627,1,0.0,Mobile Phone,3,33.0,Debit Card,Male,2.0,3,Laptop & Accessory,1,Single,2,1,18.0,3.0,7.0,7.0,158.13,0-6 Months,Far (>20km),4-7 Days
52628,0,6.0,Mobile Phone,1,14.0,Debit Card,Male,3.0,1,Mobile Phone,5,Married,7,0,19.0,3.0,7.0,6.0,131.43,0-6 Months,Medium (10-20km),4-7 Days
52629,0,9.0,Mobile Phone,1,7.0,Debit Card,Male,2.0,3,Mobile Phone,1,Married,2,0,11.0,0.0,1.0,3.0,120.44,6-12 Months,Near (<10km),0-3 Days
52630,0,12.0,Mobile Phone,1,16.0,Credit Card,Male,3.0,3,Fashion,3,Single,8,0,21.0,2.0,2.0,2.0,234.64,6-12 Months,Medium (10-20km),0-3 Days
52631,0,19.0,Computer,3,32.0,Debit Card,Male,3.0,4,Laptop & Accessory,4,Single,9,0,15.0,1.0,2.0,2.0,179.91,1-2 Years,Far (>20km),0-3 Days
52632,0,13.0,Mobile Phone,1,8.0,Debit Card,Female,3.0,3,Mobile Phone,5,Married,5,0,17.0,1.0,1.0,2.0,133.77,1-2 Years,Near (<10km),0-3 Days
52633,0,15.0,Mobile Phone,1,19.0,Credit Card,Male,3.0,1,Laptop & Accessory,5,Married,6,0,18.0,1.0,1.0,0.0,155.38,1-2 Years,Medium (10-20km),0-3 Days
52634,0,8.0,Computer,1,8.0,Credit Card,Male,2.0,3,Laptop & Accessory,1,Married,3,0,14.0,1.0,1.0,7.0,157.62,6-12 Months,Near (<10km),4-7 Days
52635,0,11.0,Computer,2,14.0,UPI,Male,3.0,3,Mobile Phone,4,Married,6,0,13.0,2.0,3.0,8.0,125.91999999999999,6-12 Months,Medium (10-20km),8-15 Days
52636,1,0.0,Computer,1,15.0,Debit Card,Male,3.0,3,Laptop & Accessory,5,Married,5,0,17.0,0.0,1.0,7.0,153.46,0-6 Months,Medium (10-20km),4-7 Days
52637,1,0.0,Mobile Phone,1,16.0,Credit Card,Male,2.0,3,Laptop & Accessory,5,Single,2,0,15.0,0.0,1.0,8.0,142.13,0-6 Months,Medium (10-20km),8-15 Days
52638,0,12.0,Computer,3,26.0,Debit Card,Male,2.0,3,Laptop & Accessory,1,Married,3,0,18.0,1.0,2.0,2.0,141.27,6-12 Months,Far (>20km),0-3 Days
52639,0,16.0,Computer,1,14.0,Debit Card,Male,2.0,3,Mobile Phone,3,Single,5,0,13.0,1.0,1.0,2.0,124.38,1-2 Years,Medium (10-20km),0-3 Days
52640,0,14.0,Mobile Phone,1,11.0,Debit Card,Male,2.0,1,Laptop & Accessory,4,Single,4,0,12.0,0.0,1.0,2.0,168.7,1-2 Years,Medium (10-20km),0-3 Days
52641,0,14.0,Mobile Phone,3,10.0,E Wallet,Female,2.0,3,Fashion,3,Married,1,1,13.0,5.0,13.0,5.0,204.47,1-2 Years,Near (<10km),4-7 Days
52642,0,3.0,Mobile Phone,1,16.0,Credit Card,Female,3.0,3,Fashion,3,Single,10,0,14.0,0.0,1.0,2.0,196.67,0-6 Months,Medium (10-20km),0-3 Days
52643,1,9.0,Mobile Phone,2,26.0,Credit Card,Female,3.0,3,Mobile Phone,4,Married,1,1,11.0,0.0,1.0,4.0,121.47999999999999,6-12 Months,Far (>20km),4-7 Days
52644,1,9.0,Mobile Phone,1,27.0,Credit Card,Female,3.0,3,Laptop & Accessory,4,Married,5,0,22.0,3.0,3.0,7.0,189.26,6-12 Months,Far (>20km),4-7 Days
52645,0,13.0,Mobile Phone,1,7.0,Debit Card,Female,2.0,3,Laptop & Accessory,1,Married,5,0,17.0,0.0,1.0,3.0,165.13,1-2 Years,Near (<10km),0-3 Days
52646,0,7.0,Mobile Phone,3,14.0,Cash on Delivery,Male,3.0,1,Laptop & Accessory,3,Married,2,0,21.0,2.0,4.0,8.0,167.99,6-12 Months,Medium (10-20km),8-15 Days
52647,0,30.0,Computer,3,8.0,Credit Card,Male,2.0,3,Grocery,4,Married,5,0,22.0,1.0,14.0,14.0,262.91,2+ Years,Near (<10km),8-15 Days
52648,0,8.0,Mobile Phone,1,29.0,Credit Card,Male,3.0,5,Mobile Phone,3,Married,1,0,16.0,0.0,1.0,3.0,127.05000000000001,6-12 Months,Far (>20km),0-3 Days
52649,0,20.0,Mobile Phone,1,10.0,Debit Card,Female,3.0,4,Fashion,4,Married,9,1,12.0,5.0,14.0,10.0,203.33,1-2 Years,Near (<10km),8-15 Days
52650,0,13.0,Mobile Phone,1,18.0,Debit Card,Female,2.0,3,Laptop & Accessory,5,Married,3,0,12.0,1.0,7.0,7.0,144.48,1-2 Years,Medium (10-20km),4-7 Days
52651,0,27.0,Mobile Phone,1,13.0,Credit Card,Female,3.0,3,Laptop & Accessory,1,Married,5,0,15.0,1.0,1.0,7.0,168.54,2+ Years,Medium (10-20km),4-7 Days
52652,0,4.0,Computer,3,13.0,E Wallet,Female,3.0,3,Fashion,5,Married,3,0,14.0,2.0,2.0,2.0,196.37,0-6 Months,Medium (10-20km),0-3 Days
52653,0,1.0,Mobile Phone,1,7.0,Credit Card,Female,3.0,3,Mobile Phone,5,Married,2,0,25.0,1.0,1.0,2.0,135.91,0-6 Months,Near (<10km),0-3 Days
52654,0,11.0,Mobile Phone,3,8.0,E Wallet,Female,3.0,5,Laptop & Accessory,1,Married,3,1,20.0,0.0,1.0,3.0,154.05,6-12 Months,Near (<10km),0-3 Days
52655,0,0.0,Mobile Phone,3,16.0,Credit Card,Male,2.0,3,Laptop & Accessory,1,Single,2,0,13.0,1.0,1.0,2.0,146.84,0-6 Months,Medium (10-20km),0-3 Days
52656,0,30.0,Computer,1,21.0,Debit Card,Male,2.0,3,Grocery,3,Married,3,1,14.0,2.0,2.0,2.0,257.87,2+ Years,Far (>20km),0-3 Days
52657,0,9.0,Computer,1,20.0,Credit Card,Female,2.0,3,Mobile Phone,3,Single,2,0,16.0,1.0,1.0,0.0,115.13999999999999,6-12 Months,Medium (10-20km),0-3 Days
52658,1,0.0,Mobile Phone,2,24.0,UPI,Male,3.0,1,Mobile Phone,5,Married,1,0,17.0,1.0,1.0,0.0,129.56,0-6 Months,Far (>20km),0-3 Days
52659,1,0.0,Mobile Phone,2,14.0,UPI,Male,2.0,4,Mobile Phone,5,Married,5,1,15.0,2.0,2.0,0.0,123.35,0-6 Months,Medium (10-20km),0-3 Days
52660,0,18.0,Computer,3,8.0,Debit Card,Female,3.0,3,Laptop & Accessory,3,Married,5,0,22.0,3.0,5.0,7.0,151.54,1-2 Years,Near (<10km),4-7 Days
52661,0,9.0,Mobile Phone,1,8.0,UPI,Female,3.0,3,Laptop & Accessory,4,Married,5,1,22.0,1.0,1.0,0.0,169.62,6-12 Months,Near (<10km),0-3 Days
52662,0,16.0,Computer,3,8.0,Debit Card,Male,3.0,3,Laptop & Accessory,1,Married,2,0,20.0,7.0,7.0,7.0,156.75,1-2 Years,Near (<10km),4-7 Days
52663,0,0.0,Computer,1,14.0,Debit Card,Female,2.0,3,Mobile Phone,1,Single,1,1,14.0,1.0,1.0,2.0,123.78999999999999,0-6 Months,Medium (10-20km),0-3 Days
52664,0,2.0,Computer,1,26.0,Credit Card,Male,2.0,3,Mobile Phone,1,Married,2,0,13.0,1.0,3.0,10.0,138.12,0-6 Months,Far (>20km),8-15 Days
52665,0,5.0,Computer,3,16.0,E Wallet,Male,3.0,3,Laptop & Accessory,1,Single,9,0,13.0,0.0,1.0,0.0,146.48,0-6 Months,Medium (10-20km),0-3 Days
52666,0,15.0,Computer,1,16.0,Cash on Delivery,Male,3.0,3,Mobile Phone,3,Married,4,0,22.0,3.0,3.0,3.0,129.36,1-2 Years,Medium (10-20km),0-3 Days
52667,0,9.0,Mobile Phone,1,15.0,Debit Card,Female,3.0,3,Mobile Phone,3,Single,5,0,12.0,0.0,2.0,0.0,121.05000000000001,6-12 Months,Medium (10-20km),0-3 Days
52668,0,19.0,Mobile Phone,1,8.0,Debit Card,Male,2.0,3,Fashion,1,Married,4,0,14.0,0.0,4.0,7.0,185.78,1-2 Years,Near (<10km),4-7 Days
52669,0,1.0,Computer,2,7.0,Debit Card,Male,3.0,3,Mobile Phone,1,Married,2,0,15.0,1.0,2.0,2.0,127.06,0-6 Months,Near (<10km),0-3 Days
52670,0,2.0,Mobile Phone,1,35.0,Debit Card,Male,3.0,5,Laptop & Accessory,3,Married,9,0,17.0,0.0,1.0,6.0,163.84,0-6 Months,Far (>20km),4-7 Days
52671,0,15.0,Mobile Phone,1,14.0,Debit Card,Male,2.0,3,Mobile Phone,3,Single,5,0,13.0,1.0,1.0,0.0,139.68,1-2 Years,Medium (10-20km),0-3 Days
52672,1,0.0,Mobile Phone,3,8.0,E Wallet,Male,2.0,4,Laptop & Accessory,4,Single,8,1,12.0,1.0,2.0,2.0,199.07,0-6 Months,Near (<10km),0-3 Days
52673,0,19.0,Mobile Phone,3,9.0,Cash on Delivery,Female,2.0,1,Grocery,5,Married,3,0,12.0,2.0,2.0,8.0,232.25,1-2 Years,Near (<10km),8-15 Days
52674,0,0.0,Mobile Phone,3,29.0,Credit Card,Female,2.0,4,Laptop & Accessory,3,Married,2,0,21.0,3.0,5.0,8.0,135.4,0-6 Months,Far (>20km),8-15 Days
52675,0,2.0,Mobile Phone,2,12.0,Credit Card,Male,3.0,4,Mobile Phone,4,Married,2,0,11.0,1.0,1.0,0.0,128.04,0-6 Months,Medium (10-20km),0-3 Days
52676,0,16.0,Mobile Phone,1,12.0,Credit Card,Female,2.0,4,Others,3,Married,8,0,15.0,6.0,6.0,14.0,293.92,1-2 Years,Medium (10-20km),8-15 Days
52677,0,21.0,Mobile Phone,1,16.0,Debit Card,Male,3.0,4,Others,4,Married,5,0,15.0,3.0,12.0,9.0,296.65,1-2 Years,Medium (10-20km),8-15 Days
52678,1,0.0,Computer,1,14.0,Debit Card,Male,3.0,4,Mobile Phone,1,Single,2,1,24.0,1.0,1.0,0.0,124.38999999999999,0-6 Months,Medium (10-20km),0-3 Days
52679,1,9.0,Mobile Phone,3,16.0,Debit Card,Female,3.0,3,Fashion,4,Married,6,0,21.0,1.0,1.0,7.0,173.14,6-12 Months,Medium (10-20km),4-7 Days
52680,0,0.0,Computer,1,21.0,Debit Card,Female,3.0,4,Mobile Phone,5,Married,1,0,19.0,0.0,7.0,3.0,147.74,0-6 Months,Far (>20km),0-3 Days
52681,0,12.0,Mobile Phone,1,25.0,UPI,Male,2.0,3,Laptop & Accessory,1,Married,9,0,14.0,0.0,2.0,2.0,139.02,6-12 Months,Far (>20km),0-3 Days
52682,0,28.0,Mobile Phone,1,8.0,Cash on Delivery,Male,3.0,4,Mobile Phone,1,Married,9,0,20.0,1.0,1.0,4.0,126.62,2+ Years,Near (<10km),4-7 Days
52683,0,1.0,Mobile Phone,3,9.0,Credit Card,Female,3.0,3,Mobile Phone,4,Married,2,0,19.0,1.0,1.0,0.0,128.56,0-6 Months,Near (<10km),0-3 Days
52684,1,0.0,Mobile Phone,3,15.0,Credit Card,Male,2.0,3,Mobile Phone,1,Single,2,0,13.0,0.0,1.0,0.0,110.81,0-6 Months,Medium (10-20km),0-3 Days
52685,1,0.0,Mobile Phone,1,14.0,Debit Card,Male,3.0,3,Mobile Phone,4,Single,2,1,23.0,1.0,1.0,0.0,124.72,0-6 Months,Medium (10-20km),0-3 Days
52686,0,9.0,Mobile Phone,3,16.0,Cash on Delivery,Female,3.0,4,Laptop & Accessory,3,Married,2,1,13.0,0.0,1.0,7.0,156.73,6-12 Months,Medium (10-20km),4-7 Days
52687,0,4.0,Mobile Phone,1,26.0,Debit Card,Male,2.0,3,Laptop & Accessory,3,Married,2,0,11.0,0.0,1.0,2.0,141.97,0-6 Months,Far (>20km),0-3 Days
52688,0,7.0,Mobile Phone,3,10.0,Debit Card,Male,3.0,3,Fashion,1,Married,3,1,13.0,0.0,1.0,0.0,197.13,6-12 Months,Near (<10km),0-3 Days
52689,0,9.0,Mobile Phone,1,13.0,Debit Card,Male,2.0,3,Mobile Phone,5,Single,4,0,14.0,0.0,1.0,2.0,120.62,6-12 Months,Medium (10-20km),0-3 Days
52690,0,10.0,Mobile Phone,1,13.0,Credit Card,Male,3.0,3,Laptop & Accessory,5,Married,6,1,22.0,0.0,1.0,4.0,142.84,6-12 Months,Medium (10-20km),4-7 Days
52691,0,8.0,Mobile Phone,1,22.0,UPI,Female,2.0,4,Laptop & Accessory,4,Married,1,1,11.0,0.0,1.0,2.0,147.88,6-12 Months,Far (>20km),0-3 Days
52692,0,18.0,Mobile Phone,1,31.0,Debit Card,Female,3.0,4,Laptop & Accessory,1,Married,1,0,13.0,0.0,3.0,8.0,159.06,1-2 Years,Far (>20km),8-15 Days
52693,0,9.0,Computer,2,8.0,UPI,Male,3.0,4,Laptop & Accessory,1,Single,2,0,21.0,1.0,1.0,8.0,138.86,6-12 Months,Near (<10km),8-15 Days
52694,0,13.0,Mobile Phone,1,7.0,Debit Card,Male,3.0,3,Grocery,5,Married,3,0,11.0,1.0,11.0,16.0,268.23,1-2 Years,Near (<10km),15+ Days
52695,0,0.0,Mobile Phone,1,7.0,Debit Card,Female,3.0,4,Mobile Phone,3,Married,2,1,13.0,0.0,1.0,0.0,129.33,0-6 Months,Near (<10km),0-3 Days
52696,0,0.0,Mobile Phone,3,8.0,Credit Card,Female,2.0,1,Laptop & Accessory,3,Single,1,0,14.0,0.0,1.0,7.0,165.0,0-6 Months,Near (<10km),4-7 Days
52697,0,21.0,Computer,1,28.0,Credit Card,Female,2.0,3,Grocery,1,Married,4,0,11.0,1.0,4.0,7.0,271.74,1-2 Years,Far (>20km),4-7 Days
52698,0,17.0,Mobile Phone,1,7.0,Debit Card,Male,3.0,1,Laptop & Accessory,5,Married,3,0,15.0,1.0,2.0,2.0,150.33,1-2 Years,Near (<10km),0-3 Days
52699,1,9.0,Computer,1,22.0,Cash on Delivery,Male,2.0,5,Mobile Phone,5,Married,2,1,23.0,0.0,3.0,0.0,123.07,6-12 Months,Far (>20km),0-3 Days
52700,1,19.0,Mobile Phone,1,14.0,Debit Card,Male,3.0,3,Mobile Phone,1,Single,2,0,16.0,0.0,1.0,0.0,125.87,1-2 Years,Medium (10-20km),0-3 Days
52701,0,9.0,Mobile Phone,3,23.0,E Wallet,Male,2.0,4,Laptop & Accessory,4,Married,3,0,16.0,1.0,1.0,3.0,155.07,6-12 Months,Far (>20km),0-3 Days
52702,0,14.0,Mobile Phone,3,14.0,E Wallet,Female,2.0,3,Laptop & Accessory,4,Married,6,0,21.0,0.0,1.0,4.0,143.93,1-2 Years,Medium (10-20km),4-7 Days
52703,0,15.0,Mobile Phone,1,12.0,Credit Card,Male,2.0,3,Fashion,5,Married,10,0,13.0,5.0,2.0,7.0,233.48000000000002,1-2 Years,Medium (10-20km),4-7 Days
52704,0,4.0,Mobile Phone,3,16.0,Credit Card,Female,2.0,3,Laptop & Accessory,1,Married,3,1,11.0,1.0,1.0,4.0,165.83,0-6 Months,Medium (10-20km),4-7 Days
52705,0,7.0,Mobile Phone,3,9.0,Credit Card,Female,3.0,4,Laptop & Accessory,1,Married,4,1,12.0,0.0,1.0,1.0,181.03,6-12 Months,Near (<10km),0-3 Days
52706,0,4.0,Mobile Phone,1,10.0,Credit Card,Female,3.0,1,Mobile Phone,3,Married,9,0,12.0,1.0,2.0,2.0,139.78,0-6 Months,Near (<10km),0-3 Days
52707,0,0.0,Computer,1,14.0,UPI,Male,3.0,1,Mobile Phone,1,Married,1,0,18.0,2.0,7.0,7.0,125.44,0-6 Months,Medium (10-20km),4-7 Days
52708,0,18.0,Computer,1,7.0,Credit Card,Male,2.0,3,Laptop & Accessory,3,Single,5,0,12.0,0.0,1.0,3.0,153.99,1-2 Years,Near (<10km),0-3 Days
52709,0,6.0,Mobile Phone,3,16.0,E Wallet,Male,2.0,3,Laptop & Accessory,3,Single,2,0,14.0,0.0,1.0,9.0,154.87,0-6 Months,Medium (10-20km),8-15 Days
52710,0,1.0,Computer,3,7.0,Debit Card,Male,2.0,4,Laptop & Accessory,1,Married,2,1,12.0,1.0,1.0,7.0,168.34,0-6 Months,Near (<10km),4-7 Days
52711,1,0.0,Computer,3,30.0,Cash on Delivery,Male,2.0,1,Mobile Phone,5,Single,2,0,17.0,0.0,1.0,0.0,110.91,0-6 Months,Far (>20km),0-3 Days
52712,0,12.0,Computer,3,27.0,Debit Card,Female,2.0,5,Laptop & Accessory,3,Married,7,0,19.0,0.0,1.0,2.0,157.36,6-12 Months,Far (>20km),0-3 Days
52713,0,9.0,Mobile Phone,1,8.0,Cash on Delivery,Male,2.0,3,Mobile Phone,4,Married,2,0,11.0,0.0,1.0,2.0,122.25999999999999,6-12 Months,Near (<10km),0-3 Days
52714,0,7.0,Computer,1,28.0,UPI,Male,2.0,4,Laptop & Accessory,1,Married,2,1,15.0,3.0,6.0,11.0,157.47,6-12 Months,Far (>20km),8-15 Days
52715,1,0.0,Mobile Phone,3,19.0,E Wallet,Female,2.0,3,Laptop & Accessory,3,Single,4,1,11.0,0.0,2.0,2.0,198.54,0-6 Months,Medium (10-20km),0-3 Days
52716,0,20.0,Computer,1,20.0,Cash on Delivery,Male,3.0,3,Laptop & Accessory,4,Married,9,0,18.0,0.0,1.0,7.0,154.67,1-2 Years,Medium (10-20km),4-7 Days
52717,0,29.0,Mobile Phone,3,17.0,E Wallet,Female,2.0,4,Laptop & Accessory,5,Married,5,0,16.0,0.0,1.0,0.0,153.8,2+ Years,Medium (10-20km),0-3 Days
52718,0,12.0,Mobile Phone,1,15.0,Credit Card,Male,2.0,3,Laptop & Accessory,5,Married,2,0,25.0,0.0,7.0,9.0,151.51,6-12 Months,Medium (10-20km),8-15 Days
52719,0,9.0,Computer,1,14.0,Credit Card,Female,2.0,4,Laptop & Accessory,4,Married,2,1,16.0,1.0,1.0,7.0,121.33000000000001,6-12 Months,Medium (10-20km),4-7 Days
52720,0,60.0,Mobile Phone,3,27.0,Debit Card,Female,3.0,3,Grocery,1,Married,5,1,13.0,1.0,1.0,0.0,278.75,2+ Years,Far (>20km),0-3 Days
52721,1,0.0,Computer,1,14.0,Debit Card,Female,2.0,1,Mobile Phone,3,Single,4,1,14.0,0.0,1.0,3.0,124.32,0-6 Months,Medium (10-20km),0-3 Days
52722,0,11.0,Mobile Phone,1,15.0,Debit Card,Male,3.0,3,Mobile Phone,1,Married,3,0,19.0,0.0,1.0,3.0,147.71,6-12 Months,Medium (10-20km),0-3 Days
52723,0,22.0,Computer,1,8.0,Debit Card,Male,2.0,3,Others,1,Married,4,0,15.0,1.0,4.0,3.0,291.61,1-2 Years,Near (<10km),0-3 Days
52724,0,15.0,Mobile Phone,3,18.0,E Wallet,Male,3.0,3,Laptop & Accessory,1,Married,4,1,12.0,1.0,1.0,0.0,150.87,1-2 Years,Medium (10-20km),0-3 Days
52725,1,0.0,Computer,2,28.0,UPI,Female,3.0,4,Mobile Phone,4,Married,2,0,12.0,1.0,1.0,0.0,128.63,0-6 Months,Far (>20km),0-3 Days
52726,0,8.0,Mobile Phone,3,24.0,Credit Card,Male,3.0,3,Laptop & Accessory,5,Married,1,0,16.0,1.0,1.0,4.0,155.61,6-12 Months,Far (>20km),4-7 Days
52727,0,9.0,Computer,1,22.0,Credit Card,Male,2.0,3,Mobile Phone,3,Single,2,0,14.0,0.0,1.0,4.0,121.44,6-12 Months,Far (>20km),4-7 Days
52728,0,4.0,Computer,1,9.0,Credit Card,Male,3.0,3,Mobile Phone,5,Married,2,1,13.0,2.0,2.0,3.0,130.65,0-6 Months,Near (<10km),0-3 Days
52729,0,9.0,Computer,1,15.0,Debit Card,Male,3.0,1,Mobile Phone,4,Married,2,0,22.0,1.0,1.0,2.0,128.1,6-12 Months,Medium (10-20km),0-3 Days
52730,0,7.0,Mobile Phone,3,7.0,E Wallet,Male,2.0,3,Fashion,1,Single,2,0,21.0,2.0,2.0,1.0,198.88,6-12 Months,Near (<10km),0-3 Days
52731,0,7.0,Mobile Phone,3,19.0,Credit Card,Male,2.0,3,Fashion,3,Married,2,0,18.0,0.0,1.0,1.0,186.28,6-12 Months,Medium (10-20km),0-3 Days
52732,0,0.0,Mobile Phone,1,7.0,Credit Card,Male,3.0,3,Mobile Phone,5,Single,1,0,13.0,7.0,7.0,6.0,128.67,0-6 Months,Near (<10km),4-7 Days
52733,0,2.0,Mobile Phone,1,7.0,Debit Card,Male,2.0,3,Laptop & Accessory,5,Married,1,0,12.0,0.0,1.0,2.0,153.73,0-6 Months,Near (<10km),0-3 Days
52734,0,5.0,Computer,1,21.0,Credit Card,Female,2.0,3,Laptop & Accessory,1,Married,6,0,18.0,0.0,1.0,2.0,166.67,0-6 Months,Far (>20km),0-3 Days
52735,0,4.0,Computer,1,7.0,Debit Card,Male,2.0,5,Laptop & Accessory,5,Married,2,0,21.0,6.0,8.0,7.0,150.03,0-6 Months,Near (<10km),4-7 Days
52736,1,0.0,Mobile Phone,1,14.0,Cash on Delivery,Male,2.0,4,Mobile Phone,1,Married,6,0,12.0,1.0,1.0,3.0,123.66999999999999,0-6 Months,Medium (10-20km),0-3 Days
52737,0,11.0,Mobile Phone,3,7.0,Debit Card,Male,3.0,4,Mobile Phone,5,Single,5,0,14.0,1.0,1.0,0.0,128.58,6-12 Months,Near (<10km),0-3 Days
52738,0,8.0,Mobile Phone,3,13.0,Debit Card,Female,2.0,3,Laptop & Accessory,1,Married,2,1,11.0,1.0,1.0,9.0,152.04,6-12 Months,Medium (10-20km),8-15 Days
52739,0,0.0,Mobile Phone,3,15.0,E Wallet,Male,2.0,3,Laptop & Accessory,1,Single,2,0,14.0,1.0,1.0,7.0,141.05,0-6 Months,Medium (10-20km),4-7 Days
52740,0,5.0,Mobile Phone,1,11.0,Debit Card,Male,2.0,4,Laptop & Accessory,1,Single,9,0,24.0,1.0,1.0,0.0,196.79,0-6 Months,Medium (10-20km),0-3 Days
52741,1,0.0,Computer,3,32.0,E Wallet,Male,3.0,3,Laptop & Accessory,1,Married,2,1,11.0,0.0,1.0,8.0,156.17,0-6 Months,Far (>20km),8-15 Days
52742,1,16.0,Mobile Phone,3,30.0,Debit Card,Male,3.0,3,Fashion,5,Single,7,1,13.0,0.0,2.0,2.0,204.48,1-2 Years,Far (>20km),0-3 Days
52743,0,27.0,Mobile Phone,1,15.0,Debit Card,Female,3.0,3,Laptop & Accessory,3,Married,4,0,11.0,1.0,2.0,3.0,128.97,2+ Years,Medium (10-20km),0-3 Days
52744,0,6.0,Computer,1,13.0,Debit Card,Male,2.0,3,Laptop & Accessory,3,Married,2,0,20.0,0.0,2.0,8.0,159.68,0-6 Months,Medium (10-20km),8-15 Days
52745,0,16.0,Mobile Phone,1,17.0,Debit Card,Male,1.0,3,Fashion,3,Married,2,0,17.0,1.0,1.0,9.0,175.1,1-2 Years,Medium (10-20km),8-15 Days
52746,0,11.0,Computer,2,7.0,UPI,Male,3.0,3,Mobile Phone,4,Married,1,1,11.0,0.0,1.0,2.0,129.91,6-12 Months,Near (<10km),0-3 Days
52747,0,28.0,Mobile Phone,2,32.0,UPI,Male,3.0,1,Others,4,Married,5,1,15.0,1.0,1.0,4.0,296.36,2+ Years,Far (>20km),4-7 Days
52748,0,4.0,Mobile Phone,1,8.0,Credit Card,Female,2.0,5,Mobile Phone,1,Married,2,1,11.0,0.0,1.0,0.0,111.28999999999999,0-6 Months,Near (<10km),0-3 Days
52749,0,12.0,Mobile Phone,3,21.0,E Wallet,Male,3.0,3,Grocery,5,Single,1,0,12.0,4.0,2.0,10.0,233.41000000000003,6-12 Months,Far (>20km),8-15 Days
52750,0,15.0,Computer,1,29.0,Debit Card,Male,2.0,4,Laptop & Accessory,3,Single,2,0,12.0,3.0,3.0,7.0,143.32,1-2 Years,Far (>20km),4-7 Days
52751,0,4.0,Computer,1,16.0,Credit Card,Female,2.0,3,Fashion,3,Married,5,0,20.0,3.0,4.0,3.0,210.31,0-6 Months,Medium (10-20km),0-3 Days
52752,0,27.0,Mobile Phone,1,16.0,Credit Card,Female,3.0,3,Laptop & Accessory,5,Single,7,1,19.0,0.0,1.0,4.0,144.4,2+ Years,Medium (10-20km),4-7 Days
52753,0,0.0,Mobile Phone,1,7.0,Debit Card,Male,2.0,4,Laptop & Accessory,3,Single,2,0,12.0,1.0,1.0,2.0,146.17,0-6 Months,Near (<10km),0-3 Days
52754,0,0.0,Mobile Phone,1,14.0,UPI,Male,3.0,3,Mobile Phone,1,Single,2,0,13.0,1.0,1.0,4.0,126.47,0-6 Months,Medium (10-20km),4-7 Days
52755,0,13.0,Computer,1,17.0,Cash on Delivery,Female,3.0,3,Laptop & Accessory,3,Married,2,0,11.0,7.0,9.0,4.0,163.23,1-2 Years,Medium (10-20km),4-7 Days
52756,0,13.0,Mobile Phone,3,8.0,E Wallet,Female,3.0,3,Laptop & Accessory,4,Married,4,0,14.0,1.0,5.0,10.0,156.77,1-2 Years,Near (<10km),8-15 Days
52757,0,9.0,Mobile Phone,2,8.0,UPI,Female,2.0,3,Mobile Phone,4,Married,5,0,14.0,0.0,1.0,2.0,121.87,6-12 Months,Near (<10km),0-3 Days
52758,0,3.0,Mobile Phone,1,7.0,Credit Card,Male,3.0,3,Mobile Phone,4,Married,2,0,13.0,1.0,1.0,7.0,137.48,0-6 Months,Near (<10km),4-7 Days
52759,0,0.0,Mobile Phone,1,8.0,UPI,Male,2.0,3,Mobile Phone,3,Married,7,1,19.0,0.0,1.0,2.0,139.77,0-6 Months,Near (<10km),0-3 Days
52760,0,20.0,Mobile Phone,1,31.0,Credit Card,Male,2.0,3,Fashion,3,Single,3,0,23.0,9.0,12.0,11.0,186.33,1-2 Years,Far (>20km),8-15 Days
52761,0,9.0,Computer,1,7.0,Credit Card,Male,2.0,4,Mobile Phone,3,Married,2,0,12.0,0.0,1.0,0.0,120.08000000000001,6-12 Months,Near (<10km),0-3 Days
52762,0,11.0,Mobile Phone,3,7.0,Debit Card,Male,2.0,3,Laptop & Accessory,4,Married,1,0,15.0,1.0,5.0,8.0,144.4,6-12 Months,Near (<10km),8-15 Days
52763,0,4.0,Mobile Phone,3,8.0,Debit Card,Male,3.0,3,Mobile Phone,3,Married,1,0,19.0,0.0,1.0,2.0,130.67,0-6 Months,Near (<10km),0-3 Days
52764,0,11.0,Computer,1,12.0,Debit Card,Male,3.0,4,Laptop & Accessory,3,Married,3,0,11.0,2.0,7.0,7.0,153.21,6-12 Months,Medium (10-20km),4-7 Days
52765,0,15.0,Mobile Phone,1,24.0,Debit Card,Male,2.0,3,Laptop & Accessory,5,Married,7,1,17.0,1.0,1.0,2.0,154.1,1-2 Years,Far (>20km),0-3 Days
52766,0,14.0,Mobile Phone,1,7.0,Debit Card,Male,3.0,3,Mobile Phone,1,Married,4,0,22.0,0.0,1.0,0.0,127.82,1-2 Years,Near (<10km),0-3 Days
52767,0,20.0,Computer,1,7.0,Credit Card,Female,3.0,3,Fashion,4,Married,1,0,18.0,0.0,5.0,3.0,219.57,1-2 Years,Near (<10km),0-3 Days
52768,0,8.0,Mobile Phone,1,17.0,Credit Card,Male,2.0,3,Mobile Phone,3,Married,8,1,11.0,2.0,2.0,2.0,126.6,6-12 Months,Medium (10-20km),0-3 Days
52769,0,0.0,Mobile Phone,1,7.0,Debit Card,Male,3.0,3,Mobile Phone,3,Single,1,0,12.0,1.0,1.0,2.0,133.75,0-6 Months,Near (<10km),0-3 Days
52770,0,8.0,Mobile Phone,1,15.0,Credit Card,Male,2.0,3,Laptop & Accessory,3,Single,2,0,19.0,0.0,1.0,8.0,150.98,6-12 Months,Medium (10-20km),8-15 Days
52771,0,6.0,Mobile Phone,1,21.0,Credit Card,Female,3.0,3,Laptop & Accessory,1,Married,1,1,13.0,6.0,8.0,1.0,148.78,0-6 Months,Far (>20km),0-3 Days
52772,0,5.0,Mobile Phone,1,35.0,Debit Card,Female,3.0,4,Mobile Phone,4,Single,2,0,13.0,0.0,4.0,1.0,128.37,0-6 Months,Far (>20km),0-3 Days
52773,0,13.0,Mobile Phone,1,14.0,Debit Card,Male,2.0,3,Mobile Phone,1,Married,9,0,19.0,1.0,1.0,0.0,124.06,1-2 Years,Medium (10-20km),0-3 Days
52774,0,9.0,Mobile Phone,3,7.0,Credit Card,Male,3.0,4,Mobile Phone,4,Married,1,0,14.0,2.0,2.0,2.0,122.69,6-12 Months,Near (<10km),0-3 Days
52775,0,12.0,Mobile Phone,1,30.0,Debit Card,Male,2.0,3,Laptop & Accessory,1,Single,8,0,13.0,0.0,1.0,7.0,141.08,6-12 Months,Far (>20km),4-7 Days
52776,0,11.0,Mobile Phone,1,16.0,Credit Card,Female,3.0,5,Fashion,3,Married,4,0,12.0,0.0,2.0,11.0,232.06,6-12 Months,Medium (10-20km),8-15 Days
52777,0,5.0,Mobile Phone,3,7.0,E Wallet,Female,2.0,3,Fashion,1,Married,2,0,19.0,0.0,5.0,7.0,204.22,0-6 Months,Near (<10km),4-7 Days
52778,0,10.0,Mobile Phone,1,16.0,Debit Card,Female,2.0,1,Fashion,1,Married,2,1,25.0,5.0,2.0,8.0,237.44,6-12 Months,Medium (10-20km),8-15 Days
52779,0,0.0,Mobile Phone,3,14.0,UPI,Female,2.0,3,Laptop & Accessory,3,Married,1,1,22.0,0.0,1.0,4.0,149.07,0-6 Months,Medium (10-20km),4-7 Days
52780,0,25.0,Computer,3,35.0,Debit Card,Male,2.0,3,Mobile Phone,1,Married,3,0,15.0,1.0,1.0,0.0,134.82,2+ Years,Far (>20km),0-3 Days
52781,0,17.0,Mobile Phone,1,14.0,Credit Card,Male,2.0,3,Mobile Phone,1,Single,7,1,12.0,1.0,1.0,2.0,124.36000000000001,1-2 Years,Medium (10-20km),0-3 Days
52782,0,0.0,Mobile Phone,3,14.0,Credit Card,Male,2.0,3,Mobile Phone,5,Single,2,1,11.0,1.0,1.0,2.0,123.80000000000001,0-6 Months,Medium (10-20km),0-3 Days
52783,0,12.0,Computer,1,15.0,Debit Card,Male,2.0,3,Others,1,Single,3,0,15.0,1.0,1.0,3.0,294.31,6-12 Months,Medium (10-20km),0-3 Days
52784,1,9.0,Computer,3,15.0,E Wallet,Male,2.0,3,Mobile Phone,5,Married,2,0,19.0,1.0,1.0,0.0,117.9,6-12 Months,Medium (10-20km),0-3 Days
52785,0,9.0,Mobile Phone,3,9.0,Credit Card,Female,3.0,4,Fashion,1,Married,1,0,19.0,0.0,3.0,4.0,176.44,6-12 Months,Near (<10km),4-7 Days
52786,0,9.0,Computer,1,10.0,Debit Card,Female,3.0,3,Laptop & Accessory,4,Married,8,0,13.0,0.0,1.0,2.0,151.31,6-12 Months,Near (<10km),0-3 Days
52787,0,29.0,Computer,1,7.0,Debit Card,Male,2.0,3,Laptop & Accessory,3,Married,2,0,21.0,0.0,1.0,9.0,163.06,2+ Years,Near (<10km),8-15 Days
52788,1,0.0,Mobile Phone,1,7.0,Credit Card,Male,2.0,3,Mobile Phone,1,Married,10,1,14.0,2.0,2.0,2.0,147.87,0-6 Months,Near (<10km),0-3 Days
52789,0,15.0,Mobile Phone,1,8.0,Debit Card,Male,2.0,3,Others,3,Married,6,0,11.0,1.0,4.0,14.0,288.8,1-2 Years,Near (<10km),8-15 Days
52790,1,19.0,Mobile Phone,1,14.0,Cash on Delivery,Male,3.0,3,Mobile Phone,3,Married,9,0,11.0,6.0,9.0,8.0,123.38999999999999,1-2 Years,Medium (10-20km),8-15 Days
52791,0,14.0,Mobile Phone,1,34.0,Debit Card,Female,2.0,4,Grocery,4,Married,1,0,23.0,1.0,2.0,10.0,235.7,1-2 Years,Far (>20km),8-15 Days
52792,0,7.0,Mobile Phone,3,34.0,E Wallet,Female,3.0,4,Laptop & Accessory,3,Married,2,0,21.0,1.0,1.0,7.0,167.12,6-12 Months,Far (>20km),4-7 Days
52793,0,9.0,Computer,3,21.0,E Wallet,Male,2.0,5,Laptop & Accessory,1,Married,2,0,24.0,5.0,11.0,11.0,154.06,6-12 Months,Far (>20km),8-15 Days
52794,0,14.0,Mobile Phone,3,9.0,Debit Card,Male,2.0,4,Laptop & Accessory,4,Married,3,0,11.0,1.0,1.0,4.0,189.38,1-2 Years,Near (<10km),4-7 Days
52795,0,5.0,Mobile Phone,1,14.0,Cash on Delivery,Male,3.0,3,Mobile Phone,5,Single,2,0,14.0,0.0,1.0,2.0,124.38999999999999,0-6 Months,Medium (10-20km),0-3 Days
52796,0,8.0,Mobile Phone,2,32.0,Debit Card,Female,2.0,3,Fashion,1,Single,2,1,16.0,1.0,1.0,7.0,188.37,6-12 Months,Far (>20km),4-7 Days
52797,0,11.0,Mobile Phone,3,16.0,Debit Card,Female,3.0,3,Laptop & Accessory,1,Married,2,0,11.0,0.0,1.0,9.0,153.43,6-12 Months,Medium (10-20km),8-15 Days
52798,1,13.0,Computer,3,7.0,Debit Card,Male,3.0,3,Laptop & Accessory,3,Married,8,0,12.0,1.0,1.0,1.0,167.28,1-2 Years,Near (<10km),0-3 Days
52799,0,9.0,Mobile Phone,3,17.0,E Wallet,Female,3.0,4,Laptop & Accessory,1,Married,5,0,13.0,1.0,1.0,0.0,166.52,6-12 Months,Medium (10-20km),0-3 Days
52800,0,18.0,Mobile Phone,3,26.0,Debit Card,Female,2.0,3,Laptop & Accessory,3,Single,9,0,15.0,0.0,1.0,1.0,148.5,1-2 Years,Far (>20km),0-3 Days
52801,0,13.0,Mobile Phone,1,8.0,Debit Card,Male,3.0,4,Mobile Phone,3,Single,3,0,14.0,0.0,2.0,2.0,128.09,1-2 Years,Near (<10km),0-3 Days
52802,0,8.0,Computer,1,24.0,Debit Card,Male,3.0,3,Laptop & Accessory,3,Married,2,1,14.0,0.0,1.0,2.0,156.89,6-12 Months,Far (>20km),0-3 Days
52803,0,9.0,Mobile Phone,1,8.0,Credit Card,Female,3.0,3,Mobile Phone,3,Married,3,0,14.0,0.0,1.0,2.0,120.00999999999999,6-12 Months,Near (<10km),0-3 Days
52804,0,8.0,Mobile Phone,1,7.0,Debit Card,Female,3.0,5,Mobile Phone,1,Married,2,0,12.0,1.0,1.0,1.0,129.77,6-12 Months,Near (<10km),0-3 Days
52805,0,2.0,Mobile Phone,1,19.0,UPI,Male,2.0,4,Laptop & Accessory,4,Married,5,1,13.0,0.0,1.0,3.0,140.25,0-6 Months,Medium (10-20km),0-3 Days
52806,0,2.0,Mobile Phone,1,34.0,Credit Card,Female,3.0,4,Mobile Phone,5,Single,2,0,14.0,0.0,1.0,4.0,137.85,0-6 Months,Far (>20km),4-7 Days
52807,1,13.0,Mobile Phone,3,34.0,E Wallet,Male,2.0,4,Fashion,5,Married,5,1,13.0,2.0,2.0,0.0,208.54000000000002,1-2 Years,Far (>20km),0-3 Days
52808,0,12.0,Mobile Phone,3,30.0,E Wallet,Female,2.0,4,Grocery,1,Married,1,0,11.0,3.0,9.0,3.0,220.31,6-12 Months,Far (>20km),0-3 Days
52809,0,4.0,Computer,1,11.0,Credit Card,Male,3.0,3,Laptop & Accessory,5,Single,1,0,19.0,1.0,1.0,7.0,199.36,0-6 Months,Medium (10-20km),4-7 Days
52810,0,0.0,Mobile Phone,3,11.0,UPI,Female,3.0,4,Mobile Phone,3,Single,1,0,18.0,1.0,1.0,0.0,129.66,0-6 Months,Medium (10-20km),0-3 Days
52811,0,9.0,Computer,1,14.0,Credit Card,Male,2.0,1,Laptop & Accessory,1,Married,5,0,17.0,0.0,1.0,3.0,125.71000000000001,6-12 Months,Medium (10-20km),0-3 Days
52812,0,12.0,Mobile Phone,1,12.0,Credit Card,Male,2.0,4,Fashion,5,Married,5,0,15.0,0.0,1.0,7.0,199.91,6-12 Months,Medium (10-20km),4-7 Days
52813,0,0.0,Mobile Phone,1,10.0,Debit Card,Male,2.0,1,Laptop & Accessory,4,Married,2,1,20.0,0.0,1.0,3.0,161.42,0-6 Months,Near (<10km),0-3 Days
52814,0,22.0,Computer,3,8.0,Credit Card,Male,3.0,4,Laptop & Accessory,4,Married,3,0,14.0,1.0,1.0,8.0,153.9,1-2 Years,Near (<10km),8-15 Days
52815,0,7.0,Mobile Phone,1,14.0,Credit Card,Male,2.0,1,Laptop & Accessory,3,Married,3,0,12.0,1.0,1.0,2.0,144.04,6-12 Months,Medium (10-20km),0-3 Days
52816,1,5.0,Mobile Phone,3,7.0,Debit Card,Female,4.0,4,Laptop & Accessory,2,Single,10,1,12.0,2.0,2.0,6.0,184.93,0-6 Months,Near (<10km),4-7 Days
52817,1,1.0,Mobile Phone,1,9.0,UPI,Male,4.0,5,Mobile Phone,3,Single,8,1,16.0,1.0,2.0,1.0,145.9,0-6 Months,Near (<10km),0-3 Days
52818,1,1.0,Mobile Phone,1,31.0,Debit Card,Male,3.0,5,Mobile Phone,3,Single,7,1,15.0,1.0,2.0,4.0,145.28,0-6 Months,Far (>20km),4-7 Days
52819,1,1.0,Mobile Phone,3,16.0,Debit Card,Male,3.0,5,Laptop & Accessory,5,Single,9,0,24.0,1.0,2.0,4.0,159.07,0-6 Months,Medium (10-20km),4-7 Days
52820,1,1.0,Mobile Phone,1,13.0,Credit Card,Male,3.0,4,Mobile Phone,5,Single,4,0,12.0,2.0,2.0,4.0,154.6,0-6 Months,Medium (10-20km),4-7 Days
52821,1,1.0,Computer,1,23.0,Debit Card,Female,4.0,6,Mobile Phone,5,Single,3,1,23.0,5.0,7.0,8.0,164.19,0-6 Months,Far (>20km),8-15 Days
52822,1,3.0,Mobile Phone,3,12.0,Cash on Delivery,Male,3.0,4,Laptop & Accessory,2,Divorced,5,0,15.0,1.0,2.0,1.0,145.86,0-6 Months,Medium (10-20km),0-3 Days
52823,1,1.0,Mobile Phone,1,7.0,Credit Card,Male,4.0,4,Mobile Phone,2,Divorced,4,1,17.0,3.0,3.0,1.0,147.93,0-6 Months,Near (<10km),0-3 Days
52824,1,14.0,Mobile Phone,3,10.0,E Wallet,Male,3.0,5,Mobile Phone,3,Divorced,3,1,15.0,1.0,2.0,3.0,151.83,1-2 Years,Near (<10km),0-3 Days
52825,1,1.0,Mobile Phone,1,32.0,Debit Card,Male,3.0,6,Mobile Phone,3,Single,3,0,13.0,2.0,2.0,2.0,147.93,0-6 Months,Far (>20km),0-3 Days
52826,1,5.0,Mobile Phone,1,19.0,Cash on Delivery,Female,3.0,4,Others,3,Divorced,3,0,15.0,10.0,16.0,9.0,320.45,0-6 Months,Medium (10-20km),8-15 Days
52827,1,12.0,Mobile Phone,1,7.0,Debit Card,Male,4.0,5,Fashion,3,Single,11,1,14.0,1.0,2.0,1.0,178.81,6-12 Months,Near (<10km),0-3 Days
52828,1,1.0,Mobile Phone,1,12.0,Cash on Delivery,Male,3.0,4,Mobile Phone,3,Single,3,1,14.0,3.0,3.0,3.0,159.41,0-6 Months,Medium (10-20km),0-3 Days
52829,1,1.0,Mobile Phone,1,16.0,Credit Card,Male,4.0,5,Mobile Phone,3,Divorced,2,1,18.0,1.0,2.0,1.0,158.88,0-6 Months,Medium (10-20km),0-3 Days
52830,1,10.0,Mobile Phone,3,16.0,Credit Card,Male,4.0,5,Fashion,2,Single,3,0,17.0,1.0,5.0,3.0,221.19,6-12 Months,Medium (10-20km),0-3 Days
52831,1,1.0,Mobile Phone,2,13.0,UPI,Male,4.0,4,Mobile Phone,5,Married,6,1,23.0,2.0,2.0,3.0,145.73,0-6 Months,Medium (10-20km),0-3 Days
52832,1,1.0,Computer,1,13.0,Debit Card,Female,4.0,5,Mobile Phone,2,Single,3,1,19.0,2.0,2.0,1.0,154.26,0-6 Months,Medium (10-20km),0-3 Days
52833,1,1.0,Mobile Phone,3,12.0,E Wallet,Male,3.0,5,Laptop & Accessory,3,Single,3,1,12.0,2.0,2.0,4.0,182.44,0-6 Months,Medium (10-20km),4-7 Days
52834,1,1.0,Computer,1,14.0,Debit Card,Male,4.0,6,Laptop & Accessory,3,Single,3,1,25.0,2.0,2.0,7.0,185.74,0-6 Months,Medium (10-20km),4-7 Days
52835,1,20.0,Mobile Phone,1,21.0,Debit Card,Female,4.0,4,Mobile Phone,4,Divorced,11,1,19.0,2.0,5.0,4.0,174.63,1-2 Years,Far (>20km),4-7 Days
52836,1,1.0,Mobile Phone,3,13.0,Debit Card,Male,4.0,6,Laptop & Accessory,3,Divorced,6,1,19.0,7.0,8.0,8.0,186.72,0-6 Months,Medium (10-20km),8-15 Days
52837,1,21.0,Mobile Phone,1,30.0,Credit Card,Female,4.0,4,Fashion,2,Divorced,3,0,13.0,12.0,16.0,3.0,228.12,1-2 Years,Far (>20km),0-3 Days
52838,1,1.0,Mobile Phone,3,29.0,E Wallet,Male,3.0,4,Mobile Phone,3,Single,3,1,20.0,1.0,2.0,1.0,141.75,0-6 Months,Far (>20km),0-3 Days
52839,1,1.0,Mobile Phone,3,27.0,Debit Card,Female,4.0,6,Laptop & Accessory,3,Divorced,5,1,12.0,2.0,3.0,3.0,170.59,0-6 Months,Far (>20km),0-3 Days
52840,1,15.0,Computer,1,15.0,Debit Card,Male,3.0,6,Fashion,2,Single,4,0,16.0,1.0,2.0,4.0,231.5,1-2 Years,Medium (10-20km),4-7 Days
52841,1,1.0,Mobile Phone,1,16.0,Credit Card,Female,3.0,4,Mobile Phone,5,Single,9,0,23.0,2.0,2.0,5.0,167.0,0-6 Months,Medium (10-20km),4-7 Days
52842,0,9.0,Mobile Phone,3,7.0,E Wallet,Male,4.0,4,Fashion,4,Divorced,3,0,14.0,2.0,2.0,7.0,197.95,6-12 Months,Near (<10km),4-7 Days
52843,0,27.0,Mobile Phone,3,13.0,E Wallet,Male,3.0,4,Laptop & Accessory,3,Divorced,4,1,21.0,1.0,5.0,6.0,148.06,2+ Years,Medium (10-20km),4-7 Days
52844,0,19.0,Mobile Phone,1,16.0,Debit Card,Male,3.0,4,Laptop & Accessory,4,Married,10,0,19.0,2.0,2.0,16.0,148.48,1-2 Years,Medium (10-20km),15+ Days
52845,0,6.0,Computer,3,15.0,E Wallet,Female,3.0,4,Fashion,2,Single,3,0,15.0,3.0,4.0,3.0,214.98,0-6 Months,Medium (10-20km),0-3 Days
52846,0,3.0,Computer,1,7.0,Cash on Delivery,Male,3.0,4,Laptop & Accessory,3,Divorced,3,0,14.0,1.0,2.0,10.0,168.19,0-6 Months,Near (<10km),8-15 Days
52847,0,1.0,Mobile Phone,1,14.0,Credit Card,Male,3.0,5,Laptop & Accessory,3,Divorced,4,0,18.0,2.0,2.0,1.0,186.32,0-6 Months,Medium (10-20km),0-3 Days
52848,0,31.0,Mobile Phone,1,16.0,Credit Card,Female,4.0,5,Mobile Phone,4,Divorced,6,1,21.0,2.0,2.0,1.0,158.46,2+ Years,Medium (10-20km),0-3 Days
52849,0,14.0,Mobile Phone,3,11.0,E Wallet,Male,4.0,5,Fashion,2,Divorced,9,0,12.0,3.0,2.0,12.0,233.55,1-2 Years,Medium (10-20km),8-15 Days
52850,0,8.0,Computer,3,9.0,E Wallet,Female,4.0,4,Mobile Phone,3,Divorced,8,0,19.0,2.0,2.0,3.0,147.31,6-12 Months,Near (<10km),0-3 Days
52851,0,1.0,Mobile Phone,1,26.0,Credit Card,Male,4.0,4,Mobile Phone,2,Divorced,3,0,25.0,1.0,3.0,3.0,148.23,0-6 Months,Far (>20km),0-3 Days
52852,0,1.0,Computer,1,16.0,Credit Card,Male,3.0,4,Mobile Phone,4,Married,8,0,19.0,1.0,3.0,3.0,145.24,0-6 Months,Medium (10-20km),0-3 Days
52853,0,2.0,Mobile Phone,1,28.0,Credit Card,Male,3.0,4,Mobile Phone,2,Divorced,3,0,12.0,1.0,2.0,3.0,152.13,0-6 Months,Far (>20km),0-3 Days
52854,0,31.0,Mobile Phone,1,31.0,Debit Card,Male,3.0,3,Fashion,2,Married,5,1,17.0,2.0,2.0,3.0,219.39,2+ Years,Far (>20km),0-3 Days
52855,0,1.0,Computer,1,10.0,Credit Card,Male,4.0,5,Mobile Phone,3,Married,3,1,16.0,1.0,2.0,2.0,150.66,0-6 Months,Near (<10km),0-3 Days
52856,0,24.0,Mobile Phone,1,18.0,Debit Card,Female,3.0,4,Others,4,Single,5,0,16.0,3.0,5.0,5.0,324.26,1-2 Years,Medium (10-20km),4-7 Days
52857,0,15.0,Mobile Phone,1,21.0,Debit Card,Male,3.0,4,Mobile Phone,3,Married,6,0,13.0,2.0,2.0,9.0,149.51,1-2 Years,Far (>20km),8-15 Days
52858,0,4.0,Mobile Phone,3,12.0,Debit Card,Female,3.0,4,Fashion,2,Divorced,4,0,13.0,3.0,8.0,3.0,219.19,0-6 Months,Medium (10-20km),0-3 Days
52859,0,12.0,Mobile Phone,3,7.0,Debit Card,Female,3.0,5,Laptop & Accessory,2,Single,6,0,23.0,2.0,2.0,3.0,211.86,6-12 Months,Near (<10km),0-3 Days
52860,0,6.0,Mobile Phone,1,13.0,Debit Card,Male,3.0,4,Mobile Phone,3,Single,5,0,21.0,1.0,2.0,5.0,155.38,0-6 Months,Medium (10-20km),4-7 Days
52861,0,1.0,Mobile Phone,1,24.0,Cash on Delivery,Male,3.0,4,Mobile Phone,4,Divorced,2,1,17.0,2.0,2.0,2.0,155.58,0-6 Months,Far (>20km),0-3 Days
52862,1,1.0,Computer,3,7.0,Cash on Delivery,Female,4.0,6,Mobile Phone,5,Single,2,0,22.0,2.0,2.0,1.0,148.25,0-6 Months,Near (<10km),0-3 Days
52863,0,10.0,Computer,1,10.0,Credit Card,Male,2.0,4,Mobile Phone,4,Single,6,0,13.0,5.0,8.0,3.0,145.88,6-12 Months,Near (<10km),0-3 Days
52864,0,4.0,Computer,1,16.0,Credit Card,Male,4.0,4,Laptop & Accessory,5,Married,3,0,12.0,1.0,7.0,11.0,155.72,0-6 Months,Medium (10-20km),8-15 Days
52865,0,19.0,Mobile Phone,3,11.0,Debit Card,Female,2.0,4,Laptop & Accessory,5,Married,6,1,12.0,1.0,2.0,4.0,175.06,1-2 Years,Medium (10-20km),4-7 Days
52866,0,30.0,Mobile Phone,1,15.0,Debit Card,Female,4.0,4,Mobile Phone,5,Married,6,1,19.0,2.0,3.0,3.0,167.57,2+ Years,Medium (10-20km),0-3 Days
52867,0,7.0,Mobile Phone,1,9.0,Debit Card,Male,3.0,4,Mobile Phone,2,Single,2,0,15.0,1.0,2.0,3.0,150.0,6-12 Months,Near (<10km),0-3 Days
52868,1,1.0,Mobile Phone,1,9.0,Debit Card,Male,3.0,5,Mobile Phone,2,Single,3,0,23.0,1.0,2.0,1.0,136.02,0-6 Months,Near (<10km),0-3 Days
52869,0,20.0,Mobile Phone,3,7.0,E Wallet,Female,4.0,4,Fashion,5,Married,3,0,26.0,5.0,16.0,3.0,229.53,1-2 Years,Near (<10km),0-3 Days
52870,0,12.0,Mobile Phone,1,16.0,Debit Card,Female,4.0,4,Mobile Phone,2,Single,3,0,13.0,2.0,3.0,2.0,147.88,6-12 Months,Medium (10-20km),0-3 Days
52871,0,5.0,Mobile Phone,1,19.0,Credit Card,Female,4.0,4,Mobile Phone,2,Divorced,10,1,24.0,2.0,2.0,3.0,164.29,0-6 Months,Medium (10-20km),0-3 Days
52872,0,8.0,Mobile Phone,1,34.0,Credit Card,Female,4.0,4,Mobile Phone,4,Single,4,0,16.0,2.0,2.0,3.0,148.11,6-12 Months,Far (>20km),0-3 Days
52873,1,5.0,Mobile Phone,3,27.0,E Wallet,Female,4.0,4,Mobile Phone,4,Single,3,1,23.0,1.0,2.0,3.0,156.4,0-6 Months,Far (>20km),0-3 Days
52874,0,24.0,Mobile Phone,1,7.0,Credit Card,Male,3.0,5,Mobile Phone,3,Divorced,4,0,16.0,1.0,2.0,3.0,161.9,1-2 Years,Near (<10km),0-3 Days
52875,0,27.0,Mobile Phone,1,20.0,Credit Card,Female,3.0,3,Laptop & Accessory,5,Married,3,0,12.0,2.0,2.0,4.0,169.5,2+ Years,Medium (10-20km),4-7 Days
52876,0,7.0,Mobile Phone,1,21.0,Credit Card,Female,4.0,4,Mobile Phone,4,Divorced,3,0,14.0,1.0,2.0,7.0,152.56,6-12 Months,Far (>20km),4-7 Days
52877,0,14.0,Mobile Phone,1,11.0,Credit Card,Female,3.0,4,Others,3,Divorced,3,0,15.0,1.0,10.0,10.0,315.33,1-2 Years,Medium (10-20km),8-15 Days
52878,0,29.0,Mobile Phone,1,21.0,Credit Card,Male,4.0,3,Others,4,Single,10,0,15.0,1.0,3.0,16.0,312.22,2+ Years,Far (>20km),15+ Days
52879,0,8.0,Computer,1,9.0,Debit Card,Male,3.0,5,Laptop & Accessory,3,Divorced,3,0,18.0,1.0,2.0,3.0,220.47,6-12 Months,Near (<10km),0-3 Days
52880,0,25.0,Mobile Phone,1,10.0,Credit Card,Female,4.0,4,Grocery,4,Single,5,0,19.0,1.0,2.0,1.0,262.34,2+ Years,Near (<10km),0-3 Days
52881,0,26.0,Mobile Phone,1,7.0,Debit Card,Male,4.0,5,Others,3,Divorced,2,0,15.0,2.0,12.0,10.0,324.99,2+ Years,Near (<10km),8-15 Days
52882,0,1.0,Mobile Phone,1,16.0,Credit Card,Female,3.0,4,Mobile Phone,4,Single,3,0,17.0,2.0,2.0,4.0,147.79,0-6 Months,Medium (10-20km),4-7 Days
52883,1,1.0,Mobile Phone,1,30.0,Debit Card,Male,3.0,5,Laptop & Accessory,3,Divorced,5,1,14.0,2.0,2.0,2.0,184.16,0-6 Months,Far (>20km),0-3 Days
52884,0,17.0,Computer,1,14.0,Credit Card,Male,3.0,3,Mobile Phone,2,Married,6,0,15.0,1.0,3.0,3.0,145.89,1-2 Years,Medium (10-20km),0-3 Days
52885,0,19.0,Computer,1,9.0,Credit Card,Male,4.0,5,Grocery,2,Divorced,11,0,15.0,10.0,12.0,9.0,292.92,1-2 Years,Near (<10km),8-15 Days
52886,0,11.0,Mobile Phone,1,28.0,Debit Card,Male,4.0,3,Mobile Phone,5,Divorced,3,1,13.0,1.0,2.0,8.0,160.64,6-12 Months,Far (>20km),8-15 Days
52887,0,9.0,Computer,1,9.0,Credit Card,Female,3.0,4,Laptop & Accessory,4,Single,7,0,12.0,2.0,2.0,3.0,169.25,6-12 Months,Near (<10km),0-3 Days
52888,0,16.0,Computer,1,28.0,Credit Card,Female,3.0,4,Laptop & Accessory,3,Married,4,0,17.0,1.0,2.0,3.0,177.65,1-2 Years,Far (>20km),0-3 Days
52889,0,12.0,Mobile Phone,1,9.0,Debit Card,Male,3.0,4,Laptop & Accessory,3,Divorced,11,0,15.0,1.0,2.0,1.0,190.53,6-12 Months,Near (<10km),0-3 Days
52890,0,12.0,Mobile Phone,1,36.0,Cash on Delivery,Male,3.0,4,Laptop & Accessory,2,Divorced,5,0,19.0,1.0,2.0,8.0,187.61,6-12 Months,Far (>20km),8-15 Days
52891,0,1.0,Computer,1,7.0,Cash on Delivery,Male,3.0,5,Laptop & Accessory,5,Divorced,7,0,20.0,1.0,3.0,1.0,167.98,0-6 Months,Near (<10km),0-3 Days
52892,0,23.0,Computer,1,25.0,Debit Card,Male,4.0,4,Laptop & Accessory,2,Married,3,1,16.0,1.0,2.0,8.0,193.04,1-2 Years,Far (>20km),8-15 Days
52893,0,8.0,Computer,1,17.0,Credit Card,Male,3.0,4,Mobile Phone,3,Married,3,1,18.0,3.0,3.0,1.0,163.15,6-12 Months,Medium (10-20km),0-3 Days
52894,0,14.0,Mobile Phone,1,26.0,Credit Card,Male,3.0,4,Laptop & Accessory,2,Divorced,10,1,16.0,2.0,4.0,8.0,152.41,1-2 Years,Far (>20km),8-15 Days
52895,1,2.0,Mobile Phone,1,36.0,Credit Card,Male,4.0,4,Laptop & Accessory,5,Divorced,9,1,20.0,1.0,2.0,1.0,191.73,0-6 Months,Far (>20km),0-3 Days
52896,1,1.0,Mobile Phone,3,34.0,E Wallet,Female,3.0,4,Fashion,2,Divorced,3,0,23.0,2.0,2.0,10.0,201.39,0-6 Months,Far (>20km),8-15 Days
52897,0,1.0,Mobile Phone,1,12.0,Debit Card,Male,3.0,3,Mobile Phone,4,Married,3,1,17.0,1.0,3.0,3.0,148.28,0-6 Months,Medium (10-20km),0-3 Days
52898,0,10.0,Computer,1,25.0,Credit Card,Female,4.0,4,Mobile Phone,2,Single,3,0,14.0,2.0,2.0,8.0,146.53,6-12 Months,Far (>20km),8-15 Days
52899,0,14.0,Computer,1,16.0,Debit Card,Male,4.0,5,Laptop & Accessory,2,Divorced,11,0,15.0,2.0,2.0,3.0,173.76,1-2 Years,Medium (10-20km),0-3 Days
52900,0,20.0,Mobile Phone,1,7.0,Credit Card,Male,4.0,4,Fashion,5,Married,9,0,17.0,1.0,2.0,3.0,218.96,1-2 Years,Near (<10km),0-3 Days
52901,1,1.0,Mobile Phone,3,11.0,Credit Card,Male,3.0,6,Fashion,2,Divorced,3,0,12.0,8.0,10.0,3.0,229.0,0-6 Months,Medium (10-20km),0-3 Days
52902,0,4.0,Computer,1,7.0,Debit Card,Male,3.0,5,Fashion,3,Single,3,0,23.0,3.0,6.0,3.0,209.74,0-6 Months,Near (<10km),0-3 Days
52903,0,1.0,Computer,3,27.0,Debit Card,Female,3.0,4,Laptop & Accessory,3,Single,3,0,15.0,2.0,2.0,3.0,224.81,0-6 Months,Far (>20km),0-3 Days
52904,0,25.0,Mobile Phone,1,15.0,Debit Card,Male,3.0,5,Fashion,4,Divorced,7,0,17.0,2.0,2.0,8.0,249.89999999999998,2+ Years,Medium (10-20km),8-15 Days
52905,1,1.0,Mobile Phone,1,10.0,Cash on Delivery,Female,3.0,4,Mobile Phone,5,Single,7,1,12.0,2.0,2.0,5.0,151.57,0-6 Months,Near (<10km),4-7 Days
52906,0,15.0,Mobile Phone,3,13.0,Debit Card,Female,4.0,4,Fashion,2,Single,5,1,19.0,1.0,2.0,1.0,260.91,1-2 Years,Medium (10-20km),0-3 Days
52907,1,1.0,Computer,3,33.0,E Wallet,Female,3.0,5,Laptop & Accessory,5,Single,7,0,16.0,1.0,2.0,2.0,191.96,0-6 Months,Far (>20km),0-3 Days
52908,1,1.0,Mobile Phone,1,7.0,Cash on Delivery,Male,3.0,4,Mobile Phone,3,Single,2,0,15.0,1.0,2.0,6.0,145.58,0-6 Months,Near (<10km),4-7 Days
52909,0,19.0,Computer,3,13.0,Credit Card,Female,3.0,5,Fashion,2,Single,8,0,13.0,13.0,13.0,3.0,213.65,1-2 Years,Medium (10-20km),0-3 Days
52910,0,28.0,Mobile Phone,3,10.0,E Wallet,Female,3.0,4,Laptop & Accessory,5,Divorced,4,0,15.0,2.0,2.0,6.0,184.4,2+ Years,Near (<10km),4-7 Days
52911,0,10.0,Mobile Phone,1,12.0,Debit Card,Male,4.0,4,Laptop & Accessory,4,Single,10,0,17.0,1.0,4.0,8.0,184.14,6-12 Months,Medium (10-20km),8-15 Days
52912,0,7.0,Mobile Phone,1,11.0,Credit Card,Female,3.0,5,Mobile Phone,4,Divorced,8,0,22.0,1.0,2.0,2.0,151.22,6-12 Months,Medium (10-20km),0-3 Days
52913,0,11.0,Computer,1,18.0,UPI,Male,3.0,4,Fashion,2,Married,3,1,15.0,1.0,2.0,8.0,246.85000000000002,6-12 Months,Medium (10-20km),8-15 Days
52914,0,12.0,Mobile Phone,3,10.0,Debit Card,Male,4.0,4,Fashion,3,Married,2,0,13.0,2.0,6.0,3.0,231.08999999999997,6-12 Months,Near (<10km),0-3 Days
52915,0,5.0,Computer,1,7.0,Credit Card,Male,3.0,6,Laptop & Accessory,3,Divorced,2,0,13.0,2.0,2.0,5.0,168.45,0-6 Months,Near (<10km),4-7 Days
52916,0,31.0,Mobile Phone,1,10.0,Debit Card,Male,4.0,5,Mobile Phone,2,Divorced,5,0,18.0,1.0,2.0,1.0,146.77,2+ Years,Near (<10km),0-3 Days
52917,0,11.0,Computer,3,11.0,E Wallet,Male,3.0,4,Mobile Phone,2,Married,6,0,18.0,2.0,6.0,9.0,25.0,6-12 Months,Medium (10-20km),8-15 Days
52918,0,3.0,Computer,3,7.0,Credit Card,Female,3.0,4,Fashion,2,Divorced,3,0,15.0,5.0,5.0,2.0,204.18,0-6 Months,Near (<10km),0-3 Days
52919,0,9.0,Computer,3,7.0,E Wallet,Female,4.0,4,Fashion,3,Single,3,0,15.0,2.0,2.0,3.0,212.89,6-12 Months,Near (<10km),0-3 Days
52920,1,1.0,Mobile Phone,1,25.0,Credit Card,Male,3.0,5,Mobile Phone,2,Single,3,1,14.0,1.0,2.0,2.0,148.89,0-6 Months,Far (>20km),0-3 Days
52921,0,26.0,Mobile Phone,1,9.0,Debit Card,Female,3.0,5,Mobile Phone,2,Single,9,0,16.0,1.0,3.0,3.0,157.12,2+ Years,Near (<10km),0-3 Days
52922,0,16.0,Mobile Phone,1,11.0,Cash on Delivery,Male,3.0,4,Others,2,Divorced,3,0,15.0,1.0,12.0,16.0,317.32,1-2 Years,Medium (10-20km),15+ Days
52923,0,31.0,Mobile Phone,2,13.0,Credit Card,Male,3.0,4,Mobile Phone,3,Divorced,10,0,18.0,3.0,3.0,3.0,147.67,2+ Years,Medium (10-20km),0-3 Days
52924,0,24.0,Mobile Phone,3,7.0,Credit Card,Female,4.0,4,Others,2,Married,5,0,15.0,2.0,2.0,7.0,320.17,1-2 Years,Near (<10km),4-7 Days
52925,1,1.0,Mobile Phone,1,21.0,Credit Card,Male,3.0,4,Mobile Phone,2,Divorced,7,1,14.0,1.0,2.0,5.0,149.36,0-6 Months,Far (>20km),4-7 Days
52926,0,17.0,Mobile Phone,3,23.0,E Wallet,Female,4.0,4,Grocery,2,Divorced,7,1,23.0,1.0,2.0,10.0,285.64,1-2 Years,Far (>20km),8-15 Days
52927,1,1.0,Mobile Phone,1,9.0,Debit Card,Female,3.0,4,Mobile Phone,5,Divorced,9,0,21.0,2.0,2.0,8.0,152.07,0-6 Months,Near (<10km),8-15 Days
52928,0,26.0,Computer,3,9.0,Debit Card,Male,4.0,5,Others,3,Single,3,1,15.0,8.0,16.0,13.0,315.68,2+ Years,Near (<10km),8-15 Days
52929,0,6.0,Mobile Phone,3,11.0,Debit Card,Female,3.0,4,Mobile Phone,4,Divorced,4,0,12.0,2.0,2.0,3.0,164.31,0-6 Months,Medium (10-20km),0-3 Days
52930,1,1.0,Mobile Phone,1,7.0,Debit Card,Male,4.0,5,Mobile Phone,3,Single,2,1,15.0,2.0,2.0,3.0,162.3,0-6 Months,Near (<10km),0-3 Days
52931,0,13.0,Mobile Phone,1,7.0,Credit Card,Female,4.0,4,Mobile Phone,3,Married,9,0,15.0,1.0,2.0,3.0,147.32,1-2 Years,Near (<10km),0-3 Days
52932,0,6.0,Computer,3,33.0,E Wallet,Male,4.0,4,Laptop & Accessory,2,Divorced,2,0,19.0,2.0,3.0,3.0,169.65,0-6 Months,Far (>20km),0-3 Days
52933,0,15.0,Mobile Phone,1,26.0,Debit Card,Male,3.0,4,Laptop & Accessory,5,Married,4,0,17.0,2.0,2.0,1.0,155.72,1-2 Years,Far (>20km),0-3 Days
52934,0,14.0,Mobile Phone,1,31.0,Cash on Delivery,Male,4.0,4,Laptop & Accessory,2,Married,3,0,18.0,3.0,5.0,8.0,158.19,1-2 Years,Far (>20km),8-15 Days
52935,0,19.0,Mobile Phone,1,7.0,UPI,Male,4.0,3,Others,2,Divorced,2,0,15.0,2.0,2.0,8.0,317.02,1-2 Years,Near (<10km),8-15 Days
52936,0,5.0,Computer,1,10.0,Credit Card,Male,4.0,4,Fashion,3,Married,11,0,13.0,1.0,3.0,3.0,261.75,0-6 Months,Near (<10km),0-3 Days
52937,0,7.0,Mobile Phone,1,12.0,Debit Card,Female,4.0,5,Mobile Phone,2,Divorced,3,0,14.0,1.0,2.0,3.0,154.11,6-12 Months,Medium (10-20km),0-3 Days
52938,0,8.0,Mobile Phone,1,9.0,Debit Card,Male,3.0,5,Laptop & Accessory,5,Divorced,8,0,14.0,1.0,6.0,10.0,184.57,6-12 Months,Near (<10km),8-15 Days
52939,0,11.0,Mobile Phone,1,7.0,Credit Card,Female,3.0,5,Mobile Phone,5,Divorced,4,0,15.0,2.0,2.0,3.0,164.2,6-12 Months,Near (<10km),0-3 Days
52940,0,19.0,Computer,1,14.0,Debit Card,Male,4.0,3,Laptop & Accessory,3,Divorced,6,0,18.0,1.0,2.0,3.0,189.34,1-2 Years,Medium (10-20km),0-3 Days
52941,1,1.0,Computer,1,17.0,Credit Card,Male,4.0,4,Fashion,3,Married,8,0,12.0,2.0,2.0,3.0,225.48,0-6 Months,Medium (10-20km),0-3 Days
52942,0,13.0,Computer,1,9.0,Cash on Delivery,Female,4.0,4,Fashion,3,Single,2,0,26.0,11.0,2.0,9.0,234.38,1-2 Years,Near (<10km),8-15 Days
52943,0,3.0,Mobile Phone,1,22.0,Debit Card,Male,3.0,4,Mobile Phone,2,Single,3,0,20.0,1.0,2.0,6.0,148.4,0-6 Months,Far (>20km),4-7 Days
52944,0,16.0,Mobile Phone,1,24.0,Debit Card,Female,3.0,3,Laptop & Accessory,5,Single,5,1,14.0,1.0,2.0,3.0,190.45,1-2 Years,Far (>20km),0-3 Days
52945,0,3.0,Mobile Phone,3,27.0,E Wallet,Male,3.0,4,Laptop & Accessory,2,Married,4,0,15.0,2.0,2.0,3.0,194.31,0-6 Months,Far (>20km),0-3 Days
52946,0,1.0,Mobile Phone,1,7.0,Debit Card,Female,4.0,4,Laptop & Accessory,3,Divorced,2,0,13.0,2.0,2.0,3.0,173.98,0-6 Months,Near (<10km),0-3 Days
52947,0,16.0,Mobile Phone,1,9.0,Credit Card,Female,3.0,5,Mobile Phone,5,Married,2,1,12.0,5.0,8.0,9.0,150.93,1-2 Years,Near (<10km),8-15 Days
52948,0,14.0,Mobile Phone,1,9.0,Credit Card,Male,3.0,4,Others,3,Married,2,0,15.0,1.0,4.0,10.0,319.36,1-2 Years,Near (<10km),8-15 Days
52949,0,25.0,Mobile Phone,1,7.0,Debit Card,Male,4.0,4,Mobile Phone,2,Divorced,3,0,12.0,2.0,2.0,1.0,152.23,2+ Years,Near (<10km),0-3 Days
52950,1,1.0,Computer,1,36.0,Credit Card,Male,4.0,5,Mobile Phone,4,Single,2,0,12.0,2.0,2.0,5.0,159.79,0-6 Months,Far (>20km),4-7 Days
52951,0,6.0,Computer,1,14.0,Debit Card,Male,4.0,3,Mobile Phone,4,Divorced,3,0,21.0,1.0,2.0,4.0,152.94,0-6 Months,Medium (10-20km),4-7 Days
52952,0,12.0,Computer,3,9.0,Debit Card,Male,3.0,5,Laptop & Accessory,2,Divorced,5,0,19.0,7.0,8.0,6.0,177.49,6-12 Months,Near (<10km),4-7 Days
52953,0,6.0,Mobile Phone,1,9.0,Cash on Delivery,Male,3.0,5,Laptop & Accessory,5,Single,6,0,14.0,1.0,2.0,5.0,146.76,0-6 Months,Near (<10km),4-7 Days
52954,0,20.0,Mobile Phone,3,9.0,Cash on Delivery,Female,4.0,6,Grocery,4,Divorced,5,1,15.0,7.0,8.0,8.0,293.72,1-2 Years,Near (<10km),8-15 Days
52955,1,1.0,Mobile Phone,1,9.0,Debit Card,Male,4.0,4,Mobile Phone,3,Single,4,0,12.0,2.0,2.0,1.0,159.85,0-6 Months,Near (<10km),0-3 Days
52956,0,3.0,Mobile Phone,3,9.0,Credit Card,Male,4.0,5,Laptop & Accessory,4,Divorced,4,0,20.0,1.0,2.0,1.0,191.44,0-6 Months,Near (<10km),0-3 Days
52957,0,5.0,Mobile Phone,1,30.0,Credit Card,Male,4.0,5,Laptop & Accessory,2,Divorced,2,0,22.0,2.0,8.0,9.0,180.82,0-6 Months,Far (>20km),8-15 Days
52958,0,1.0,Computer,1,12.0,Debit Card,Male,3.0,3,Laptop & Accessory,5,Married,3,0,13.0,2.0,2.0,6.0,165.0,0-6 Months,Medium (10-20km),4-7 Days
52959,0,19.0,Mobile Phone,1,27.0,Credit Card,Male,4.0,4,Grocery,2,Divorced,2,1,15.0,1.0,2.0,11.0,259.96,1-2 Years,Far (>20km),8-15 Days
52960,0,10.0,Mobile Phone,1,13.0,Debit Card,Male,3.0,4,Mobile Phone,2,Divorced,2,0,12.0,5.0,11.0,12.0,157.1,6-12 Months,Medium (10-20km),8-15 Days
52961,0,29.0,Mobile Phone,1,7.0,Credit Card,Male,3.0,4,Others,5,Single,2,1,15.0,5.0,5.0,14.0,315.45,2+ Years,Near (<10km),8-15 Days
52962,1,11.0,Computer,1,36.0,Debit Card,Male,3.0,4,Fashion,4,Divorced,3,1,13.0,6.0,2.0,10.0,243.49,6-12 Months,Far (>20km),8-15 Days
52963,0,2.0,Mobile Phone,1,16.0,Credit Card,Male,4.0,4,Mobile Phone,2,Divorced,3,0,24.0,2.0,2.0,5.0,145.7,0-6 Months,Medium (10-20km),4-7 Days
52964,0,11.0,Mobile Phone,3,13.0,Credit Card,Male,4.0,4,Laptop & Accessory,2,Divorced,6,0,15.0,1.0,2.0,2.0,190.02,6-12 Months,Medium (10-20km),0-3 Days
52965,0,1.0,Mobile Phone,1,10.0,Credit Card,Male,4.0,5,Mobile Phone,3,Single,3,0,18.0,2.0,2.0,1.0,157.3,0-6 Months,Near (<10km),0-3 Days
52966,0,11.0,Computer,1,7.0,Credit Card,Female,1.0,4,Fashion,2,Married,4,1,19.0,1.0,2.0,3.0,261.03,6-12 Months,Near (<10km),0-3 Days
52967,0,3.0,Mobile Phone,1,29.0,Debit Card,Female,4.0,3,Fashion,4,Married,9,0,19.0,6.0,2.0,3.0,244.95999999999998,0-6 Months,Far (>20km),0-3 Days
52968,0,12.0,Mobile Phone,3,14.0,Credit Card,Female,3.0,3,Laptop & Accessory,5,Married,3,1,25.0,1.0,8.0,8.0,181.05,6-12 Months,Medium (10-20km),8-15 Days
52969,0,1.0,Computer,1,7.0,Debit Card,Female,3.0,4,Laptop & Accessory,4,Married,3,0,21.0,1.0,2.0,5.0,188.97,0-6 Months,Near (<10km),4-7 Days
52970,0,24.0,Mobile Phone,1,11.0,Debit Card,Male,4.0,4,Others,4,Married,5,0,15.0,2.0,2.0,7.0,316.44,1-2 Years,Medium (10-20km),4-7 Days
52971,0,27.0,Mobile Phone,1,10.0,Credit Card,Male,3.0,4,Grocery,3,Divorced,5,1,15.0,1.0,2.0,4.0,300.84,2+ Years,Near (<10km),4-7 Days
52972,0,16.0,Mobile Phone,3,7.0,Debit Card,Male,3.0,4,Laptop & Accessory,3,Divorced,3,0,26.0,5.0,12.0,7.0,174.07,1-2 Years,Near (<10km),4-7 Days
52973,0,3.0,Computer,3,9.0,Debit Card,Male,3.0,4,Laptop & Accessory,2,Single,3,0,19.0,1.0,2.0,10.0,170.54,0-6 Months,Near (<10km),8-15 Days
52974,0,29.0,Mobile Phone,1,27.0,Cash on Delivery,Male,3.0,4,Laptop & Accessory,2,Divorced,5,1,20.0,2.0,2.0,9.0,179.15,2+ Years,Far (>20km),8-15 Days
52975,0,1.0,Computer,1,18.0,Credit Card,Male,3.0,4,Laptop & Accessory,5,Divorced,3,1,14.0,3.0,4.0,4.0,172.41,0-6 Months,Medium (10-20km),4-7 Days
52976,0,11.0,Mobile Phone,1,7.0,Debit Card,Female,3.0,4,Mobile Phone,2,Single,3,0,13.0,2.0,6.0,8.0,146.15,6-12 Months,Near (<10km),8-15 Days
52977,1,8.0,Computer,1,31.0,Debit Card,Male,3.0,4,Mobile Phone,3,Married,5,1,23.0,1.0,2.0,1.0,156.61,6-12 Months,Far (>20km),0-3 Days
52978,0,12.0,Mobile Phone,1,30.0,Debit Card,Male,3.0,4,Laptop & Accessory,2,Married,11,0,15.0,1.0,2.0,3.0,182.45,6-12 Months,Far (>20km),0-3 Days
52979,1,1.0,Mobile Phone,1,23.0,Credit Card,Male,3.0,4,Mobile Phone,4,Married,4,1,14.0,2.0,2.0,3.0,148.73,0-6 Months,Far (>20km),0-3 Days
52980,0,2.0,Mobile Phone,1,15.0,Debit Card,Female,4.0,4,Mobile Phone,2,Single,3,0,22.0,1.0,2.0,3.0,158.1,0-6 Months,Medium (10-20km),0-3 Days
52981,0,23.0,Computer,1,17.0,Debit Card,Female,3.0,4,Others,5,Single,11,1,15.0,1.0,2.0,3.0,311.65,1-2 Years,Medium (10-20km),0-3 Days
52982,0,10.0,Mobile Phone,1,10.0,Cash on Delivery,Male,2.0,4,Laptop & Accessory,4,Single,6,0,13.0,7.0,8.0,8.0,169.85,6-12 Months,Near (<10km),8-15 Days
52983,0,5.0,Computer,3,12.0,E Wallet,Female,3.0,4,Mobile Phone,4,Married,3,0,12.0,1.0,3.0,3.0,152.89,0-6 Months,Medium (10-20km),0-3 Days
52984,1,1.0,Mobile Phone,3,11.0,E Wallet,Male,3.0,5,Laptop & Accessory,2,Single,3,1,13.0,8.0,8.0,5.0,183.28,0-6 Months,Medium (10-20km),4-7 Days
52985,0,11.0,Computer,1,16.0,Credit Card,Male,3.0,4,Mobile Phone,2,Divorced,3,1,13.0,1.0,2.0,3.0,148.26,6-12 Months,Medium (10-20km),0-3 Days
52986,0,16.0,Computer,3,33.0,E Wallet,Female,4.0,4,Grocery,4,Divorced,7,0,15.0,3.0,2.0,9.0,260.25,1-2 Years,Far (>20km),8-15 Days
52987,1,1.0,Mobile Phone,1,10.0,Debit Card,Male,3.0,4,Mobile Phone,3,Single,3,0,14.0,1.0,2.0,1.0,139.2,0-6 Months,Near (<10km),0-3 Days
52988,0,9.0,Mobile Phone,3,23.0,E Wallet,Male,4.0,4,Fashion,4,Divorced,2,0,16.0,4.0,7.0,10.0,205.2,6-12 Months,Far (>20km),8-15 Days
52989,0,10.0,Computer,1,25.0,Debit Card,Male,3.0,3,Mobile Phone,2,Divorced,6,0,19.0,1.0,2.0,1.0,161.88,6-12 Months,Far (>20km),0-3 Days
52990,0,25.0,Mobile Phone,1,9.0,Credit Card,Male,3.0,6,Laptop & Accessory,4,Married,7,0,19.0,1.0,2.0,3.0,179.82,2+ Years,Near (<10km),0-3 Days
52991,0,15.0,Mobile Phone,3,9.0,Debit Card,Male,3.0,4,Grocery,4,Single,3,0,20.0,1.0,2.0,5.0,285.15,1-2 Years,Near (<10km),4-7 Days
52992,0,1.0,Mobile Phone,3,17.0,Credit Card,Female,4.0,5,Mobile Phone,3,Single,3,0,13.0,2.0,2.0,1.0,137.0,0-6 Months,Medium (10-20km),0-3 Days
52993,0,2.0,Mobile Phone,1,23.0,Credit Card,Male,4.0,3,Laptop & Accessory,5,Single,2,0,20.0,1.0,2.0,8.0,181.61,0-6 Months,Far (>20km),8-15 Days
52994,0,5.0,Mobile Phone,3,14.0,Cash on Delivery,Male,4.0,3,Laptop & Accessory,2,Divorced,6,0,12.0,4.0,8.0,8.0,194.29,0-6 Months,Medium (10-20km),8-15 Days
52995,0,13.0,Mobile Phone,1,7.0,Credit Card,Male,3.0,3,Fashion,2,Married,2,0,18.0,4.0,4.0,3.0,221.13,1-2 Years,Near (<10km),0-3 Days
52996,0,10.0,Computer,1,31.0,Debit Card,Female,3.0,4,Laptop & Accessory,4,Divorced,9,0,16.0,1.0,2.0,9.0,181.74,6-12 Months,Far (>20km),8-15 Days
52997,0,6.0,Mobile Phone,3,14.0,Debit Card,Male,4.0,5,Laptop & Accessory,3,Divorced,3,0,15.0,2.0,5.0,9.0,179.84,0-6 Months,Medium (10-20km),8-15 Days
52998,0,12.0,Mobile Phone,1,32.0,Debit Card,Female,3.0,5,Fashion,4,Divorced,5,0,18.0,2.0,2.0,2.0,245.61,6-12 Months,Far (>20km),0-3 Days
52999,0,31.0,Computer,1,7.0,Debit Card,Male,3.0,6,Laptop & Accessory,3,Married,4,1,14.0,2.0,2.0,3.0,181.6,2+ Years,Near (<10km),0-3 Days
53000,0,5.0,Mobile Phone,1,12.0,Cash on Delivery,Male,3.0,4,Mobile Phone,2,Divorced,2,1,13.0,1.0,2.0,4.0,173.21,0-6 Months,Medium (10-20km),4-7 Days
53001,0,5.0,Mobile Phone,2,9.0,UPI,Male,4.0,5,Laptop & Accessory,5,Divorced,5,0,13.0,1.0,2.0,1.0,189.1,0-6 Months,Near (<10km),0-3 Days
53002,0,19.0,Computer,1,14.0,Debit Card,Male,4.0,4,Fashion,5,Married,3,0,19.0,6.0,10.0,12.0,177.1,1-2 Years,Medium (10-20km),8-15 Days
53003,0,5.0,Mobile Phone,1,9.0,Debit Card,Male,3.0,4,Mobile Phone,2,Married,2,1,19.0,2.0,3.0,3.0,151.95,0-6 Months,Near (<10km),0-3 Days
53004,0,7.0,Computer,1,12.0,Debit Card,Female,4.0,4,Fashion,4,Divorced,8,0,12.0,3.0,2.0,9.0,243.77999999999997,6-12 Months,Medium (10-20km),8-15 Days
53005,0,13.0,Mobile Phone,1,17.0,Credit Card,Male,3.0,4,Grocery,5,Divorced,3,1,15.0,12.0,12.0,11.0,295.68,1-2 Years,Medium (10-20km),8-15 Days
53006,0,17.0,Computer,1,17.0,Debit Card,Female,3.0,4,Mobile Phone,2,Single,2,0,20.0,1.0,2.0,8.0,149.55,1-2 Years,Medium (10-20km),8-15 Days
53007,0,23.0,Mobile Phone,1,7.0,Cash on Delivery,Female,3.0,5,Grocery,3,Single,9,1,13.0,1.0,2.0,8.0,264.64,1-2 Years,Near (<10km),8-15 Days
53008,1,16.0,Mobile Phone,1,15.0,Credit Card,Male,3.0,5,Laptop & Accessory,4,Divorced,4,0,16.0,8.0,8.0,8.0,174.41,1-2 Years,Medium (10-20km),8-15 Days
53009,0,1.0,Mobile Phone,1,12.0,Debit Card,Female,3.0,4,Mobile Phone,4,Single,3,1,13.0,1.0,2.0,3.0,149.78,0-6 Months,Medium (10-20km),0-3 Days
53010,0,6.0,Mobile Phone,3,15.0,Cash on Delivery,Female,4.0,5,Laptop & Accessory,4,Divorced,3,1,12.0,7.0,12.0,10.0,177.28,0-6 Months,Medium (10-20km),8-15 Days
53011,0,1.0,Mobile Phone,3,9.0,Debit Card,Male,4.0,4,Laptop & Accessory,3,Single,3,1,12.0,2.0,2.0,5.0,169.78,0-6 Months,Near (<10km),4-7 Days
53012,0,5.0,Mobile Phone,3,14.0,E Wallet,Male,4.0,4,Laptop & Accessory,2,Married,6,0,13.0,1.0,2.0,8.0,200.47,0-6 Months,Medium (10-20km),8-15 Days
53013,0,6.0,Mobile Phone,1,9.0,Credit Card,Female,4.0,3,Laptop & Accessory,2,Single,9,0,17.0,2.0,2.0,8.0,175.55,0-6 Months,Near (<10km),8-15 Days
53014,1,1.0,Mobile Phone,1,9.0,Credit Card,Male,3.0,6,Mobile Phone,2,Divorced,7,1,14.0,3.0,3.0,3.0,159.64,0-6 Months,Near (<10km),0-3 Days
53015,0,4.0,Mobile Phone,1,35.0,Credit Card,Female,4.0,4,Laptop & Accessory,2,Divorced,3,0,14.0,1.0,2.0,10.0,182.75,0-6 Months,Far (>20km),8-15 Days
53016,0,5.0,Computer,1,14.0,Debit Card,Female,3.0,5,Fashion,3,Divorced,3,0,25.0,4.0,9.0,3.0,214.43,0-6 Months,Medium (10-20km),0-3 Days
53017,0,13.0,Computer,1,6.0,Credit Card,Male,3.0,5,Others,2,Divorced,3,0,15.0,10.0,14.0,4.0,317.72,1-2 Years,Near (<10km),4-7 Days
53018,1,3.0,Mobile Phone,3,10.0,Credit Card,Female,3.0,4,Laptop & Accessory,3,Divorced,6,1,19.0,2.0,2.0,1.0,177.38,0-6 Months,Near (<10km),0-3 Days
53019,0,7.0,Computer,3,17.0,E Wallet,Male,3.0,5,Laptop & Accessory,2,Single,5,0,15.0,2.0,2.0,2.0,171.82,6-12 Months,Medium (10-20km),0-3 Days
53020,0,21.0,Mobile Phone,1,12.0,Debit Card,Male,3.0,4,Others,3,Divorced,6,0,15.0,1.0,2.0,2.0,308.0,1-2 Years,Medium (10-20km),0-3 Days
53021,0,17.0,Computer,1,17.0,Debit Card,Female,3.0,5,Laptop & Accessory,3,Married,3,0,12.0,1.0,2.0,1.0,177.57,1-2 Years,Medium (10-20km),0-3 Days
53022,0,1.0,Computer,3,7.0,E Wallet,Male,4.0,4,Laptop & Accessory,4,Divorced,2,1,14.0,1.0,2.0,5.0,188.49,0-6 Months,Near (<10km),4-7 Days
53023,0,28.0,Computer,1,27.0,Debit Card,Female,3.0,4,Laptop & Accessory,3,Single,5,0,13.0,2.0,2.0,4.0,173.69,2+ Years,Far (>20km),4-7 Days
53024,0,17.0,Mobile Phone,1,14.0,Debit Card,Female,3.0,4,Fashion,5,Divorced,10,0,17.0,2.0,2.0,3.0,224.85,1-2 Years,Medium (10-20km),0-3 Days
53025,0,19.0,Mobile Phone,1,15.0,UPI,Male,4.0,4,Laptop & Accessory,2,Divorced,11,0,15.0,8.0,10.0,9.0,161.97,1-2 Years,Medium (10-20km),8-15 Days
53026,0,14.0,Mobile Phone,3,7.0,Credit Card,Male,3.0,6,Laptop & Accessory,2,Divorced,4,1,23.0,2.0,2.0,3.0,199.57,1-2 Years,Near (<10km),0-3 Days
53027,1,1.0,Mobile Phone,1,15.0,UPI,Male,4.0,6,Mobile Phone,5,Divorced,3,1,12.0,2.0,2.0,8.0,146.19,0-6 Months,Medium (10-20km),8-15 Days
53028,0,3.0,Mobile Phone,1,16.0,UPI,Male,2.0,5,Mobile Phone,2,Single,2,0,18.0,3.0,3.0,3.0,164.83,0-6 Months,Medium (10-20km),0-3 Days
53029,0,4.0,Mobile Phone,3,12.0,E Wallet,Female,2.0,5,Laptop & Accessory,3,Married,3,0,14.0,1.0,2.0,3.0,186.18,0-6 Months,Medium (10-20km),0-3 Days
53030,0,1.0,Mobile Phone,3,15.0,E Wallet,Female,3.0,4,Laptop & Accessory,4,Divorced,3,0,19.0,1.0,2.0,8.0,187.14,0-6 Months,Medium (10-20km),8-15 Days
53031,0,11.0,Mobile Phone,1,12.0,Credit Card,Male,4.0,4,Laptop & Accessory,2,Married,9,0,17.0,1.0,2.0,5.0,188.47,6-12 Months,Medium (10-20km),4-7 Days
53032,0,12.0,Mobile Phone,1,22.0,Debit Card,Male,4.0,5,Fashion,2,Married,2,1,15.0,2.0,2.0,10.0,240.10000000000002,6-12 Months,Far (>20km),8-15 Days
53033,0,5.0,Mobile Phone,1,14.0,Credit Card,Female,3.0,4,Fashion,2,Single,3,1,15.0,3.0,5.0,11.0,196.43,0-6 Months,Medium (10-20km),8-15 Days
53034,0,3.0,Mobile Phone,3,17.0,E Wallet,Female,3.0,5,Laptop & Accessory,4,Married,3,1,15.0,1.0,2.0,8.0,207.68,0-6 Months,Medium (10-20km),8-15 Days
53035,0,9.0,Mobile Phone,1,12.0,Cash on Delivery,Male,4.0,4,Fashion,4,Single,2,0,14.0,1.0,2.0,14.0,205.95,6-12 Months,Medium (10-20km),8-15 Days
53036,0,1.0,Mobile Phone,1,33.0,Debit Card,Male,3.0,4,Mobile Phone,2,Married,3,0,13.0,2.0,2.0,3.0,154.04,0-6 Months,Far (>20km),0-3 Days
53037,0,15.0,Mobile Phone,1,13.0,Credit Card,Male,4.0,5,Laptop & Accessory,4,Single,8,1,16.0,2.0,2.0,3.0,185.32,1-2 Years,Medium (10-20km),0-3 Days
53038,0,21.0,Computer,3,11.0,Credit Card,Male,3.0,4,Laptop & Accessory,3,Single,5,0,20.0,1.0,2.0,1.0,154.76,1-2 Years,Medium (10-20km),0-3 Days
53039,0,16.0,Mobile Phone,1,30.0,Debit Card,Female,3.0,4,Grocery,2,Single,4,0,15.0,1.0,2.0,1.0,284.92,1-2 Years,Far (>20km),0-3 Days
53040,0,3.0,Computer,3,9.0,Debit Card,Male,4.0,4,Laptop & Accessory,3,Divorced,3,0,15.0,2.0,2.0,3.0,171.49,0-6 Months,Near (<10km),0-3 Days
53041,0,16.0,Mobile Phone,2,9.0,Cash on Delivery,Male,3.0,4,Mobile Phone,3,Married,2,1,12.0,2.0,2.0,1.0,151.96,1-2 Years,Near (<10km),0-3 Days
53042,0,6.0,Mobile Phone,1,9.0,Credit Card,Female,4.0,4,Mobile Phone,4,Divorced,3,0,14.0,1.0,2.0,8.0,148.7,0-6 Months,Near (<10km),8-15 Days
53043,0,22.0,Mobile Phone,3,36.0,Credit Card,Female,4.0,4,Fashion,3,Divorced,5,0,22.0,1.0,2.0,1.0,250.04000000000002,1-2 Years,Far (>20km),0-3 Days
53044,0,11.0,Mobile Phone,1,13.0,Credit Card,Male,3.0,3,Laptop & Accessory,5,Married,6,1,14.0,3.0,7.0,8.0,184.74,6-12 Months,Medium (10-20km),8-15 Days
53045,0,4.0,Computer,3,32.0,Cash on Delivery,Female,3.0,4,Laptop & Accessory,3,Divorced,9,1,13.0,2.0,3.0,3.0,172.36,0-6 Months,Far (>20km),0-3 Days
53046,0,1.0,Mobile Phone,3,7.0,Debit Card,Male,3.0,4,Laptop & Accessory,3,Divorced,3,0,18.0,3.0,8.0,8.0,177.96,0-6 Months,Near (<10km),8-15 Days
53047,0,16.0,Mobile Phone,1,9.0,UPI,Male,4.0,5,Laptop & Accessory,2,Single,5,0,24.0,1.0,2.0,1.0,192.81,1-2 Years,Near (<10km),0-3 Days
53048,1,1.0,Computer,3,7.0,Cash on Delivery,Female,3.0,5,Mobile Phone,4,Single,3,1,12.0,2.0,2.0,3.0,146.74,0-6 Months,Near (<10km),0-3 Days
53049,0,10.0,Computer,3,7.0,Credit Card,Female,3.0,4,Laptop & Accessory,2,Single,6,0,16.0,2.0,2.0,1.0,191.53,6-12 Months,Near (<10km),0-3 Days
53050,0,10.0,Computer,3,10.0,Credit Card,Male,3.0,5,Fashion,2,Divorced,6,0,12.0,1.0,2.0,3.0,221.99,6-12 Months,Near (<10km),0-3 Days
53051,0,31.0,Mobile Phone,1,7.0,Credit Card,Male,3.0,4,Laptop & Accessory,3,Divorced,4,0,12.0,2.0,2.0,3.0,192.55,2+ Years,Near (<10km),0-3 Days
53052,0,14.0,Mobile Phone,1,17.0,Debit Card,Female,3.0,3,Mobile Phone,3,Divorced,5,1,14.0,1.0,2.0,8.0,147.13,1-2 Years,Medium (10-20km),8-15 Days
53053,0,1.0,Computer,3,16.0,Credit Card,Male,3.0,4,Mobile Phone,2,Single,3,0,25.0,1.0,3.0,3.0,151.1,0-6 Months,Medium (10-20km),0-3 Days
53054,1,1.0,Mobile Phone,3,12.0,E Wallet,Female,3.0,4,Mobile Phone,3,Single,3,1,14.0,2.0,2.0,1.0,153.51,0-6 Months,Medium (10-20km),0-3 Days
53055,0,11.0,Mobile Phone,1,17.0,Credit Card,Female,4.0,4,Mobile Phone,5,Divorced,8,0,21.0,2.0,2.0,4.0,159.52,6-12 Months,Medium (10-20km),4-7 Days
53056,0,20.0,Computer,1,14.0,Credit Card,Female,2.0,4,Laptop & Accessory,3,Divorced,4,0,15.0,1.0,2.0,1.0,177.58,1-2 Years,Medium (10-20km),0-3 Days
53057,1,5.0,Computer,3,11.0,E Wallet,Male,3.0,4,Laptop & Accessory,4,Single,3,0,19.0,8.0,8.0,3.0,218.55,0-6 Months,Medium (10-20km),0-3 Days
53058,0,24.0,Mobile Phone,1,17.0,Cash on Delivery,Male,4.0,5,Fashion,2,Single,8,0,16.0,1.0,2.0,3.0,229.96,1-2 Years,Medium (10-20km),0-3 Days
53059,1,4.0,Mobile Phone,3,29.0,E Wallet,Male,4.0,5,Laptop & Accessory,3,Divorced,4,1,13.0,2.0,2.0,1.0,188.8,0-6 Months,Far (>20km),0-3 Days
53060,0,5.0,Mobile Phone,1,16.0,Debit Card,Male,3.0,5,Mobile Phone,4,Single,2,1,17.0,2.0,3.0,3.0,151.57,0-6 Months,Medium (10-20km),0-3 Days
53061,1,1.0,Mobile Phone,3,19.0,Debit Card,Female,3.0,3,Mobile Phone,4,Single,3,0,16.0,1.0,2.0,1.0,152.16,0-6 Months,Medium (10-20km),0-3 Days
53062,0,3.0,Mobile Phone,1,30.0,Debit Card,Male,3.0,4,Mobile Phone,2,Single,11,0,17.0,2.0,2.0,3.0,147.01,0-6 Months,Far (>20km),0-3 Days
53063,0,9.0,Mobile Phone,1,16.0,Debit Card,Male,4.0,5,Laptop & Accessory,4,Single,11,0,20.0,2.0,2.0,1.0,190.4,6-12 Months,Medium (10-20km),0-3 Days
53064,0,1.0,Mobile Phone,1,7.0,Credit Card,Male,3.0,4,Mobile Phone,4,Married,3,0,12.0,1.0,2.0,5.0,163.16,0-6 Months,Near (<10km),4-7 Days
53065,0,2.0,Mobile Phone,3,16.0,Debit Card,Male,4.0,4,Laptop & Accessory,2,Single,3,0,17.0,2.0,2.0,8.0,177.53,0-6 Months,Medium (10-20km),8-15 Days
53066,0,23.0,Mobile Phone,1,14.0,UPI,Male,3.0,5,Fashion,3,Single,10,0,25.0,2.0,2.0,1.0,170.0,1-2 Years,Medium (10-20km),0-3 Days
53067,0,25.0,Mobile Phone,3,21.0,Debit Card,Female,3.0,4,Laptop & Accessory,2,Divorced,6,0,12.0,1.0,2.0,8.0,174.36,2+ Years,Far (>20km),8-15 Days
53068,0,10.0,Mobile Phone,1,9.0,Debit Card,Female,4.0,4,Mobile Phone,3,Divorced,6,0,14.0,2.0,3.0,3.0,150.43,6-12 Months,Near (<10km),0-3 Days
53069,1,1.0,Computer,3,26.0,E Wallet,Male,4.0,3,Laptop & Accessory,2,Single,10,1,14.0,2.0,2.0,5.0,178.04,0-6 Months,Far (>20km),4-7 Days
53070,0,29.0,Mobile Phone,1,9.0,Debit Card,Female,4.0,4,Grocery,2,Single,4,1,14.0,1.0,2.0,3.0,291.59,2+ Years,Near (<10km),0-3 Days
53071,0,1.0,Mobile Phone,3,17.0,E Wallet,Female,4.0,4,Laptop & Accessory,3,Married,3,1,13.0,1.0,2.0,4.0,167.6,0-6 Months,Medium (10-20km),4-7 Days
53072,0,4.0,Mobile Phone,3,9.0,Cash on Delivery,Male,4.0,4,Mobile Phone,4,Divorced,3,0,19.0,2.0,2.0,1.0,149.76,0-6 Months,Near (<10km),0-3 Days
53073,1,1.0,Computer,1,10.0,Cash on Delivery,Male,4.0,4,Mobile Phone,5,Single,2,0,23.0,1.0,2.0,5.0,156.02,0-6 Months,Near (<10km),4-7 Days
53074,0,1.0,Mobile Phone,1,18.0,Credit Card,Female,3.0,4,Mobile Phone,4,Divorced,3,0,14.0,2.0,2.0,3.0,147.44,0-6 Months,Medium (10-20km),0-3 Days
53075,0,10.0,Mobile Phone,3,9.0,Credit Card,Male,4.0,5,Fashion,3,Divorced,3,0,14.0,10.0,10.0,1.0,200.96,6-12 Months,Near (<10km),0-3 Days
53076,1,1.0,Computer,1,11.0,Cash on Delivery,Male,3.0,4,Mobile Phone,2,Single,20,1,24.0,2.0,2.0,1.0,147.85,0-6 Months,Medium (10-20km),0-3 Days
53077,0,11.0,Mobile Phone,1,21.0,Debit Card,Female,4.0,4,Mobile Phone,5,Married,3,0,13.0,4.0,13.0,18.0,155.34,6-12 Months,Far (>20km),15+ Days
53078,0,14.0,Mobile Phone,3,9.0,E Wallet,Female,3.0,4,Laptop & Accessory,4,Married,9,0,13.0,1.0,2.0,4.0,182.15,1-2 Years,Near (<10km),4-7 Days
53079,0,16.0,Mobile Phone,1,7.0,Debit Card,Female,4.0,4,Mobile Phone,5,Married,5,0,17.0,2.0,2.0,3.0,150.76,1-2 Years,Near (<10km),0-3 Days
53080,0,11.0,Mobile Phone,1,17.0,Debit Card,Male,3.0,4,Laptop & Accessory,4,Single,4,1,13.0,1.0,2.0,2.0,166.97,6-12 Months,Medium (10-20km),0-3 Days
53081,0,17.0,Mobile Phone,1,19.0,Debit Card,Male,3.0,5,Grocery,4,Married,3,0,12.0,1.0,4.0,10.0,268.36,1-2 Years,Medium (10-20km),8-15 Days
53082,0,14.0,Mobile Phone,1,9.0,Credit Card,Female,4.0,5,Laptop & Accessory,3,Divorced,8,0,23.0,2.0,2.0,1.0,159.48,1-2 Years,Near (<10km),0-3 Days
53083,0,28.0,Mobile Phone,1,12.0,Credit Card,Male,3.0,4,Others,5,Divorced,6,0,15.0,2.0,2.0,3.0,319.06,2+ Years,Medium (10-20km),0-3 Days
53084,0,8.0,Computer,3,11.0,E Wallet,Female,4.0,4,Laptop & Accessory,3,Divorced,11,0,16.0,2.0,2.0,3.0,190.38,6-12 Months,Medium (10-20km),0-3 Days
53085,0,5.0,Mobile Phone,1,14.0,Credit Card,Female,3.0,4,Laptop & Accessory,5,Divorced,3,0,13.0,4.0,4.0,13.0,168.06,0-6 Months,Medium (10-20km),8-15 Days
53086,0,17.0,Computer,1,28.0,Credit Card,Male,4.0,4,Mobile Phone,2,Divorced,9,0,21.0,1.0,2.0,3.0,147.58,1-2 Years,Far (>20km),0-3 Days
53087,0,17.0,Mobile Phone,1,15.0,UPI,Female,4.0,4,Laptop & Accessory,3,Married,6,1,15.0,1.0,2.0,3.0,170.22,1-2 Years,Medium (10-20km),0-3 Days
53088,0,1.0,Mobile Phone,3,11.0,Debit Card,Female,3.0,5,Laptop & Accessory,2,Single,3,1,12.0,1.0,2.0,4.0,169.87,0-6 Months,Medium (10-20km),4-7 Days
53089,0,11.0,Computer,1,32.0,Credit Card,Female,4.0,4,Laptop & Accessory,3,Divorced,5,1,16.0,4.0,11.0,8.0,169.49,6-12 Months,Far (>20km),8-15 Days
53090,0,5.0,Mobile Phone,1,7.0,Debit Card,Male,4.0,5,Mobile Phone,5,Divorced,3,0,13.0,1.0,4.0,3.0,147.18,0-6 Months,Near (<10km),0-3 Days
53091,0,13.0,Computer,1,7.0,Debit Card,Male,3.0,4,Others,3,Married,3,1,15.0,1.0,2.0,7.0,316.97,1-2 Years,Near (<10km),4-7 Days
53092,0,30.0,Computer,3,13.0,Debit Card,Female,3.0,3,Grocery,5,Divorced,11,0,12.0,3.0,2.0,8.0,257.12,2+ Years,Medium (10-20km),8-15 Days
53093,0,4.0,Mobile Phone,3,19.0,Cash on Delivery,Female,3.0,4,Laptop & Accessory,3,Single,2,0,12.0,4.0,5.0,5.0,190.77,0-6 Months,Medium (10-20km),4-7 Days
53094,0,15.0,Mobile Phone,3,7.0,E Wallet,Male,3.0,3,Fashion,5,Divorced,3,0,17.0,2.0,2.0,8.0,208.92,1-2 Years,Near (<10km),8-15 Days
53095,0,2.0,Mobile Phone,1,24.0,Credit Card,Male,4.0,4,Laptop & Accessory,5,Married,3,0,13.0,1.0,2.0,9.0,170.58,0-6 Months,Far (>20km),8-15 Days
53096,1,1.0,Mobile Phone,1,10.0,Credit Card,Male,4.0,4,Mobile Phone,5,Divorced,7,0,14.0,2.0,2.0,3.0,165.31,0-6 Months,Near (<10km),0-3 Days
53097,0,26.0,Mobile Phone,1,10.0,Credit Card,Male,3.0,5,Fashion,3,Divorced,4,1,15.0,1.0,2.0,5.0,204.69,2+ Years,Near (<10km),4-7 Days
53098,0,19.0,Mobile Phone,1,17.0,Debit Card,Male,4.0,4,Mobile Phone,2,Divorced,5,0,22.0,2.0,2.0,3.0,151.54,1-2 Years,Medium (10-20km),0-3 Days
53099,0,26.0,Mobile Phone,1,11.0,Debit Card,Female,2.0,4,Grocery,2,Divorced,4,0,14.0,1.0,2.0,5.0,290.55,2+ Years,Medium (10-20km),4-7 Days
53100,0,16.0,Computer,1,36.0,Debit Card,Female,4.0,4,Laptop & Accessory,3,Married,4,0,12.0,2.0,2.0,3.0,170.56,1-2 Years,Far (>20km),0-3 Days
53101,0,4.0,Mobile Phone,1,9.0,Debit Card,Female,3.0,6,Laptop & Accessory,2,Single,4,0,21.0,1.0,2.0,3.0,185.91,0-6 Months,Near (<10km),0-3 Days
53102,0,31.0,Mobile Phone,1,14.0,Debit Card,Female,3.0,4,Others,5,Divorced,7,0,15.0,1.0,12.0,11.0,320.66,2+ Years,Medium (10-20km),8-15 Days
53103,0,20.0,Mobile Phone,1,25.0,Credit Card,Female,3.0,4,Laptop & Accessory,3,Married,4,0,15.0,1.0,2.0,9.0,173.1,1-2 Years,Far (>20km),8-15 Days
53104,0,16.0,Computer,1,35.0,Cash on Delivery,Female,3.0,5,Laptop & Accessory,2,Divorced,2,0,12.0,1.0,2.0,5.0,170.23,1-2 Years,Far (>20km),4-7 Days
53105,1,1.0,Mobile Phone,3,7.0,Cash on Delivery,Female,4.0,4,Mobile Phone,4,Single,3,1,17.0,2.0,2.0,5.0,157.02,0-6 Months,Near (<10km),4-7 Days
53106,1,1.0,Computer,3,13.0,E Wallet,Female,3.0,6,Mobile Phone,3,Married,2,0,17.0,2.0,2.0,1.0,148.51,0-6 Months,Medium (10-20km),0-3 Days
53107,0,12.0,Computer,1,9.0,Debit Card,Male,3.0,4,Mobile Phone,2,Divorced,3,1,24.0,2.0,2.0,1.0,142.02,6-12 Months,Near (<10km),0-3 Days
53108,0,14.0,Mobile Phone,3,9.0,Debit Card,Female,4.0,4,Others,3,Divorced,2,0,15.0,1.0,2.0,13.0,305.41,1-2 Years,Near (<10km),8-15 Days
53109,0,1.0,Mobile Phone,1,30.0,Debit Card,Female,3.0,4,Mobile Phone,2,Married,3,0,23.0,2.0,2.0,3.0,153.86,0-6 Months,Far (>20km),0-3 Days
53110,0,4.0,Computer,1,10.0,Debit Card,Male,3.0,4,Mobile Phone,2,Divorced,6,0,16.0,1.0,2.0,5.0,145.97,0-6 Months,Near (<10km),4-7 Days
53111,0,3.0,Mobile Phone,1,10.0,Credit Card,Male,4.0,5,Fashion,3,Divorced,3,0,19.0,2.0,2.0,8.0,244.35000000000002,0-6 Months,Near (<10km),8-15 Days
53112,1,1.0,Mobile Phone,1,32.0,Cash on Delivery,Female,4.0,5,Mobile Phone,4,Divorced,7,0,17.0,1.0,2.0,2.0,150.46,0-6 Months,Far (>20km),0-3 Days
53113,1,1.0,Mobile Phone,2,9.0,Cash on Delivery,Male,3.0,5,Mobile Phone,2,Single,3,0,13.0,2.0,2.0,1.0,150.64,0-6 Months,Near (<10km),0-3 Days
53114,0,4.0,Computer,3,29.0,UPI,Female,4.0,4,Fashion,5,Divorced,2,0,12.0,3.0,8.0,9.0,209.12,0-6 Months,Far (>20km),8-15 Days
53115,0,31.0,Mobile Phone,3,36.0,E Wallet,Male,3.0,5,Grocery,2,Married,5,0,13.0,1.0,2.0,1.0,266.18,2+ Years,Far (>20km),0-3 Days
53116,0,24.0,Mobile Phone,1,36.0,Debit Card,Male,3.0,5,Grocery,3,Divorced,2,0,15.0,12.0,16.0,8.0,295.46,1-2 Years,Far (>20km),8-15 Days
53117,0,4.0,Computer,1,9.0,Credit Card,Female,3.0,4,Mobile Phone,2,Single,2,0,15.0,6.0,7.0,8.0,150.64,0-6 Months,Near (<10km),8-15 Days
53118,0,31.0,Computer,3,35.0,E Wallet,Female,4.0,5,Fashion,5,Divorced,6,0,20.0,14.0,14.0,3.0,227.66,2+ Years,Far (>20km),0-3 Days
53119,0,21.0,Mobile Phone,1,9.0,Credit Card,Female,4.0,4,Laptop & Accessory,2,Married,7,0,14.0,1.0,2.0,5.0,175.7,1-2 Years,Near (<10km),4-7 Days
53120,0,20.0,Mobile Phone,1,9.0,Debit Card,Male,3.0,4,Grocery,3,Divorced,8,0,15.0,1.0,2.0,2.0,303.61,1-2 Years,Near (<10km),0-3 Days
53121,0,9.0,Mobile Phone,1,29.0,Debit Card,Male,3.0,6,Mobile Phone,3,Single,2,0,16.0,3.0,5.0,4.0,167.3,6-12 Months,Far (>20km),4-7 Days
53122,0,28.0,Mobile Phone,1,15.0,Debit Card,Female,3.0,4,Laptop & Accessory,3,Single,9,0,12.0,2.0,2.0,1.0,162.8,2+ Years,Medium (10-20km),0-3 Days
53123,0,8.0,Mobile Phone,1,9.0,Debit Card,Male,4.0,5,Mobile Phone,3,Married,5,0,13.0,6.0,6.0,8.0,152.68,6-12 Months,Near (<10km),8-15 Days
53124,0,20.0,Mobile Phone,3,17.0,E Wallet,Female,4.0,5,Fashion,2,Divorced,4,1,20.0,2.0,2.0,3.0,215.71,1-2 Years,Medium (10-20km),0-3 Days
53125,0,5.0,Mobile Phone,1,16.0,Debit Card,Male,3.0,4,Fashion,4,Married,3,0,26.0,2.0,2.0,9.0,231.48000000000002,0-6 Months,Medium (10-20km),8-15 Days
53126,1,1.0,Mobile Phone,1,22.0,Credit Card,Male,3.0,4,Fashion,3,Divorced,9,1,13.0,1.0,8.0,8.0,261.1,0-6 Months,Far (>20km),8-15 Days
53127,1,1.0,Mobile Phone,1,17.0,Credit Card,Male,3.0,6,Mobile Phone,2,Married,9,0,14.0,1.0,2.0,4.0,159.08,0-6 Months,Medium (10-20km),4-7 Days
53128,0,4.0,Mobile Phone,3,14.0,E Wallet,Male,3.0,4,Mobile Phone,4,Single,2,0,15.0,2.0,2.0,3.0,154.83,0-6 Months,Medium (10-20km),0-3 Days
53129,0,9.0,Mobile Phone,1,23.0,Debit Card,Male,4.0,4,Fashion,3,Divorced,6,1,13.0,1.0,2.0,1.0,201.32,6-12 Months,Far (>20km),0-3 Days
53130,1,1.0,Computer,1,27.0,Debit Card,Male,4.0,4,Fashion,3,Divorced,5,0,13.0,2.0,2.0,3.0,223.24,0-6 Months,Far (>20km),0-3 Days
53131,1,1.0,Computer,2,30.0,UPI,Female,3.0,4,Fashion,5,Married,11,1,16.0,2.0,2.0,3.0,224.5,0-6 Months,Far (>20km),0-3 Days
53132,0,16.0,Computer,1,12.0,UPI,Male,4.0,4,Mobile Phone,3,Divorced,6,0,18.0,3.0,3.0,1.0,145.93,1-2 Years,Medium (10-20km),0-3 Days
53133,0,10.0,Computer,3,17.0,Credit Card,Male,3.0,4,Fashion,2,Single,3,0,15.0,2.0,10.0,3.0,224.8,6-12 Months,Medium (10-20km),0-3 Days
53134,1,1.0,Computer,1,11.0,Cash on Delivery,Male,3.0,5,Mobile Phone,3,Single,7,0,17.0,2.0,2.0,3.0,163.94,0-6 Months,Medium (10-20km),0-3 Days
53135,0,22.0,Mobile Phone,3,9.0,E Wallet,Female,3.0,4,Laptop & Accessory,2,Divorced,4,0,15.0,5.0,7.0,8.0,165.51,1-2 Years,Near (<10km),8-15 Days
53136,0,29.0,Mobile Phone,3,25.0,Debit Card,Female,3.0,4,Grocery,4,Single,5,0,15.0,1.0,8.0,8.0,293.35,2+ Years,Far (>20km),8-15 Days
53137,0,15.0,Computer,3,17.0,Debit Card,Male,3.0,4,Laptop & Accessory,2,Single,9,0,15.0,1.0,2.0,11.0,187.3,1-2 Years,Medium (10-20km),8-15 Days
53138,0,9.0,Mobile Phone,3,7.0,E Wallet,Male,3.0,4,Laptop & Accessory,3,Divorced,11,0,12.0,4.0,7.0,10.0,172.17,6-12 Months,Near (<10km),8-15 Days
53139,0,14.0,Mobile Phone,1,13.0,Debit Card,Female,4.0,4,Grocery,3,Single,9,0,16.0,5.0,2.0,14.0,257.37,1-2 Years,Medium (10-20km),8-15 Days
53140,0,13.0,Computer,1,15.0,Debit Card,Female,3.0,4,Mobile Phone,3,Divorced,3,0,12.0,1.0,2.0,8.0,162.55,1-2 Years,Medium (10-20km),8-15 Days
53141,0,5.0,Mobile Phone,3,9.0,Debit Card,Male,4.0,4,Laptop & Accessory,2,Single,6,1,14.0,2.0,2.0,6.0,190.82,0-6 Months,Near (<10km),4-7 Days
53142,0,16.0,Mobile Phone,1,31.0,Credit Card,Male,3.0,4,Fashion,5,Divorced,3,1,22.0,5.0,6.0,9.0,199.06,1-2 Years,Far (>20km),8-15 Days
53143,0,19.0,Mobile Phone,3,9.0,UPI,Male,4.0,4,Laptop & Accessory,4,Divorced,2,0,20.0,4.0,4.0,8.0,173.05,1-2 Years,Near (<10km),8-15 Days
53144,1,1.0,Computer,2,24.0,Debit Card,Female,3.0,4,Mobile Phone,3,Married,2,1,12.0,1.0,2.0,1.0,152.41,0-6 Months,Far (>20km),0-3 Days
53145,0,3.0,Mobile Phone,1,26.0,Cash on Delivery,Male,3.0,4,Laptop & Accessory,2,Married,6,0,13.0,1.0,2.0,3.0,167.62,0-6 Months,Far (>20km),0-3 Days
53146,0,7.0,Mobile Phone,1,7.0,Credit Card,Female,4.0,3,Grocery,3,Married,6,0,20.0,1.0,2.0,6.0,286.84,6-12 Months,Near (<10km),4-7 Days
53147,0,1.0,Mobile Phone,3,14.0,Debit Card,Male,3.0,5,Fashion,2,Married,11,0,22.0,2.0,2.0,2.0,240.57,0-6 Months,Medium (10-20km),0-3 Days
53148,1,1.0,Computer,3,12.0,E Wallet,Male,4.0,4,Mobile Phone,4,Single,3,1,15.0,2.0,2.0,1.0,143.78,0-6 Months,Medium (10-20km),0-3 Days
53149,0,14.0,Computer,3,35.0,UPI,Male,3.0,6,Fashion,5,Married,5,0,16.0,2.0,2.0,2.0,234.32,1-2 Years,Far (>20km),0-3 Days
53150,0,15.0,Computer,1,9.0,UPI,Female,4.0,5,Laptop & Accessory,3,Single,4,1,18.0,1.0,2.0,8.0,193.11,1-2 Years,Near (<10km),8-15 Days
53151,0,1.0,Mobile Phone,3,36.0,Credit Card,Male,3.0,4,Laptop & Accessory,3,Married,7,0,13.0,2.0,2.0,1.0,168.06,0-6 Months,Far (>20km),0-3 Days
53152,0,9.0,Mobile Phone,3,7.0,Credit Card,Female,4.0,4,Laptop & Accessory,3,Single,3,0,17.0,1.0,2.0,4.0,173.59,6-12 Months,Near (<10km),4-7 Days
53153,0,8.0,Mobile Phone,3,28.0,Debit Card,Male,4.0,3,Laptop & Accessory,2,Single,3,0,13.0,6.0,6.0,8.0,178.37,6-12 Months,Far (>20km),8-15 Days
53154,1,1.0,Mobile Phone,1,31.0,Cash on Delivery,Male,4.0,6,Mobile Phone,2,Single,3,1,19.0,2.0,2.0,1.0,148.4,0-6 Months,Far (>20km),0-3 Days
53155,0,11.0,Mobile Phone,1,7.0,Cash on Delivery,Female,3.0,4,Fashion,2,Single,6,0,18.0,2.0,2.0,3.0,199.91,6-12 Months,Near (<10km),0-3 Days
53156,0,20.0,Computer,1,25.0,Credit Card,Female,3.0,4,Fashion,3,Divorced,7,0,12.0,2.0,2.0,3.0,230.27,1-2 Years,Far (>20km),0-3 Days
53157,0,15.0,Mobile Phone,3,9.0,Debit Card,Female,4.0,4,Grocery,5,Divorced,9,0,17.0,1.0,12.0,9.0,290.95,1-2 Years,Near (<10km),8-15 Days
53158,0,11.0,Computer,3,16.0,Credit Card,Male,4.0,4,Fashion,4,Married,3,0,14.0,7.0,8.0,3.0,213.34,6-12 Months,Medium (10-20km),0-3 Days
53159,0,26.0,Mobile Phone,1,13.0,Cash on Delivery,Male,4.0,4,Laptop & Accessory,5,Married,5,1,13.0,3.0,7.0,10.0,180.77,2+ Years,Medium (10-20km),8-15 Days
53160,1,1.0,Computer,3,18.0,UPI,Male,3.0,3,Laptop & Accessory,3,Divorced,10,0,13.0,2.0,2.0,3.0,172.07,0-6 Months,Medium (10-20km),0-3 Days
53161,0,1.0,Computer,3,31.0,Credit Card,Male,3.0,4,Mobile Phone,2,Divorced,2,0,14.0,1.0,3.0,2.0,149.0,0-6 Months,Far (>20km),0-3 Days
53162,0,12.0,Mobile Phone,1,17.0,Credit Card,Female,4.0,4,Laptop & Accessory,3,Divorced,5,0,20.0,2.0,2.0,3.0,223.24,6-12 Months,Medium (10-20km),0-3 Days
53163,0,11.0,Mobile Phone,1,7.0,Debit Card,Female,4.0,4,Laptop & Accessory,4,Divorced,8,0,13.0,4.0,5.0,4.0,189.47,6-12 Months,Near (<10km),4-7 Days
53164,0,23.0,Mobile Phone,1,25.0,Debit Card,Male,3.0,5,Others,3,Married,3,1,15.0,1.0,2.0,10.0,320.02,1-2 Years,Far (>20km),8-15 Days
53165,0,1.0,Mobile Phone,1,30.0,Credit Card,Male,3.0,3,Mobile Phone,2,Divorced,3,1,12.0,1.0,2.0,5.0,152.25,0-6 Months,Far (>20km),4-7 Days
53166,0,1.0,Mobile Phone,3,35.0,E Wallet,Male,4.0,4,Laptop & Accessory,4,Divorced,3,0,21.0,2.0,2.0,5.0,187.72,0-6 Months,Far (>20km),4-7 Days
53167,0,1.0,Mobile Phone,1,24.0,UPI,Male,4.0,5,Mobile Phone,4,Divorced,3,0,22.0,2.0,2.0,1.0,146.27,0-6 Months,Far (>20km),0-3 Days
53168,0,24.0,Computer,2,10.0,Credit Card,Male,3.0,4,Others,4,Divorced,3,0,15.0,7.0,11.0,8.0,307.0,1-2 Years,Near (<10km),8-15 Days
53169,0,1.0,Mobile Phone,3,20.0,Credit Card,Male,3.0,4,Mobile Phone,3,Divorced,3,0,12.0,2.0,2.0,7.0,145.96,0-6 Months,Medium (10-20km),4-7 Days
53170,1,1.0,Computer,1,14.0,Debit Card,Female,3.0,4,Mobile Phone,3,Divorced,3,1,17.0,1.0,2.0,3.0,153.86,0-6 Months,Medium (10-20km),0-3 Days
53171,1,1.0,Computer,3,19.0,Debit Card,Male,4.0,5,Mobile Phone,5,Divorced,3,0,19.0,2.0,2.0,1.0,145.33,0-6 Months,Medium (10-20km),0-3 Days
53172,0,8.0,Mobile Phone,1,7.0,Debit Card,Male,3.0,5,Mobile Phone,2,Divorced,3,1,14.0,1.0,2.0,4.0,161.22,6-12 Months,Near (<10km),4-7 Days
53173,1,1.0,Mobile Phone,3,20.0,Credit Card,Male,3.0,4,Laptop & Accessory,5,Married,4,0,18.0,1.0,2.0,3.0,167.33,0-6 Months,Medium (10-20km),0-3 Days
53174,0,9.0,Mobile Phone,1,32.0,UPI,Male,3.0,5,Laptop & Accessory,2,Single,6,0,15.0,1.0,2.0,3.0,161.81,6-12 Months,Far (>20km),0-3 Days
53175,0,5.0,Mobile Phone,3,13.0,Credit Card,Male,4.0,3,Laptop & Accessory,2,Married,6,0,23.0,4.0,6.0,8.0,179.6,0-6 Months,Medium (10-20km),8-15 Days
53176,0,1.0,Mobile Phone,1,13.0,Credit Card,Female,4.0,5,Mobile Phone,3,Married,2,0,13.0,2.0,2.0,4.0,146.87,0-6 Months,Medium (10-20km),4-7 Days
53177,0,11.0,Mobile Phone,3,9.0,E Wallet,Male,4.0,4,Laptop & Accessory,3,Divorced,6,1,12.0,1.0,2.0,3.0,221.02,6-12 Months,Near (<10km),0-3 Days
53178,0,1.0,Mobile Phone,1,7.0,Debit Card,Female,3.0,5,Mobile Phone,4,Single,3,0,14.0,2.0,2.0,1.0,153.36,0-6 Months,Near (<10km),0-3 Days
53179,0,16.0,Mobile Phone,1,9.0,Debit Card,Female,3.0,4,Laptop & Accessory,2,Divorced,3,0,14.0,3.0,3.0,3.0,165.89,1-2 Years,Near (<10km),0-3 Days
53180,0,17.0,Mobile Phone,1,13.0,UPI,Male,3.0,5,Grocery,2,Married,6,1,15.0,1.0,2.0,1.0,291.27,1-2 Years,Medium (10-20km),0-3 Days
53181,0,12.0,Mobile Phone,1,7.0,Debit Card,Female,3.0,4,Mobile Phone,5,Single,5,0,18.0,2.0,2.0,1.0,151.19,6-12 Months,Near (<10km),0-3 Days
53182,0,17.0,Computer,1,16.0,Credit Card,Male,4.0,4,Laptop & Accessory,3,Married,5,1,14.0,3.0,5.0,8.0,181.79,1-2 Years,Medium (10-20km),8-15 Days
53183,0,22.0,Mobile Phone,1,7.0,Debit Card,Female,3.0,5,Grocery,5,Divorced,9,0,12.0,1.0,2.0,3.0,279.02,1-2 Years,Near (<10km),0-3 Days
53184,0,18.0,Mobile Phone,2,7.0,Debit Card,Female,3.0,5,Laptop & Accessory,3,Single,6,0,12.0,2.0,2.0,3.0,184.85,1-2 Years,Near (<10km),0-3 Days
53185,0,8.0,Mobile Phone,3,21.0,Cash on Delivery,Female,3.0,4,Mobile Phone,3,Married,3,1,19.0,2.0,2.0,7.0,150.79,6-12 Months,Far (>20km),4-7 Days
53186,1,1.0,Mobile Phone,3,9.0,E Wallet,Male,3.0,4,Mobile Phone,5,Married,2,0,12.0,1.0,2.0,3.0,155.41,0-6 Months,Near (<10km),0-3 Days
53187,0,1.0,Mobile Phone,3,29.0,Cash on Delivery,Male,3.0,4,Mobile Phone,3,Single,3,0,12.0,2.0,2.0,3.0,159.47,0-6 Months,Far (>20km),0-3 Days
53188,0,18.0,Mobile Phone,1,10.0,UPI,Male,3.0,4,Others,2,Divorced,6,1,15.0,2.0,2.0,2.0,320.13,1-2 Years,Near (<10km),0-3 Days
53189,0,1.0,Mobile Phone,1,13.0,Credit Card,Male,4.0,4,Mobile Phone,3,Divorced,2,0,21.0,3.0,3.0,3.0,152.73,0-6 Months,Medium (10-20km),0-3 Days
53190,0,7.0,Mobile Phone,3,15.0,E Wallet,Male,3.0,4,Laptop & Accessory,3,Married,2,0,13.0,2.0,2.0,3.0,196.04,6-12 Months,Medium (10-20km),0-3 Days
53191,0,6.0,Mobile Phone,1,16.0,Debit Card,Female,4.0,4,Laptop & Accessory,2,Divorced,3,1,13.0,2.0,2.0,6.0,188.22,0-6 Months,Medium (10-20km),4-7 Days
53192,0,4.0,Computer,1,10.0,Credit Card,Female,4.0,4,Mobile Phone,3,Married,3,0,21.0,2.0,2.0,1.0,145.83,0-6 Months,Near (<10km),0-3 Days
53193,0,27.0,Mobile Phone,3,7.0,Credit Card,Female,3.0,4,Laptop & Accessory,5,Single,9,0,21.0,7.0,9.0,11.0,208.81,2+ Years,Near (<10km),8-15 Days
53194,0,8.0,Mobile Phone,1,7.0,Debit Card,Male,3.0,4,Mobile Phone,2,Divorced,3,0,13.0,7.0,9.0,9.0,151.91,6-12 Months,Near (<10km),8-15 Days
53195,1,9.0,Computer,3,33.0,Debit Card,Female,4.0,4,Laptop & Accessory,5,Divorced,4,0,15.0,1.0,2.0,1.0,167.86,6-12 Months,Far (>20km),0-3 Days
53196,0,1.0,Mobile Phone,1,13.0,Debit Card,Female,4.0,4,Mobile Phone,2,Divorced,3,1,14.0,1.0,2.0,3.0,151.59,0-6 Months,Medium (10-20km),0-3 Days
53197,0,11.0,Mobile Phone,1,10.0,UPI,Male,3.0,4,Fashion,3,Divorced,3,0,16.0,7.0,8.0,3.0,219.34,6-12 Months,Near (<10km),0-3 Days
53198,0,3.0,Mobile Phone,3,10.0,Credit Card,Female,4.0,4,Laptop & Accessory,3,Divorced,3,0,15.0,1.0,2.0,3.0,180.61,0-6 Months,Near (<10km),0-3 Days
53199,0,9.0,Mobile Phone,1,13.0,Debit Card,Male,3.0,6,Laptop & Accessory,2,Single,3,0,14.0,12.0,12.0,9.0,191.46,6-12 Months,Medium (10-20km),8-15 Days
53200,0,7.0,Computer,1,13.0,Debit Card,Male,2.0,4,Laptop & Accessory,2,Married,5,0,24.0,5.0,5.0,8.0,202.25,6-12 Months,Medium (10-20km),8-15 Days
53201,0,28.0,Mobile Phone,2,26.0,Credit Card,Male,3.0,4,Fashion,4,Divorced,4,0,16.0,4.0,2.0,2.0,232.25,2+ Years,Far (>20km),0-3 Days
53202,0,10.0,Mobile Phone,1,16.0,Credit Card,Male,3.0,5,Laptop & Accessory,4,Married,4,1,12.0,2.0,2.0,3.0,213.47,6-12 Months,Medium (10-20km),0-3 Days
53203,0,1.0,Mobile Phone,1,10.0,Credit Card,Male,3.0,5,Mobile Phone,2,Single,2,0,14.0,1.0,2.0,2.0,145.45,0-6 Months,Near (<10km),0-3 Days
53204,1,1.0,Mobile Phone,1,17.0,Credit Card,Male,3.0,4,Mobile Phone,3,Single,3,1,12.0,1.0,2.0,2.0,135.09,0-6 Months,Medium (10-20km),0-3 Days
53205,1,1.0,Computer,1,10.0,Debit Card,Male,4.0,4,Mobile Phone,5,Single,3,1,12.0,10.0,10.0,8.0,158.48,0-6 Months,Near (<10km),8-15 Days
53206,0,9.0,Computer,1,10.0,Debit Card,Male,3.0,5,Mobile Phone,3,Divorced,3,0,19.0,2.0,2.0,1.0,137.81,6-12 Months,Near (<10km),0-3 Days
53207,0,1.0,Mobile Phone,1,11.0,Credit Card,Male,3.0,3,Mobile Phone,5,Divorced,4,0,17.0,1.0,2.0,3.0,153.19,0-6 Months,Medium (10-20km),0-3 Days
53208,0,1.0,Mobile Phone,3,15.0,Debit Card,Male,3.0,3,Laptop & Accessory,4,Divorced,2,0,23.0,1.0,2.0,3.0,173.51,0-6 Months,Medium (10-20km),0-3 Days
53209,0,12.0,Mobile Phone,3,14.0,E Wallet,Female,3.0,5,Laptop & Accessory,2,Single,2,0,21.0,2.0,2.0,6.0,165.28,6-12 Months,Medium (10-20km),4-7 Days
53210,0,3.0,Computer,1,7.0,Debit Card,Male,4.0,6,Mobile Phone,2,Married,3,0,19.0,3.0,3.0,9.0,152.2,0-6 Months,Near (<10km),8-15 Days
53211,0,22.0,Mobile Phone,3,9.0,E Wallet,Male,3.0,3,Laptop & Accessory,4,Divorced,5,0,13.0,3.0,3.0,3.0,206.2,1-2 Years,Near (<10km),0-3 Days
53212,0,1.0,Computer,3,10.0,Credit Card,Female,4.0,3,Laptop & Accessory,2,Married,3,1,21.0,2.0,2.0,5.0,171.47,0-6 Months,Near (<10km),4-7 Days
53213,0,11.0,Mobile Phone,1,17.0,Debit Card,Male,4.0,3,Mobile Phone,2,Single,5,0,18.0,2.0,2.0,1.0,171.8,6-12 Months,Medium (10-20km),0-3 Days
53214,0,24.0,Mobile Phone,1,35.0,Credit Card,Male,4.0,3,Mobile Phone,3,Divorced,3,1,12.0,4.0,4.0,9.0,157.21,1-2 Years,Far (>20km),8-15 Days
53215,0,8.0,Mobile Phone,1,16.0,Credit Card,Female,3.0,5,Fashion,4,Single,3,0,15.0,5.0,8.0,3.0,211.21,6-12 Months,Medium (10-20km),0-3 Days
53216,1,1.0,Mobile Phone,3,10.0,Debit Card,Female,4.0,4,Laptop & Accessory,3,Single,11,0,15.0,2.0,3.0,1.0,170.77,0-6 Months,Near (<10km),0-3 Days
53217,0,13.0,Mobile Phone,1,9.0,Cash on Delivery,Female,4.0,5,Laptop & Accessory,3,Single,3,0,12.0,3.0,12.0,11.0,170.53,1-2 Years,Near (<10km),8-15 Days
53218,0,6.0,Mobile Phone,3,17.0,E Wallet,Male,3.0,4,Laptop & Accessory,2,Single,3,0,13.0,1.0,2.0,9.0,178.96,0-6 Months,Medium (10-20km),8-15 Days
53219,1,14.0,Computer,3,15.0,Cash on Delivery,Male,3.0,4,Laptop & Accessory,3,Divorced,5,1,15.0,2.0,2.0,4.0,192.96,1-2 Years,Medium (10-20km),4-7 Days
53220,0,12.0,Mobile Phone,1,7.0,Debit Card,Female,3.0,3,Laptop & Accessory,2,Single,2,0,14.0,2.0,2.0,9.0,201.25,6-12 Months,Near (<10km),8-15 Days
53221,0,1.0,Mobile Phone,1,7.0,Debit Card,Female,4.0,4,Fashion,5,Divorced,3,0,12.0,2.0,2.0,8.0,199.12,0-6 Months,Near (<10km),8-15 Days
53222,0,6.0,Mobile Phone,1,10.0,Debit Card,Female,3.0,4,Fashion,2,Single,5,0,16.0,4.0,2.0,8.0,236.58999999999997,0-6 Months,Near (<10km),8-15 Days
53223,0,21.0,Mobile Phone,3,21.0,E Wallet,Male,3.0,4,Laptop & Accessory,5,Single,4,0,13.0,1.0,2.0,8.0,174.6,1-2 Years,Far (>20km),8-15 Days
53224,0,14.0,Computer,3,12.0,Debit Card,Male,3.0,5,Fashion,5,Divorced,7,1,22.0,1.0,2.0,3.0,229.75,1-2 Years,Medium (10-20km),0-3 Days
53225,0,27.0,Mobile Phone,1,14.0,Debit Card,Male,3.0,3,Grocery,3,Divorced,5,0,20.0,1.0,2.0,4.0,273.14,2+ Years,Medium (10-20km),4-7 Days
53226,0,15.0,Mobile Phone,2,17.0,UPI,Male,4.0,5,Others,2,Married,5,0,15.0,13.0,13.0,7.0,316.41,1-2 Years,Medium (10-20km),4-7 Days
53227,0,31.0,Mobile Phone,3,23.0,E Wallet,Male,3.0,4,Laptop & Accessory,5,Single,10,0,15.0,2.0,3.0,3.0,179.05,2+ Years,Far (>20km),0-3 Days
53228,0,1.0,Computer,1,17.0,Debit Card,Male,3.0,4,Fashion,5,Married,3,0,22.0,2.0,2.0,3.0,212.93,0-6 Months,Medium (10-20km),0-3 Days
53229,0,15.0,Mobile Phone,2,7.0,UPI,Male,3.0,5,Others,3,Divorced,3,0,15.0,3.0,3.0,11.0,316.89,1-2 Years,Near (<10km),8-15 Days
53230,0,24.0,Mobile Phone,3,15.0,E Wallet,Male,3.0,4,Mobile Phone,4,Divorced,9,0,16.0,2.0,3.0,3.0,163.75,1-2 Years,Medium (10-20km),0-3 Days
53231,1,1.0,Mobile Phone,1,7.0,Debit Card,Female,4.0,6,Mobile Phone,4,Single,9,1,14.0,2.0,4.0,8.0,147.16,0-6 Months,Near (<10km),8-15 Days
53232,0,10.0,Computer,1,15.0,Debit Card,Female,4.0,3,Fashion,5,Divorced,11,0,15.0,1.0,2.0,6.0,242.13,6-12 Months,Medium (10-20km),4-7 Days
53233,0,12.0,Mobile Phone,1,7.0,Debit Card,Female,3.0,4,Fashion,3,Single,6,1,15.0,1.0,2.0,1.0,203.61,6-12 Months,Near (<10km),0-3 Days
53234,0,18.0,Computer,1,31.0,Credit Card,Male,3.0,6,Mobile Phone,3,Single,4,0,15.0,1.0,2.0,5.0,162.08,1-2 Years,Far (>20km),4-7 Days
53235,0,21.0,Computer,3,10.0,Credit Card,Female,3.0,4,Grocery,3,Married,11,1,13.0,1.0,12.0,14.0,262.7,1-2 Years,Near (<10km),8-15 Days
53236,0,4.0,Mobile Phone,3,34.0,E Wallet,Male,3.0,4,Laptop & Accessory,2,Married,9,0,24.0,5.0,8.0,8.0,178.04,0-6 Months,Far (>20km),8-15 Days
53237,0,3.0,Mobile Phone,3,17.0,Debit Card,Male,3.0,4,Mobile Phone,3,Single,3,0,12.0,1.0,2.0,1.0,151.42,0-6 Months,Medium (10-20km),0-3 Days
53238,1,6.0,Computer,1,26.0,Credit Card,Male,3.0,3,Mobile Phone,3,Married,8,1,13.0,3.0,3.0,3.0,152.59,0-6 Months,Far (>20km),0-3 Days
53239,0,17.0,Computer,3,22.0,Debit Card,Male,3.0,5,Laptop & Accessory,2,Divorced,5,0,19.0,1.0,3.0,3.0,193.04,1-2 Years,Far (>20km),0-3 Days
53240,0,8.0,Mobile Phone,1,15.0,Credit Card,Female,4.0,4,Laptop & Accessory,3,Single,5,0,12.0,2.0,5.0,4.0,186.42,6-12 Months,Medium (10-20km),4-7 Days
53241,0,1.0,Mobile Phone,1,16.0,Credit Card,Male,3.0,4,Mobile Phone,5,Divorced,3,0,15.0,1.0,2.0,3.0,150.0,0-6 Months,Medium (10-20km),0-3 Days
53242,0,13.0,Mobile Phone,2,10.0,UPI,Female,3.0,3,Laptop & Accessory,4,Divorced,11,0,16.0,4.0,4.0,7.0,188.89,1-2 Years,Near (<10km),4-7 Days
53243,0,30.0,Mobile Phone,1,16.0,Credit Card,Male,3.0,4,Grocery,2,Divorced,9,0,12.0,1.0,2.0,2.0,236.02999999999997,2+ Years,Medium (10-20km),0-3 Days
53244,0,14.0,Mobile Phone,1,9.0,Credit Card,Female,3.0,5,Mobile Phone,2,Single,2,1,21.0,3.0,3.0,4.0,148.42,1-2 Years,Near (<10km),4-7 Days
53245,0,1.0,Mobile Phone,1,14.0,Credit Card,Female,3.0,5,Laptop & Accessory,5,Single,10,0,20.0,2.0,2.0,8.0,193.11,0-6 Months,Medium (10-20km),8-15 Days
53246,0,3.0,Mobile Phone,3,17.0,E Wallet,Male,3.0,4,Mobile Phone,4,Married,3,0,15.0,1.0,3.0,3.0,147.97,0-6 Months,Medium (10-20km),0-3 Days
53247,0,27.0,Mobile Phone,1,13.0,Debit Card,Male,3.0,4,Laptop & Accessory,2,Single,4,0,18.0,2.0,3.0,3.0,149.5,2+ Years,Medium (10-20km),0-3 Days
53248,0,9.0,Computer,1,9.0,Debit Card,Female,4.0,4,Laptop & Accessory,5,Married,4,0,12.0,1.0,2.0,1.0,175.93,6-12 Months,Near (<10km),0-3 Days
53249,0,6.0,Computer,1,31.0,Debit Card,Male,4.0,4,Laptop & Accessory,2,Divorced,3,0,16.0,3.0,5.0,8.0,178.09,0-6 Months,Far (>20km),8-15 Days
53250,0,12.0,Mobile Phone,1,9.0,Credit Card,Male,4.0,4,Mobile Phone,3,Divorced,8,1,14.0,1.0,2.0,2.0,155.57,6-12 Months,Near (<10km),0-3 Days
53251,0,8.0,Mobile Phone,1,15.0,Debit Card,Female,3.0,4,Laptop & Accessory,5,Married,5,0,15.0,2.0,2.0,1.0,176.21,6-12 Months,Medium (10-20km),0-3 Days
53252,0,26.0,Mobile Phone,3,10.0,E Wallet,Male,3.0,5,Grocery,5,Divorced,3,0,15.0,2.0,2.0,17.0,293.56,2+ Years,Near (<10km),15+ Days
53253,1,1.0,Mobile Phone,1,7.0,UPI,Male,4.0,4,Mobile Phone,2,Single,3,1,14.0,6.0,8.0,9.0,151.86,0-6 Months,Near (<10km),8-15 Days
53254,0,1.0,Mobile Phone,3,33.0,Credit Card,Female,3.0,4,Laptop & Accessory,2,Single,3,0,24.0,1.0,2.0,5.0,186.8,0-6 Months,Far (>20km),4-7 Days
53255,0,19.0,Mobile Phone,3,9.0,Cash on Delivery,Male,3.0,6,Laptop & Accessory,3,Single,2,0,14.0,1.0,4.0,2.0,191.32,1-2 Years,Near (<10km),0-3 Days
53256,0,1.0,Mobile Phone,1,17.0,Credit Card,Male,4.0,3,Mobile Phone,3,Single,3,0,19.0,2.0,2.0,3.0,160.05,0-6 Months,Medium (10-20km),0-3 Days
53257,1,11.0,Computer,3,34.0,Debit Card,Female,4.0,2,Laptop & Accessory,3,Single,6,1,13.0,2.0,2.0,4.0,188.97,6-12 Months,Far (>20km),4-7 Days
53258,0,8.0,Mobile Phone,3,9.0,UPI,Male,3.0,4,Laptop & Accessory,2,Single,3,0,23.0,1.0,2.0,5.0,187.74,6-12 Months,Near (<10km),4-7 Days
53259,1,19.0,Mobile Phone,1,9.0,Credit Card,Male,4.0,4,Others,5,Divorced,7,1,14.0,2.0,2.0,5.0,323.59,1-2 Years,Near (<10km),4-7 Days
53260,0,10.0,Computer,3,15.0,Debit Card,Male,4.0,5,Fashion,5,Single,3,0,16.0,1.0,2.0,10.0,200.87,6-12 Months,Medium (10-20km),8-15 Days
53261,0,26.0,Computer,1,26.0,Credit Card,Male,3.0,4,Mobile Phone,2,Divorced,2,0,19.0,2.0,2.0,3.0,167.58,2+ Years,Far (>20km),0-3 Days
53262,0,1.0,Computer,1,7.0,Debit Card,Female,4.0,6,Mobile Phone,2,Married,5,0,15.0,3.0,3.0,1.0,168.64,0-6 Months,Near (<10km),0-3 Days
53263,0,3.0,Mobile Phone,1,34.0,Credit Card,Female,4.0,4,Laptop & Accessory,3,Divorced,6,0,13.0,2.0,2.0,2.0,168.35,0-6 Months,Far (>20km),0-3 Days
53264,1,1.0,Mobile Phone,3,15.0,Cash on Delivery,Male,3.0,5,Laptop & Accessory,5,Single,8,0,18.0,2.0,2.0,3.0,178.26,0-6 Months,Medium (10-20km),0-3 Days
53265,0,8.0,Mobile Phone,1,7.0,Debit Card,Female,4.0,2,Mobile Phone,2,Single,4,0,17.0,1.0,2.0,4.0,157.8,6-12 Months,Near (<10km),4-7 Days
53266,0,28.0,Mobile Phone,1,26.0,Credit Card,Female,4.0,4,Laptop & Accessory,5,Married,11,1,12.0,1.0,2.0,5.0,179.85,2+ Years,Far (>20km),4-7 Days
53267,0,3.0,Computer,3,6.0,E Wallet,Male,3.0,4,Laptop & Accessory,2,Divorced,2,0,20.0,1.0,2.0,2.0,168.42,0-6 Months,Near (<10km),0-3 Days
53268,0,11.0,Mobile Phone,1,17.0,Debit Card,Female,3.0,4,Mobile Phone,5,Married,2,1,14.0,4.0,5.0,4.0,152.82,6-12 Months,Medium (10-20km),4-7 Days
53269,0,12.0,Computer,1,9.0,Debit Card,Female,4.0,2,Laptop & Accessory,5,Single,8,1,13.0,5.0,5.0,13.0,184.8,6-12 Months,Near (<10km),8-15 Days
53270,0,8.0,Mobile Phone,1,9.0,Credit Card,Female,3.0,5,Mobile Phone,5,Single,3,0,12.0,2.0,2.0,4.0,168.81,6-12 Months,Near (<10km),4-7 Days
53271,0,9.0,Mobile Phone,3,15.0,Debit Card,Female,4.0,4,Mobile Phone,2,Divorced,3,0,17.0,1.0,2.0,3.0,150.72,6-12 Months,Medium (10-20km),0-3 Days
53272,0,4.0,Mobile Phone,1,7.0,Debit Card,Male,3.0,6,Mobile Phone,3,Divorced,5,0,22.0,2.0,2.0,3.0,163.33,0-6 Months,Near (<10km),0-3 Days
53273,0,14.0,Computer,1,9.0,Credit Card,Female,3.0,2,Laptop & Accessory,4,Divorced,3,0,25.0,1.0,4.0,8.0,167.44,1-2 Years,Near (<10km),8-15 Days
53274,0,8.0,Mobile Phone,3,15.0,Debit Card,Female,4.0,4,Laptop & Accessory,5,Divorced,7,0,18.0,2.0,2.0,3.0,190.0,6-12 Months,Medium (10-20km),0-3 Days
53275,0,16.0,Computer,1,15.0,Debit Card,Male,4.0,4,Others,2,Married,3,0,15.0,1.0,15.0,10.0,309.3,1-2 Years,Medium (10-20km),8-15 Days
53276,1,1.0,Mobile Phone,1,13.0,Debit Card,Male,4.0,2,Mobile Phone,5,Divorced,3,1,22.0,2.0,2.0,1.0,141.01,0-6 Months,Medium (10-20km),0-3 Days
53277,0,1.0,Computer,1,16.0,Debit Card,Male,3.0,5,Mobile Phone,4,Married,3,0,12.0,2.0,2.0,1.0,151.94,0-6 Months,Medium (10-20km),0-3 Days
53278,0,26.0,Mobile Phone,1,18.0,Debit Card,Female,3.0,4,Laptop & Accessory,3,Divorced,10,0,21.0,2.0,2.0,5.0,156.49,2+ Years,Medium (10-20km),4-7 Days
53279,0,24.0,Mobile Phone,1,9.0,Credit Card,Male,4.0,4,Grocery,3,Divorced,7,0,15.0,1.0,2.0,4.0,301.39,1-2 Years,Near (<10km),4-7 Days
53280,1,1.0,Mobile Phone,1,7.0,Debit Card,Female,3.0,5,Mobile Phone,5,Divorced,3,1,12.0,1.0,2.0,1.0,148.19,0-6 Months,Near (<10km),0-3 Days
53281,0,7.0,Mobile Phone,1,14.0,Credit Card,Male,3.0,4,Fashion,3,Divorced,2,0,12.0,1.0,2.0,8.0,241.91000000000003,6-12 Months,Medium (10-20km),8-15 Days
53282,1,1.0,Mobile Phone,3,23.0,E Wallet,Female,4.0,4,Laptop & Accessory,5,Single,7,0,16.0,2.0,2.0,3.0,178.24,0-6 Months,Far (>20km),0-3 Days
53283,0,21.0,Mobile Phone,1,9.0,UPI,Female,3.0,4,Grocery,2,Divorced,3,1,15.0,4.0,4.0,1.0,292.52,1-2 Years,Near (<10km),0-3 Days
53284,0,10.0,Mobile Phone,1,7.0,UPI,Female,3.0,4,Laptop & Accessory,4,Divorced,2,0,16.0,1.0,2.0,6.0,177.28,6-12 Months,Near (<10km),4-7 Days
53285,0,3.0,Mobile Phone,1,30.0,Debit Card,Male,3.0,2,Mobile Phone,3,Divorced,3,0,25.0,2.0,2.0,8.0,152.0,0-6 Months,Far (>20km),8-15 Days
53286,1,21.0,Mobile Phone,1,9.0,Debit Card,Male,3.0,4,Others,4,Single,9,1,15.0,6.0,14.0,9.0,317.46,1-2 Years,Near (<10km),8-15 Days
53287,0,9.0,Mobile Phone,1,7.0,Debit Card,Female,3.0,2,Mobile Phone,3,Single,5,0,14.0,1.0,3.0,3.0,150.06,6-12 Months,Near (<10km),0-3 Days
53288,0,16.0,Mobile Phone,1,7.0,Debit Card,Female,3.0,5,Laptop & Accessory,2,Divorced,11,1,14.0,1.0,2.0,3.0,185.62,1-2 Years,Near (<10km),0-3 Days
53289,1,1.0,Mobile Phone,1,9.0,Credit Card,Male,3.0,4,Mobile Phone,3,Single,8,0,18.0,1.0,3.0,2.0,168.82,0-6 Months,Near (<10km),0-3 Days
53290,0,10.0,Mobile Phone,2,20.0,UPI,Male,3.0,4,Mobile Phone,4,Divorced,5,0,14.0,2.0,2.0,5.0,146.43,6-12 Months,Medium (10-20km),4-7 Days
53291,0,6.0,Mobile Phone,1,11.0,Debit Card,Female,4.0,5,Laptop & Accessory,3,Divorced,3,0,13.0,2.0,7.0,9.0,186.62,0-6 Months,Medium (10-20km),8-15 Days
53292,0,14.0,Computer,1,23.0,Credit Card,Male,3.0,5,Laptop & Accessory,3,Single,8,0,15.0,2.0,2.0,1.0,175.94,1-2 Years,Far (>20km),0-3 Days
53293,0,4.0,Mobile Phone,1,9.0,Credit Card,Female,3.0,5,Laptop & Accessory,2,Single,7,1,25.0,2.0,2.0,1.0,193.77,0-6 Months,Near (<10km),0-3 Days
53294,0,19.0,Mobile Phone,1,9.0,Debit Card,Female,4.0,5,Mobile Phone,3,Single,3,0,15.0,2.0,2.0,1.0,147.74,1-2 Years,Near (<10km),0-3 Days
53295,0,16.0,Mobile Phone,1,36.0,Debit Card,Male,4.0,4,Laptop & Accessory,4,Divorced,3,0,14.0,3.0,8.0,9.0,169.34,1-2 Years,Far (>20km),8-15 Days
53296,0,12.0,Computer,1,19.0,Debit Card,Male,3.0,5,Laptop & Accessory,5,Married,4,0,16.0,2.0,2.0,3.0,187.88,6-12 Months,Medium (10-20km),0-3 Days
53297,0,8.0,Computer,1,23.0,Debit Card,Female,4.0,5,Mobile Phone,2,Single,3,0,17.0,2.0,2.0,4.0,150.53,6-12 Months,Far (>20km),4-7 Days
53298,1,13.0,Mobile Phone,3,18.0,E Wallet,Female,3.0,4,Fashion,2,Divorced,3,0,19.0,1.0,8.0,8.0,201.54,1-2 Years,Medium (10-20km),8-15 Days
53299,1,19.0,Mobile Phone,3,9.0,Credit Card,Male,3.0,4,Laptop & Accessory,2,Single,6,0,17.0,1.0,8.0,4.0,176.6,1-2 Years,Near (<10km),4-7 Days
53300,0,17.0,Mobile Phone,1,21.0,Debit Card,Male,4.0,4,Grocery,5,Divorced,8,0,15.0,2.0,2.0,1.0,296.59,1-2 Years,Far (>20km),0-3 Days
53301,0,1.0,Mobile Phone,1,12.0,Cash on Delivery,Male,3.0,5,Fashion,2,Married,3,1,17.0,1.0,2.0,9.0,253.07999999999998,0-6 Months,Medium (10-20km),8-15 Days
53302,0,9.0,Mobile Phone,1,14.0,UPI,Male,3.0,4,Fashion,3,Single,5,0,22.0,1.0,2.0,3.0,227.21,6-12 Months,Medium (10-20km),0-3 Days
53303,0,2.0,Mobile Phone,3,9.0,E Wallet,Female,3.0,4,Laptop & Accessory,4,Divorced,3,1,21.0,8.0,8.0,6.0,172.79,0-6 Months,Near (<10km),4-7 Days
53304,0,8.0,Mobile Phone,2,10.0,UPI,Male,3.0,4,Mobile Phone,2,Divorced,2,0,20.0,2.0,2.0,3.0,162.37,6-12 Months,Near (<10km),0-3 Days
53305,1,1.0,Computer,1,12.0,Credit Card,Female,3.0,5,Mobile Phone,3,Divorced,3,1,15.0,1.0,2.0,8.0,148.66,0-6 Months,Medium (10-20km),8-15 Days
53306,0,1.0,Computer,1,10.0,Credit Card,Male,3.0,4,Mobile Phone,2,Divorced,3,0,12.0,2.0,2.0,1.0,142.06,0-6 Months,Near (<10km),0-3 Days
53307,0,25.0,Mobile Phone,3,33.0,E Wallet,Female,4.0,4,Grocery,3,Divorced,4,0,15.0,1.0,5.0,18.0,288.07,2+ Years,Far (>20km),15+ Days
53308,0,18.0,Mobile Phone,1,11.0,Credit Card,Male,3.0,4,Laptop & Accessory,4,Single,11,0,13.0,2.0,3.0,4.0,184.33,1-2 Years,Medium (10-20km),4-7 Days
53309,0,1.0,Mobile Phone,1,9.0,Credit Card,Male,4.0,2,Mobile Phone,5,Single,9,0,14.0,2.0,2.0,2.0,159.24,0-6 Months,Near (<10km),0-3 Days
53310,0,7.0,Mobile Phone,3,7.0,Credit Card,Male,3.0,2,Laptop & Accessory,5,Married,3,0,23.0,1.0,2.0,9.0,165.37,6-12 Months,Near (<10km),8-15 Days
53311,0,9.0,Mobile Phone,1,34.0,Credit Card,Female,3.0,5,Mobile Phone,5,Single,3,0,12.0,2.0,2.0,2.0,150.59,6-12 Months,Far (>20km),0-3 Days
53312,0,10.0,Mobile Phone,3,7.0,Debit Card,Male,3.0,4,Laptop & Accessory,2,Divorced,3,1,15.0,3.0,5.0,12.0,187.01,6-12 Months,Near (<10km),8-15 Days
53313,0,6.0,Mobile Phone,3,20.0,Debit Card,Male,4.0,4,Laptop & Accessory,2,Married,4,0,12.0,1.0,2.0,4.0,169.03,0-6 Months,Medium (10-20km),4-7 Days
53314,0,4.0,Computer,1,12.0,Debit Card,Male,4.0,5,Mobile Phone,2,Married,11,0,13.0,1.0,2.0,4.0,162.61,0-6 Months,Medium (10-20km),4-7 Days
53315,0,27.0,Mobile Phone,3,14.0,E Wallet,Female,4.0,5,Fashion,2,Divorced,9,1,19.0,1.0,2.0,5.0,234.33999999999997,2+ Years,Medium (10-20km),4-7 Days
53316,0,19.0,Mobile Phone,3,16.0,E Wallet,Male,4.0,4,Fashion,5,Married,6,1,13.0,2.0,2.0,3.0,232.61,1-2 Years,Medium (10-20km),0-3 Days
53317,0,6.0,Mobile Phone,1,15.0,Credit Card,Female,4.0,2,Laptop & Accessory,3,Divorced,7,0,13.0,2.0,2.0,4.0,176.75,0-6 Months,Medium (10-20km),4-7 Days
53318,0,26.0,Computer,1,32.0,Credit Card,Female,3.0,5,Grocery,2,Divorced,5,0,23.0,1.0,2.0,1.0,263.26,2+ Years,Far (>20km),0-3 Days
53319,0,11.0,Mobile Phone,3,23.0,E Wallet,Male,4.0,5,Laptop & Accessory,3,Married,6,0,20.0,2.0,2.0,1.0,188.34,6-12 Months,Far (>20km),0-3 Days
53320,0,2.0,Mobile Phone,2,15.0,Credit Card,Male,4.0,5,Mobile Phone,2,Married,3,0,14.0,1.0,2.0,5.0,174.36,0-6 Months,Medium (10-20km),4-7 Days
53321,0,1.0,Mobile Phone,1,7.0,Debit Card,Male,3.0,5,Laptop & Accessory,2,Divorced,8,0,23.0,3.0,3.0,3.0,172.75,0-6 Months,Near (<10km),0-3 Days
53322,0,18.0,Mobile Phone,1,15.0,Debit Card,Male,4.0,2,Mobile Phone,2,Divorced,4,1,25.0,2.0,2.0,3.0,153.18,1-2 Years,Medium (10-20km),0-3 Days
53323,0,16.0,Computer,1,9.0,Credit Card,Male,3.0,4,Mobile Phone,2,Single,7,1,15.0,1.0,3.0,3.0,150.15,1-2 Years,Near (<10km),0-3 Days
53324,0,10.0,Mobile Phone,2,15.0,Debit Card,Male,4.0,5,Mobile Phone,5,Divorced,2,0,22.0,2.0,2.0,4.0,148.42,6-12 Months,Medium (10-20km),4-7 Days
53325,0,1.0,Mobile Phone,3,10.0,UPI,Male,4.0,4,Laptop & Accessory,5,Divorced,3,1,19.0,2.0,2.0,4.0,166.94,0-6 Months,Near (<10km),4-7 Days
53326,0,9.0,Mobile Phone,1,16.0,Debit Card,Female,4.0,5,Fashion,3,Divorced,3,1,21.0,3.0,2.0,16.0,231.85000000000002,6-12 Months,Medium (10-20km),15+ Days
53327,1,1.0,Computer,1,32.0,Debit Card,Female,4.0,4,Mobile Phone,4,Married,3,1,20.0,1.0,8.0,9.0,145.22,0-6 Months,Far (>20km),8-15 Days
53328,0,6.0,Computer,1,7.0,Debit Card,Male,4.0,4,Mobile Phone,2,Married,2,0,13.0,1.0,2.0,3.0,148.14,0-6 Months,Near (<10km),0-3 Days
53329,0,1.0,Mobile Phone,3,11.0,E Wallet,Male,3.0,5,Laptop & Accessory,5,Divorced,3,0,13.0,2.0,2.0,4.0,167.56,0-6 Months,Medium (10-20km),4-7 Days
53330,0,23.0,Mobile Phone,1,7.0,Cash on Delivery,Female,3.0,4,Mobile Phone,5,Divorced,4,0,17.0,2.0,2.0,3.0,160.8,1-2 Years,Near (<10km),0-3 Days
53331,0,1.0,Computer,1,11.0,Debit Card,Male,3.0,5,Mobile Phone,2,Divorced,2,0,18.0,1.0,4.0,5.0,156.62,0-6 Months,Medium (10-20km),4-7 Days
53332,0,6.0,Computer,3,12.0,Debit Card,Male,3.0,4,Laptop & Accessory,4,Divorced,3,0,15.0,3.0,6.0,4.0,190.24,0-6 Months,Medium (10-20km),4-7 Days
53333,0,12.0,Mobile Phone,3,16.0,E Wallet,Male,4.0,5,Mobile Phone,4,Divorced,2,0,20.0,1.0,2.0,3.0,153.99,6-12 Months,Medium (10-20km),0-3 Days
53334,0,16.0,Mobile Phone,1,10.0,Debit Card,Female,4.0,2,Laptop & Accessory,2,Divorced,4,1,14.0,1.0,2.0,4.0,177.31,1-2 Years,Near (<10km),4-7 Days
53335,0,5.0,Mobile Phone,1,18.0,Debit Card,Male,3.0,4,Mobile Phone,2,Divorced,5,1,20.0,2.0,2.0,3.0,148.56,0-6 Months,Medium (10-20km),0-3 Days
53336,1,1.0,Mobile Phone,3,7.0,Credit Card,Female,3.0,5,Mobile Phone,3,Married,8,1,20.0,1.0,2.0,3.0,153.0,0-6 Months,Near (<10km),0-3 Days
53337,0,27.0,Mobile Phone,3,15.0,E Wallet,Male,4.0,4,Grocery,2,Divorced,7,0,15.0,1.0,2.0,3.0,243.36,2+ Years,Medium (10-20km),0-3 Days
53338,0,9.0,Mobile Phone,1,32.0,Cash on Delivery,Male,4.0,5,Fashion,4,Divorced,5,0,17.0,4.0,2.0,9.0,234.02999999999997,6-12 Months,Far (>20km),8-15 Days
53339,0,11.0,Computer,3,28.0,Credit Card,Female,3.0,4,Mobile Phone,2,Divorced,7,0,16.0,2.0,2.0,1.0,154.73,6-12 Months,Far (>20km),0-3 Days
53340,0,27.0,Mobile Phone,1,30.0,Debit Card,Female,4.0,4,Grocery,2,Single,8,0,19.0,1.0,4.0,9.0,267.75,2+ Years,Far (>20km),8-15 Days
53341,0,17.0,Computer,1,7.0,Debit Card,Female,3.0,4,Laptop & Accessory,2,Divorced,6,0,14.0,2.0,3.0,3.0,180.62,1-2 Years,Near (<10km),0-3 Days
53342,0,21.0,Mobile Phone,3,9.0,E Wallet,Female,3.0,4,Laptop & Accessory,2,Divorced,2,1,23.0,6.0,8.0,8.0,170.37,1-2 Years,Near (<10km),8-15 Days
53343,0,11.0,Computer,3,26.0,Credit Card,Male,3.0,4,Fashion,4,Single,3,1,14.0,1.0,2.0,10.0,201.42,6-12 Months,Far (>20km),8-15 Days
53344,0,24.0,Computer,1,9.0,Debit Card,Male,4.0,4,Grocery,5,Married,3,0,15.0,14.0,15.0,8.0,304.24,1-2 Years,Near (<10km),8-15 Days
53345,0,13.0,Mobile Phone,2,9.0,Debit Card,Female,3.0,5,Laptop & Accessory,2,Divorced,10,0,12.0,1.0,2.0,5.0,177.04,1-2 Years,Near (<10km),4-7 Days
53346,0,7.0,Mobile Phone,2,10.0,UPI,Male,3.0,4,Mobile Phone,4,Married,5,1,12.0,1.0,2.0,4.0,147.77,6-12 Months,Near (<10km),4-7 Days
53347,1,1.0,Mobile Phone,1,32.0,Debit Card,Male,3.0,4,Mobile Phone,2,Single,3,1,25.0,2.0,2.0,2.0,152.95,0-6 Months,Far (>20km),0-3 Days
53348,0,3.0,Mobile Phone,1,14.0,Credit Card,Female,4.0,5,Mobile Phone,2,Married,8,0,15.0,2.0,2.0,4.0,150.32,0-6 Months,Medium (10-20km),4-7 Days
53349,0,18.0,Mobile Phone,1,16.0,Debit Card,Male,4.0,4,Mobile Phone,5,Divorced,3,1,14.0,3.0,8.0,2.0,150.59,1-2 Years,Medium (10-20km),0-3 Days
53350,0,2.0,Mobile Phone,3,12.0,Credit Card,Male,4.0,4,Laptop & Accessory,2,Single,3,0,15.0,2.0,2.0,3.0,174.08,0-6 Months,Medium (10-20km),0-3 Days
53351,1,21.0,Computer,1,9.0,Debit Card,Male,3.0,5,Mobile Phone,2,Married,11,1,15.0,1.0,2.0,1.0,148.8,1-2 Years,Near (<10km),0-3 Days
53352,0,17.0,Mobile Phone,1,15.0,Debit Card,Female,3.0,4,Laptop & Accessory,4,Married,6,0,22.0,2.0,2.0,1.0,172.65,1-2 Years,Medium (10-20km),0-3 Days
53353,1,1.0,Mobile Phone,3,9.0,Credit Card,Female,3.0,5,Mobile Phone,3,Single,3,0,14.0,1.0,2.0,3.0,145.44,0-6 Months,Near (<10km),0-3 Days
53354,1,1.0,Mobile Phone,1,25.0,UPI,Female,4.0,4,Mobile Phone,2,Single,3,0,20.0,2.0,2.0,1.0,151.93,0-6 Months,Far (>20km),0-3 Days
53355,0,10.0,Mobile Phone,1,21.0,Debit Card,Male,4.0,4,Laptop & Accessory,2,Divorced,2,1,18.0,5.0,5.0,12.0,190.86,6-12 Months,Far (>20km),8-15 Days
53356,0,21.0,Mobile Phone,3,9.0,Debit Card,Female,4.0,5,Mobile Phone,2,Single,3,1,19.0,2.0,2.0,3.0,157.94,1-2 Years,Near (<10km),0-3 Days
53357,1,1.0,Mobile Phone,1,10.0,Debit Card,Female,3.0,4,Laptop & Accessory,3,Divorced,2,1,20.0,2.0,2.0,3.0,166.71,0-6 Months,Near (<10km),0-3 Days
53358,1,5.0,Mobile Phone,1,9.0,Debit Card,Female,3.0,6,Mobile Phone,2,Married,6,1,14.0,1.0,2.0,1.0,152.78,0-6 Months,Near (<10km),0-3 Days
53359,0,2.0,Mobile Phone,1,16.0,Credit Card,Female,4.0,4,Mobile Phone,3,Married,7,0,19.0,3.0,3.0,3.0,148.77,0-6 Months,Medium (10-20km),0-3 Days
53360,1,3.0,Mobile Phone,1,13.0,Credit Card,Male,4.0,4,Mobile Phone,5,Divorced,9,1,22.0,2.0,3.0,3.0,149.04,0-6 Months,Medium (10-20km),0-3 Days
53361,0,1.0,Mobile Phone,1,11.0,Debit Card,Female,4.0,4,Mobile Phone,3,Single,3,0,20.0,2.0,2.0,1.0,148.18,0-6 Months,Medium (10-20km),0-3 Days
53362,0,8.0,Mobile Phone,1,17.0,Debit Card,Male,3.0,4,Mobile Phone,4,Married,3,0,15.0,2.0,2.0,1.0,145.08,6-12 Months,Medium (10-20km),0-3 Days
53363,0,16.0,Mobile Phone,3,21.0,Credit Card,Female,4.0,5,Laptop & Accessory,3,Single,9,0,18.0,1.0,2.0,4.0,187.44,1-2 Years,Far (>20km),4-7 Days
53364,0,7.0,Mobile Phone,1,7.0,UPI,Male,4.0,5,Mobile Phone,5,Single,5,1,12.0,1.0,2.0,3.0,152.99,6-12 Months,Near (<10km),0-3 Days
53365,0,31.0,Mobile Phone,1,12.0,Cash on Delivery,Female,3.0,5,Fashion,4,Married,4,1,14.0,2.0,2.0,3.0,230.52,2+ Years,Medium (10-20km),0-3 Days
53366,0,5.0,Mobile Phone,3,14.0,Debit Card,Male,3.0,5,Mobile Phone,3,Divorced,5,0,16.0,4.0,6.0,3.0,148.29,0-6 Months,Medium (10-20km),0-3 Days
53367,0,9.0,Mobile Phone,1,28.0,Debit Card,Female,3.0,4,Laptop & Accessory,2,Divorced,3,1,26.0,1.0,2.0,8.0,165.14,6-12 Months,Far (>20km),8-15 Days
53368,0,23.0,Mobile Phone,1,15.0,UPI,Female,3.0,4,Fashion,4,Divorced,6,0,12.0,1.0,2.0,8.0,199.03,1-2 Years,Medium (10-20km),8-15 Days
53369,0,22.0,Mobile Phone,1,27.0,Credit Card,Male,3.0,4,Mobile Phone,3,Divorced,6,0,18.0,1.0,2.0,1.0,147.59,1-2 Years,Far (>20km),0-3 Days
53370,0,5.0,Computer,3,27.0,E Wallet,Female,3.0,4,Laptop & Accessory,3,Divorced,3,0,14.0,2.0,2.0,1.0,194.32,0-6 Months,Far (>20km),0-3 Days
53371,0,10.0,Mobile Phone,1,14.0,UPI,Male,4.0,4,Mobile Phone,2,Single,4,0,19.0,1.0,2.0,2.0,171.78,6-12 Months,Medium (10-20km),0-3 Days
53372,0,12.0,Mobile Phone,1,7.0,Cash on Delivery,Female,4.0,4,Fashion,5,Divorced,3,0,14.0,4.0,6.0,12.0,260.82,6-12 Months,Near (<10km),8-15 Days
53373,0,6.0,Computer,1,7.0,Debit Card,Female,4.0,5,Mobile Phone,4,Divorced,8,0,21.0,2.0,2.0,3.0,148.32,0-6 Months,Near (<10km),0-3 Days
53374,1,1.0,Mobile Phone,3,26.0,E Wallet,Male,3.0,5,Mobile Phone,4,Divorced,3,1,19.0,1.0,2.0,1.0,149.13,0-6 Months,Far (>20km),0-3 Days
53375,0,14.0,Mobile Phone,3,17.0,E Wallet,Male,4.0,5,Fashion,4,Married,4,0,13.0,2.0,2.0,3.0,222.05,1-2 Years,Medium (10-20km),0-3 Days
53376,0,1.0,Computer,3,7.0,Credit Card,Male,3.0,5,Laptop & Accessory,5,Single,3,0,13.0,2.0,2.0,8.0,167.94,0-6 Months,Near (<10km),8-15 Days
53377,0,15.0,Mobile Phone,1,13.0,Credit Card,Male,3.0,4,Mobile Phone,5,Single,4,1,14.0,2.0,3.0,18.0,172.21,1-2 Years,Medium (10-20km),15+ Days
53378,0,10.0,Mobile Phone,1,9.0,Credit Card,Male,4.0,4,Mobile Phone,3,Single,6,0,22.0,3.0,4.0,10.0,150.19,6-12 Months,Near (<10km),8-15 Days
53379,1,1.0,Mobile Phone,3,28.0,UPI,Male,3.0,5,Mobile Phone,4,Single,3,1,14.0,1.0,2.0,1.0,146.21,0-6 Months,Far (>20km),0-3 Days
53380,1,1.0,Mobile Phone,1,11.0,Cash on Delivery,Male,3.0,4,Mobile Phone,5,Single,3,0,20.0,2.0,2.0,1.0,154.73,0-6 Months,Medium (10-20km),0-3 Days
53381,0,5.0,Mobile Phone,1,19.0,Credit Card,Female,3.0,4,Laptop & Accessory,2,Divorced,2,1,12.0,1.0,9.0,6.0,183.55,0-6 Months,Medium (10-20km),4-7 Days
53382,0,14.0,Computer,1,16.0,Credit Card,Male,3.0,4,Mobile Phone,4,Married,10,1,15.0,1.0,2.0,1.0,161.17,1-2 Years,Medium (10-20km),0-3 Days
53383,0,6.0,Mobile Phone,1,10.0,Credit Card,Female,4.0,4,Laptop & Accessory,5,Divorced,3,0,13.0,7.0,7.0,4.0,192.25,0-6 Months,Near (<10km),4-7 Days
53384,1,1.0,Mobile Phone,3,10.0,Debit Card,Male,3.0,5,Fashion,2,Divorced,3,1,12.0,4.0,4.0,3.0,228.25,0-6 Months,Near (<10km),0-3 Days
53385,0,7.0,Mobile Phone,1,7.0,Debit Card,Female,3.0,5,Laptop & Accessory,2,Single,2,0,15.0,1.0,2.0,5.0,194.49,6-12 Months,Near (<10km),4-7 Days
53386,1,1.0,Mobile Phone,3,7.0,Debit Card,Male,3.0,5,Fashion,3,Divorced,7,0,12.0,2.0,12.0,3.0,231.08999999999997,0-6 Months,Near (<10km),0-3 Days
53387,0,19.0,Computer,1,11.0,Debit Card,Male,3.0,4,Laptop & Accessory,4,Divorced,3,0,13.0,2.0,2.0,9.0,169.47,1-2 Years,Medium (10-20km),8-15 Days
53388,0,3.0,Computer,3,27.0,Cash on Delivery,Female,3.0,4,Mobile Phone,2,Divorced,3,0,16.0,1.0,2.0,3.0,146.57,0-6 Months,Far (>20km),0-3 Days
53389,0,9.0,Mobile Phone,3,25.0,Credit Card,Female,3.0,4,Laptop & Accessory,3,Divorced,3,0,17.0,2.0,2.0,1.0,171.01,6-12 Months,Far (>20km),0-3 Days
53390,0,26.0,Mobile Phone,1,7.0,Debit Card,Male,4.0,4,Grocery,2,Divorced,4,0,15.0,8.0,8.0,9.0,295.99,2+ Years,Near (<10km),8-15 Days
53391,1,21.0,Mobile Phone,1,9.0,Cash on Delivery,Male,3.0,4,Mobile Phone,3,Single,6,0,25.0,2.0,2.0,1.0,149.79,1-2 Years,Near (<10km),0-3 Days
53392,0,27.0,Mobile Phone,3,9.0,Credit Card,Male,3.0,4,Grocery,3,Married,8,0,14.0,1.0,16.0,3.0,273.52,2+ Years,Near (<10km),0-3 Days
53393,0,4.0,Mobile Phone,3,15.0,UPI,Male,4.0,4,Fashion,3,Married,7,0,12.0,5.0,8.0,8.0,197.64,0-6 Months,Medium (10-20km),8-15 Days
53394,0,12.0,Computer,3,17.0,Cash on Delivery,Female,3.0,4,Laptop & Accessory,2,Single,3,1,14.0,1.0,2.0,4.0,181.66,6-12 Months,Medium (10-20km),4-7 Days
53395,0,9.0,Mobile Phone,3,10.0,Debit Card,Male,4.0,4,Fashion,2,Married,8,0,14.0,1.0,2.0,9.0,203.23,6-12 Months,Near (<10km),8-15 Days
53396,0,13.0,Mobile Phone,3,9.0,Debit Card,Male,3.0,2,Fashion,3,Single,2,0,19.0,2.0,2.0,8.0,203.8,1-2 Years,Near (<10km),8-15 Days
53397,1,4.0,Computer,3,31.0,Debit Card,Female,4.0,2,Grocery,4,Single,6,1,17.0,2.0,2.0,1.0,256.94,0-6 Months,Far (>20km),0-3 Days
53398,0,21.0,Computer,1,23.0,Credit Card,Male,4.0,2,Laptop & Accessory,3,Married,3,1,20.0,1.0,3.0,8.0,175.67,1-2 Years,Far (>20km),8-15 Days
53399,0,10.0,Computer,3,15.0,Cash on Delivery,Male,3.0,4,Laptop & Accessory,2,Married,6,0,14.0,2.0,2.0,8.0,175.79,6-12 Months,Medium (10-20km),8-15 Days
53400,1,1.0,Computer,1,16.0,Credit Card,Male,3.0,5,Mobile Phone,5,Single,2,1,23.0,2.0,2.0,3.0,148.21,0-6 Months,Medium (10-20km),0-3 Days
53401,0,7.0,Computer,3,24.0,Debit Card,Male,3.0,4,Grocery,3,Single,3,0,15.0,6.0,7.0,1.0,299.44,6-12 Months,Far (>20km),0-3 Days
53402,1,1.0,Mobile Phone,1,17.0,Debit Card,Female,4.0,5,Mobile Phone,5,Single,8,1,21.0,2.0,2.0,1.0,149.04,0-6 Months,Medium (10-20km),0-3 Days
53403,0,7.0,Mobile Phone,1,20.0,Debit Card,Female,3.0,4,Mobile Phone,2,Single,5,0,19.0,2.0,2.0,3.0,159.52,6-12 Months,Medium (10-20km),0-3 Days
53404,0,19.0,Mobile Phone,1,7.0,Credit Card,Female,4.0,4,Mobile Phone,2,Married,5,0,15.0,1.0,2.0,3.0,147.7,1-2 Years,Near (<10km),0-3 Days
53405,0,24.0,Mobile Phone,1,7.0,Credit Card,Male,4.0,4,Grocery,2,Married,11,0,15.0,1.0,2.0,4.0,298.99,1-2 Years,Near (<10km),4-7 Days
53406,0,7.0,Computer,1,7.0,UPI,Female,3.0,2,Laptop & Accessory,4,Divorced,3,1,14.0,1.0,2.0,3.0,179.88,6-12 Months,Near (<10km),0-3 Days
53407,0,15.0,Computer,1,16.0,Credit Card,Male,4.0,4,Others,3,Married,4,0,15.0,2.0,2.0,12.0,319.19,1-2 Years,Medium (10-20km),8-15 Days
53408,0,1.0,Mobile Phone,1,23.0,Cash on Delivery,Female,3.0,4,Mobile Phone,4,Divorced,11,0,15.0,3.0,3.0,3.0,153.11,0-6 Months,Far (>20km),0-3 Days
53409,0,19.0,Computer,1,30.0,Debit Card,Male,3.0,4,Laptop & Accessory,5,Divorced,3,1,16.0,2.0,2.0,9.0,161.33,1-2 Years,Far (>20km),8-15 Days
53410,0,21.0,Mobile Phone,3,11.0,Debit Card,Female,3.0,4,Laptop & Accessory,2,Single,3,1,18.0,2.0,2.0,8.0,166.63,1-2 Years,Medium (10-20km),8-15 Days
53411,1,1.0,Mobile Phone,1,29.0,Debit Card,Female,3.0,4,Mobile Phone,3,Divorced,6,1,12.0,1.0,2.0,2.0,146.32,0-6 Months,Far (>20km),0-3 Days
53412,0,24.0,Mobile Phone,1,31.0,Debit Card,Male,4.0,4,Grocery,3,Divorced,5,1,19.0,1.0,2.0,6.0,264.73,1-2 Years,Far (>20km),4-7 Days
53413,0,12.0,Computer,1,17.0,Credit Card,Male,4.0,4,Mobile Phone,3,Divorced,2,0,18.0,1.0,2.0,3.0,151.84,6-12 Months,Medium (10-20km),0-3 Days
53414,0,20.0,Mobile Phone,1,14.0,Credit Card,Male,4.0,4,Fashion,3,Married,8,0,14.0,1.0,2.0,8.0,233.45,1-2 Years,Medium (10-20km),8-15 Days
53415,0,1.0,Mobile Phone,1,24.0,Credit Card,Female,3.0,5,Laptop & Accessory,3,Married,3,0,16.0,3.0,4.0,3.0,168.77,0-6 Months,Far (>20km),0-3 Days
53416,1,1.0,Mobile Phone,1,21.0,UPI,Male,3.0,5,Mobile Phone,4,Married,3,1,25.0,2.0,2.0,3.0,162.43,0-6 Months,Far (>20km),0-3 Days
53417,0,5.0,Computer,1,7.0,Debit Card,Female,4.0,4,Laptop & Accessory,5,Divorced,3,0,13.0,2.0,2.0,4.0,166.48,0-6 Months,Near (<10km),4-7 Days
53418,0,1.0,Computer,1,12.0,Debit Card,Male,4.0,4,Mobile Phone,2,Single,3,0,16.0,2.0,2.0,1.0,135.51,0-6 Months,Medium (10-20km),0-3 Days
53419,0,28.0,Mobile Phone,1,24.0,Cash on Delivery,Female,3.0,4,Fashion,3,Divorced,10,0,12.0,2.0,2.0,9.0,232.39,2+ Years,Far (>20km),8-15 Days
53420,0,9.0,Mobile Phone,1,32.0,Credit Card,Female,3.0,4,Fashion,3,Married,3,1,12.0,3.0,11.0,3.0,228.88,6-12 Months,Far (>20km),0-3 Days
53421,0,4.0,Mobile Phone,1,15.0,Debit Card,Female,4.0,2,Fashion,5,Divorced,2,1,13.0,1.0,2.0,8.0,239.16000000000003,0-6 Months,Medium (10-20km),8-15 Days
53422,1,1.0,Mobile Phone,1,18.0,Credit Card,Female,4.0,5,Mobile Phone,5,Single,3,1,16.0,1.0,2.0,1.0,151.0,0-6 Months,Medium (10-20km),0-3 Days
53423,1,1.0,Computer,1,12.0,Credit Card,Female,3.0,4,Mobile Phone,4,Single,2,0,18.0,1.0,2.0,3.0,149.22,0-6 Months,Medium (10-20km),0-3 Days
53424,0,1.0,Mobile Phone,1,9.0,Credit Card,Male,3.0,2,Laptop & Accessory,2,Divorced,3,0,13.0,2.0,2.0,4.0,179.72,0-6 Months,Near (<10km),4-7 Days
53425,0,1.0,Mobile Phone,1,15.0,Debit Card,Male,4.0,6,Mobile Phone,5,Divorced,3,0,16.0,2.0,2.0,2.0,149.51,0-6 Months,Medium (10-20km),0-3 Days
53426,0,22.0,Mobile Phone,1,13.0,Debit Card,Male,4.0,5,Laptop & Accessory,3,Single,4,0,14.0,1.0,3.0,3.0,167.4,1-2 Years,Medium (10-20km),0-3 Days
53427,0,22.0,Mobile Phone,1,11.0,Debit Card,Male,4.0,5,Fashion,3,Single,9,0,15.0,2.0,2.0,9.0,234.99,1-2 Years,Medium (10-20km),8-15 Days
53428,0,15.0,Mobile Phone,1,14.0,Credit Card,Female,3.0,4,Laptop & Accessory,3,Single,8,0,15.0,2.0,3.0,2.0,175.03,1-2 Years,Medium (10-20km),0-3 Days
53429,0,13.0,Mobile Phone,1,7.0,Debit Card,Female,4.0,5,Grocery,2,Divorced,3,0,17.0,1.0,2.0,9.0,252.42000000000002,1-2 Years,Near (<10km),8-15 Days
53430,0,1.0,Mobile Phone,1,9.0,Debit Card,Female,3.0,4,Laptop & Accessory,2,Divorced,2,0,19.0,1.0,3.0,3.0,167.27,0-6 Months,Near (<10km),0-3 Days
53431,0,9.0,Mobile Phone,1,17.0,UPI,Male,3.0,4,Mobile Phone,2,Married,3,0,21.0,2.0,2.0,3.0,164.17,6-12 Months,Medium (10-20km),0-3 Days
53432,0,16.0,Mobile Phone,3,12.0,E Wallet,Male,3.0,4,Others,3,Divorced,8,0,15.0,1.0,2.0,1.0,308.03,1-2 Years,Medium (10-20km),0-3 Days
53433,0,24.0,Mobile Phone,1,16.0,Debit Card,Male,4.0,4,Mobile Phone,2,Divorced,6,0,19.0,2.0,2.0,1.0,148.8,1-2 Years,Medium (10-20km),0-3 Days
53434,0,31.0,Mobile Phone,1,9.0,Debit Card,Female,4.0,5,Grocery,2,Single,5,1,14.0,1.0,5.0,4.0,262.26,2+ Years,Near (<10km),4-7 Days
53435,1,1.0,Mobile Phone,1,18.0,Credit Card,Female,4.0,6,Laptop & Accessory,4,Divorced,7,0,16.0,2.0,2.0,1.0,172.77,0-6 Months,Medium (10-20km),0-3 Days
53436,0,29.0,Computer,1,25.0,Credit Card,Male,4.0,4,Laptop & Accessory,4,Divorced,5,1,15.0,7.0,7.0,8.0,188.85,2+ Years,Far (>20km),8-15 Days
53437,0,15.0,Computer,1,14.0,Debit Card,Female,3.0,6,Others,3,Married,3,0,23.0,2.0,6.0,11.0,324.73,1-2 Years,Medium (10-20km),8-15 Days
53438,0,12.0,Mobile Phone,3,10.0,Debit Card,Male,3.0,4,Laptop & Accessory,2,Single,10,1,13.0,2.0,2.0,1.0,193.61,6-12 Months,Near (<10km),0-3 Days
53439,1,1.0,Computer,3,36.0,Credit Card,Male,4.0,6,Laptop & Accessory,5,Single,10,0,19.0,1.0,3.0,3.0,174.69,0-6 Months,Far (>20km),0-3 Days
53440,1,16.0,Mobile Phone,3,9.0,E Wallet,Female,3.0,6,Others,2,Divorced,3,0,16.0,6.0,7.0,10.0,323.45,1-2 Years,Near (<10km),8-15 Days
53441,0,18.0,Mobile Phone,3,35.0,Credit Card,Female,3.0,2,Grocery,2,Divorced,5,1,19.0,2.0,2.0,12.0,258.2,1-2 Years,Far (>20km),8-15 Days
53442,0,24.0,Computer,3,7.0,Debit Card,Female,4.0,4,Laptop & Accessory,3,Divorced,2,0,13.0,2.0,2.0,14.0,188.47,1-2 Years,Near (<10km),8-15 Days
53443,1,1.0,Mobile Phone,1,23.0,Debit Card,Female,3.0,2,Mobile Phone,5,Single,3,0,17.0,16.0,16.0,15.0,152.43,0-6 Months,Far (>20km),8-15 Days
53444,0,13.0,Computer,1,29.0,Credit Card,Female,3.0,4,Fashion,5,Single,3,1,14.0,2.0,2.0,9.0,233.8,1-2 Years,Far (>20km),8-15 Days
53445,0,7.0,Computer,3,15.0,Debit Card,Female,3.0,5,Mobile Phone,2,Single,2,0,20.0,3.0,3.0,3.0,148.42,6-12 Months,Medium (10-20km),0-3 Days
53446,0,19.0,Mobile Phone,3,18.0,Debit Card,Female,3.0,4,Grocery,2,Divorced,5,0,15.0,2.0,2.0,2.0,301.5,1-2 Years,Medium (10-20km),0-3 Days
53447,0,6.0,Computer,1,36.0,Credit Card,Female,4.0,4,Mobile Phone,3,Single,11,0,13.0,6.0,8.0,8.0,165.25,0-6 Months,Far (>20km),8-15 Days
53448,0,8.0,Mobile Phone,3,7.0,E Wallet,Male,4.0,2,Laptop & Accessory,2,Married,2,0,12.0,2.0,2.0,3.0,222.25,6-12 Months,Near (<10km),0-3 Days
53449,0,31.0,Mobile Phone,3,7.0,Cash on Delivery,Male,4.0,4,Fashion,2,Divorced,5,1,15.0,1.0,2.0,5.0,244.04000000000002,2+ Years,Near (<10km),4-7 Days
53450,0,19.0,Mobile Phone,2,31.0,Credit Card,Male,3.0,4,Mobile Phone,4,Single,3,0,17.0,1.0,2.0,5.0,146.77,1-2 Years,Far (>20km),4-7 Days
53451,0,27.0,Computer,3,9.0,E Wallet,Female,3.0,5,Fashion,4,Divorced,4,0,13.0,1.0,7.0,13.0,200.25,2+ Years,Near (<10km),8-15 Days
53452,1,1.0,Mobile Phone,1,22.0,UPI,Male,3.0,4,Laptop & Accessory,3,Married,9,0,15.0,1.0,2.0,1.0,173.34,0-6 Months,Far (>20km),0-3 Days
53453,1,1.0,Computer,1,9.0,Debit Card,Male,3.0,4,Mobile Phone,5,Divorced,8,1,15.0,2.0,2.0,3.0,145.42,0-6 Months,Near (<10km),0-3 Days
53454,0,8.0,Mobile Phone,3,17.0,Debit Card,Female,3.0,4,Mobile Phone,3,Divorced,3,1,20.0,1.0,2.0,1.0,147.2,6-12 Months,Medium (10-20km),0-3 Days
53455,0,2.0,Mobile Phone,3,17.0,Credit Card,Male,4.0,4,Mobile Phone,4,Divorced,3,0,23.0,2.0,2.0,1.0,135.52,0-6 Months,Medium (10-20km),0-3 Days
53456,0,12.0,Computer,1,10.0,UPI,Male,3.0,4,Mobile Phone,3,Divorced,5,0,17.0,3.0,3.0,3.0,153.21,6-12 Months,Near (<10km),0-3 Days
53457,0,24.0,Mobile Phone,1,9.0,Credit Card,Male,4.0,4,Others,3,Divorced,4,1,15.0,8.0,8.0,8.0,317.37,1-2 Years,Near (<10km),8-15 Days
53458,0,11.0,Mobile Phone,1,10.0,UPI,Female,3.0,4,Laptop & Accessory,4,Single,5,0,16.0,2.0,2.0,2.0,166.07,6-12 Months,Near (<10km),0-3 Days
53459,0,14.0,Mobile Phone,3,33.0,E Wallet,Male,4.0,4,Laptop & Accessory,5,Divorced,3,0,15.0,6.0,8.0,6.0,208.96,1-2 Years,Far (>20km),4-7 Days
53460,0,1.0,Computer,1,7.0,Credit Card,Female,4.0,5,Mobile Phone,3,Married,3,0,14.0,2.0,2.0,4.0,145.07,0-6 Months,Near (<10km),4-7 Days
53461,0,20.0,Mobile Phone,1,7.0,Credit Card,Male,3.0,4,Others,2,Married,11,0,15.0,2.0,3.0,3.0,321.27,1-2 Years,Near (<10km),0-3 Days
53462,0,28.0,Mobile Phone,3,9.0,Debit Card,Female,3.0,5,Fashion,3,Divorced,8,0,12.0,7.0,2.0,1.0,231.86,2+ Years,Near (<10km),0-3 Days
53463,0,30.0,Computer,1,16.0,Credit Card,Female,4.0,4,Mobile Phone,3,Divorced,4,0,20.0,1.0,2.0,4.0,154.42,2+ Years,Medium (10-20km),4-7 Days
53464,0,10.0,Mobile Phone,1,19.0,Credit Card,Female,3.0,5,Fashion,2,Single,2,0,12.0,6.0,8.0,3.0,213.58,6-12 Months,Medium (10-20km),0-3 Days
53465,0,29.0,Computer,1,9.0,Credit Card,Male,3.0,5,Grocery,5,Single,9,0,15.0,4.0,7.0,3.0,292.56,2+ Years,Near (<10km),0-3 Days
53466,0,17.0,Mobile Phone,3,32.0,Credit Card,Male,4.0,5,Fashion,2,Married,7,0,14.0,2.0,2.0,1.0,259.0,1-2 Years,Far (>20km),0-3 Days
53467,1,1.0,Computer,3,16.0,E Wallet,Female,3.0,4,Mobile Phone,2,Single,3,1,15.0,1.0,2.0,3.0,148.23,0-6 Months,Medium (10-20km),0-3 Days
53468,1,1.0,Mobile Phone,1,17.0,Debit Card,Female,3.0,5,Mobile Phone,5,Single,3,0,14.0,2.0,2.0,1.0,139.16,0-6 Months,Medium (10-20km),0-3 Days
53469,0,20.0,Mobile Phone,1,15.0,Debit Card,Female,4.0,5,Laptop & Accessory,5,Married,10,1,24.0,2.0,2.0,8.0,171.15,1-2 Years,Medium (10-20km),8-15 Days
53470,1,15.0,Mobile Phone,1,11.0,Debit Card,Male,3.0,4,Mobile Phone,3,Divorced,11,1,13.0,2.0,3.0,8.0,149.61,1-2 Years,Medium (10-20km),8-15 Days
53471,1,1.0,Computer,1,31.0,Cash on Delivery,Male,4.0,5,Fashion,5,Single,3,0,13.0,1.0,2.0,3.0,212.22,0-6 Months,Far (>20km),0-3 Days
53472,0,1.0,Mobile Phone,1,7.0,Credit Card,Male,3.0,5,Mobile Phone,5,Divorced,3,0,17.0,1.0,2.0,4.0,164.55,0-6 Months,Near (<10km),4-7 Days
53473,0,4.0,Mobile Phone,1,27.0,UPI,Male,3.0,4,Laptop & Accessory,5,Divorced,2,0,16.0,2.0,2.0,3.0,224.57,0-6 Months,Far (>20km),0-3 Days
53474,0,15.0,Mobile Phone,1,14.0,Cash on Delivery,Female,3.0,2,Mobile Phone,3,Divorced,3,0,14.0,2.0,2.0,9.0,158.76,1-2 Years,Medium (10-20km),8-15 Days
53475,0,12.0,Mobile Phone,1,24.0,Debit Card,Female,4.0,5,Fashion,3,Divorced,2,0,19.0,1.0,2.0,3.0,213.23,6-12 Months,Far (>20km),0-3 Days
53476,0,14.0,Mobile Phone,1,27.0,Cash on Delivery,Male,4.0,4,Fashion,2,Divorced,6,0,21.0,5.0,12.0,3.0,228.22,1-2 Years,Far (>20km),0-3 Days
53477,0,1.0,Computer,1,15.0,Debit Card,Male,3.0,6,Mobile Phone,3,Divorced,3,0,20.0,2.0,2.0,3.0,171.21,0-6 Months,Medium (10-20km),0-3 Days
53478,0,29.0,Computer,1,9.0,Debit Card,Male,4.0,4,Fashion,4,Divorced,5,0,19.0,2.0,2.0,3.0,234.76,2+ Years,Near (<10km),0-3 Days
53479,0,2.0,Mobile Phone,1,17.0,UPI,Female,3.0,4,Laptop & Accessory,3,Single,5,0,14.0,2.0,2.0,8.0,161.6,0-6 Months,Medium (10-20km),8-15 Days
53480,1,8.0,Mobile Phone,2,7.0,Credit Card,Male,4.0,5,Fashion,5,Divorced,11,0,15.0,3.0,4.0,3.0,229.82,6-12 Months,Near (<10km),0-3 Days
53481,0,7.0,Mobile Phone,1,12.0,Debit Card,Male,3.0,5,Fashion,2,Married,6,0,16.0,1.0,2.0,3.0,196.19,6-12 Months,Medium (10-20km),0-3 Days
53482,1,1.0,Mobile Phone,3,11.0,Cash on Delivery,Male,3.0,4,Fashion,5,Single,2,1,23.0,4.0,5.0,3.0,220.82,0-6 Months,Medium (10-20km),0-3 Days
53483,1,1.0,Computer,1,36.0,Credit Card,Female,3.0,5,Laptop & Accessory,3,Single,3,0,23.0,4.0,4.0,9.0,170.08,0-6 Months,Far (>20km),8-15 Days
53484,0,2.0,Mobile Phone,1,22.0,Debit Card,Male,3.0,4,Mobile Phone,3,Married,3,0,17.0,3.0,3.0,3.0,147.07,0-6 Months,Far (>20km),0-3 Days
53485,0,8.0,Computer,1,10.0,Debit Card,Male,3.0,4,Laptop & Accessory,2,Single,2,0,18.0,2.0,2.0,5.0,202.56,6-12 Months,Near (<10km),4-7 Days
53486,0,11.0,Mobile Phone,3,17.0,Debit Card,Female,3.0,5,Laptop & Accessory,2,Married,4,1,15.0,1.0,2.0,1.0,191.94,6-12 Months,Medium (10-20km),0-3 Days
53487,1,1.0,Mobile Phone,1,11.0,Cash on Delivery,Male,3.0,4,Mobile Phone,2,Divorced,3,1,16.0,6.0,6.0,7.0,161.91,0-6 Months,Medium (10-20km),4-7 Days
53488,1,1.0,Mobile Phone,1,28.0,Credit Card,Male,3.0,4,Mobile Phone,3,Married,3,0,21.0,2.0,2.0,1.0,148.77,0-6 Months,Far (>20km),0-3 Days
53489,1,1.0,Mobile Phone,1,32.0,Credit Card,Male,3.0,5,Mobile Phone,4,Single,6,1,21.0,1.0,3.0,3.0,148.13,0-6 Months,Far (>20km),0-3 Days
53490,0,16.0,Mobile Phone,1,9.0,Credit Card,Male,3.0,4,Grocery,5,Divorced,2,0,15.0,6.0,14.0,8.0,301.65,1-2 Years,Near (<10km),8-15 Days
53491,1,1.0,Computer,1,5.0,Credit Card,Male,3.0,5,Mobile Phone,4,Married,3,0,16.0,1.0,2.0,1.0,150.96,0-6 Months,Near (<10km),0-3 Days
53492,1,14.0,Computer,3,7.0,UPI,Male,3.0,4,Laptop & Accessory,3,Single,5,1,15.0,1.0,2.0,1.0,172.28,1-2 Years,Near (<10km),0-3 Days
53493,0,7.0,Computer,3,14.0,Debit Card,Female,2.0,4,Laptop & Accessory,4,Divorced,2,0,18.0,2.0,2.0,3.0,168.02,6-12 Months,Medium (10-20km),0-3 Days
53494,0,8.0,Computer,1,10.0,Debit Card,Male,3.0,5,Mobile Phone,2,Divorced,5,0,18.0,2.0,2.0,1.0,154.79,6-12 Months,Near (<10km),0-3 Days
53495,0,22.0,Computer,1,7.0,Credit Card,Male,3.0,2,Grocery,2,Single,4,0,15.0,1.0,3.0,2.0,293.85,1-2 Years,Near (<10km),0-3 Days
53496,0,19.0,Computer,3,16.0,Debit Card,Female,4.0,5,Laptop & Accessory,3,Divorced,3,0,14.0,1.0,5.0,13.0,180.93,1-2 Years,Medium (10-20km),8-15 Days
53497,0,26.0,Mobile Phone,1,14.0,Debit Card,Male,3.0,4,Fashion,4,Single,9,0,20.0,4.0,5.0,3.0,229.45,2+ Years,Medium (10-20km),0-3 Days
53498,0,12.0,Mobile Phone,3,17.0,E Wallet,Male,4.0,5,Fashion,3,Married,2,1,15.0,3.0,3.0,3.0,212.4,6-12 Months,Medium (10-20km),0-3 Days
53499,0,3.0,Mobile Phone,1,35.0,Debit Card,Female,4.0,4,Mobile Phone,2,Married,6,0,23.0,1.0,2.0,8.0,150.14,0-6 Months,Far (>20km),8-15 Days
53500,0,2.0,Mobile Phone,1,10.0,Credit Card,Female,4.0,4,Fashion,4,Married,2,0,18.0,1.0,2.0,8.0,201.55,0-6 Months,Near (<10km),8-15 Days
53501,0,20.0,Mobile Phone,3,10.0,E Wallet,Male,3.0,4,Grocery,3,Divorced,5,0,15.0,2.0,5.0,10.0,299.65,1-2 Years,Near (<10km),8-15 Days
53502,0,12.0,Mobile Phone,3,9.0,E Wallet,Male,3.0,4,Fashion,4,Single,9,0,17.0,2.0,2.0,1.0,198.51,6-12 Months,Near (<10km),0-3 Days
53503,0,17.0,Computer,1,34.0,Debit Card,Female,3.0,4,Fashion,5,Divorced,10,0,12.0,1.0,2.0,2.0,233.2,1-2 Years,Far (>20km),0-3 Days
53504,1,3.0,Computer,1,9.0,Debit Card,Male,3.0,4,Grocery,2,Married,9,0,12.0,8.0,2.0,6.0,246.69,0-6 Months,Near (<10km),4-7 Days
53505,0,14.0,Mobile Phone,1,21.0,Credit Card,Male,3.0,5,Others,3,Single,3,0,15.0,5.0,5.0,10.0,321.26,1-2 Years,Far (>20km),8-15 Days
53506,0,1.0,Mobile Phone,1,7.0,Cash on Delivery,Female,4.0,5,Mobile Phone,4,Single,3,1,12.0,1.0,3.0,3.0,145.7,0-6 Months,Near (<10km),0-3 Days
53507,0,13.0,Computer,1,16.0,Debit Card,Male,4.0,4,Laptop & Accessory,4,Single,22,0,16.0,2.0,2.0,4.0,192.82,1-2 Years,Medium (10-20km),4-7 Days
53508,0,10.0,Computer,1,25.0,Debit Card,Male,4.0,4,Laptop & Accessory,2,Single,4,0,21.0,2.0,2.0,10.0,202.79,6-12 Months,Far (>20km),8-15 Days
53509,0,5.0,Computer,3,27.0,Debit Card,Male,4.0,2,Mobile Phone,2,Divorced,2,0,13.0,2.0,3.0,3.0,152.91,0-6 Months,Far (>20km),0-3 Days
53510,0,2.0,Mobile Phone,1,9.0,Debit Card,Male,4.0,5,Mobile Phone,4,Divorced,2,0,18.0,1.0,2.0,5.0,157.01,0-6 Months,Near (<10km),4-7 Days
53511,0,9.0,Computer,3,18.0,E Wallet,Male,3.0,4,Laptop & Accessory,2,Married,3,0,12.0,1.0,2.0,3.0,174.68,6-12 Months,Medium (10-20km),0-3 Days
53512,0,23.0,Mobile Phone,3,15.0,Cash on Delivery,Male,3.0,5,Grocery,4,Divorced,8,0,18.0,2.0,2.0,4.0,256.2,1-2 Years,Medium (10-20km),4-7 Days
53513,0,8.0,Computer,1,9.0,Debit Card,Male,4.0,4,Laptop & Accessory,3,Single,4,0,12.0,2.0,2.0,3.0,165.33,6-12 Months,Near (<10km),0-3 Days
53514,0,3.0,Computer,1,17.0,Debit Card,Female,4.0,4,Mobile Phone,4,Married,2,0,15.0,2.0,2.0,2.0,157.91,0-6 Months,Medium (10-20km),0-3 Days
53515,0,16.0,Mobile Phone,1,36.0,Credit Card,Male,3.0,6,Laptop & Accessory,2,Single,6,0,20.0,2.0,2.0,1.0,167.72,1-2 Years,Far (>20km),0-3 Days
53516,0,3.0,Mobile Phone,1,15.0,Credit Card,Male,4.0,5,Laptop & Accessory,2,Divorced,3,1,14.0,1.0,2.0,3.0,175.56,0-6 Months,Medium (10-20km),0-3 Days
53517,0,12.0,Mobile Phone,2,7.0,UPI,Male,3.0,2,Mobile Phone,3,Divorced,3,0,14.0,2.0,6.0,1.0,153.44,6-12 Months,Near (<10km),0-3 Days
53518,0,5.0,Computer,1,13.0,Debit Card,Male,3.0,5,Mobile Phone,3,Married,3,1,15.0,2.0,2.0,3.0,152.03,0-6 Months,Medium (10-20km),0-3 Days
53519,1,1.0,Computer,1,15.0,Credit Card,Male,4.0,4,Mobile Phone,3,Single,3,0,13.0,1.0,2.0,1.0,144.04,0-6 Months,Medium (10-20km),0-3 Days
53520,1,1.0,Mobile Phone,3,16.0,E Wallet,Female,4.0,4,Laptop & Accessory,5,Single,2,1,18.0,1.0,2.0,4.0,207.24,0-6 Months,Medium (10-20km),4-7 Days
53521,0,15.0,Mobile Phone,1,19.0,Debit Card,Male,3.0,4,Mobile Phone,2,Divorced,5,1,12.0,2.0,2.0,1.0,172.66,1-2 Years,Medium (10-20km),0-3 Days
53522,1,1.0,Computer,1,22.0,Credit Card,Male,4.0,4,Mobile Phone,3,Divorced,3,0,13.0,3.0,3.0,3.0,151.1,0-6 Months,Far (>20km),0-3 Days
53523,0,11.0,Mobile Phone,1,32.0,Credit Card,Female,3.0,5,Laptop & Accessory,2,Married,9,0,14.0,1.0,2.0,4.0,182.31,6-12 Months,Far (>20km),4-7 Days
53524,0,1.0,Mobile Phone,1,13.0,Debit Card,Male,3.0,5,Mobile Phone,3,Divorced,3,0,14.0,3.0,3.0,3.0,150.39,0-6 Months,Medium (10-20km),0-3 Days
53525,0,8.0,Mobile Phone,3,16.0,Debit Card,Female,4.0,4,Laptop & Accessory,3,Divorced,3,0,21.0,2.0,2.0,4.0,182.14,6-12 Months,Medium (10-20km),4-7 Days
53526,0,9.0,Mobile Phone,2,15.0,Cash on Delivery,Male,4.0,4,Mobile Phone,3,Single,3,0,18.0,1.0,2.0,5.0,168.23,6-12 Months,Medium (10-20km),4-7 Days
53527,1,1.0,Mobile Phone,3,30.0,Debit Card,Female,3.0,5,Fashion,5,Divorced,3,0,14.0,1.0,4.0,11.0,198.36,0-6 Months,Far (>20km),8-15 Days
53528,0,14.0,Computer,1,16.0,Credit Card,Female,3.0,4,Fashion,3,Single,11,0,18.0,1.0,2.0,14.0,259.99,1-2 Years,Medium (10-20km),8-15 Days
53529,1,6.0,Computer,3,19.0,Debit Card,Male,3.0,4,Grocery,5,Single,2,1,13.0,1.0,14.0,15.0,262.58,0-6 Months,Medium (10-20km),8-15 Days
53530,0,16.0,Mobile Phone,3,11.0,E Wallet,Male,3.0,4,Laptop & Accessory,5,Single,9,0,14.0,2.0,2.0,6.0,176.55,1-2 Years,Medium (10-20km),4-7 Days
53531,0,9.0,Mobile Phone,1,7.0,Credit Card,Male,3.0,5,Mobile Phone,3,Divorced,8,0,13.0,2.0,2.0,8.0,147.58,6-12 Months,Near (<10km),8-15 Days
53532,0,1.0,Mobile Phone,1,31.0,Credit Card,Male,3.0,4,Mobile Phone,4,Single,10,0,23.0,2.0,2.0,3.0,160.97,0-6 Months,Far (>20km),0-3 Days
53533,1,1.0,Mobile Phone,1,19.0,Debit Card,Female,4.0,4,Mobile Phone,2,Divorced,3,1,12.0,2.0,2.0,1.0,150.15,0-6 Months,Medium (10-20km),0-3 Days
53534,0,1.0,Mobile Phone,1,10.0,Credit Card,Male,3.0,2,Mobile Phone,2,Divorced,3,0,23.0,2.0,2.0,8.0,169.2,0-6 Months,Near (<10km),8-15 Days
53535,0,4.0,Mobile Phone,3,17.0,E Wallet,Male,4.0,5,Laptop & Accessory,3,Divorced,3,0,19.0,2.0,2.0,5.0,190.78,0-6 Months,Medium (10-20km),4-7 Days
53536,0,14.0,Computer,1,33.0,Credit Card,Female,4.0,5,Laptop & Accessory,2,Divorced,5,1,14.0,2.0,2.0,1.0,169.22,1-2 Years,Far (>20km),0-3 Days
53537,0,9.0,Mobile Phone,1,9.0,Debit Card,Male,3.0,5,Fashion,4,Married,4,0,19.0,7.0,7.0,3.0,227.74,6-12 Months,Near (<10km),0-3 Days
53538,0,8.0,Computer,1,7.0,Credit Card,Male,4.0,5,Laptop & Accessory,5,Single,2,0,21.0,2.0,5.0,10.0,178.43,6-12 Months,Near (<10km),8-15 Days
53539,0,9.0,Computer,1,11.0,UPI,Male,3.0,5,Mobile Phone,2,Divorced,3,0,14.0,3.0,3.0,3.0,148.76,6-12 Months,Medium (10-20km),0-3 Days
53540,1,7.0,Mobile Phone,3,16.0,E Wallet,Female,3.0,6,Laptop & Accessory,3,Single,10,0,14.0,2.0,2.0,4.0,178.46,6-12 Months,Medium (10-20km),4-7 Days
53541,0,6.0,Computer,3,9.0,Debit Card,Female,4.0,4,Mobile Phone,5,Married,3,0,13.0,1.0,2.0,1.0,153.27,0-6 Months,Near (<10km),0-3 Days
53542,0,30.0,Mobile Phone,1,11.0,Cash on Delivery,Female,4.0,4,Others,5,Married,6,0,14.0,1.0,5.0,3.0,324.43,2+ Years,Medium (10-20km),0-3 Days
53543,0,3.0,Mobile Phone,1,13.0,Credit Card,Female,3.0,4,Mobile Phone,2,Divorced,3,0,14.0,1.0,2.0,9.0,156.31,0-6 Months,Medium (10-20km),8-15 Days
53544,0,1.0,Mobile Phone,1,16.0,Debit Card,Male,3.0,4,Mobile Phone,5,Single,3,0,26.0,1.0,2.0,1.0,150.52,0-6 Months,Medium (10-20km),0-3 Days
53545,0,19.0,Mobile Phone,1,14.0,Credit Card,Female,3.0,4,Mobile Phone,3,Divorced,6,1,20.0,2.0,2.0,3.0,169.77,1-2 Years,Medium (10-20km),0-3 Days
53546,0,11.0,Mobile Phone,1,7.0,Debit Card,Female,3.0,5,Laptop & Accessory,2,Divorced,3,0,14.0,4.0,4.0,12.0,189.74,6-12 Months,Near (<10km),8-15 Days
53547,0,1.0,Mobile Phone,1,10.0,Debit Card,Male,3.0,5,Mobile Phone,3,Single,3,0,13.0,1.0,2.0,3.0,155.33,0-6 Months,Near (<10km),0-3 Days
53548,1,8.0,Mobile Phone,1,17.0,Debit Card,Male,4.0,4,Mobile Phone,3,Single,3,1,12.0,2.0,2.0,3.0,154.36,6-12 Months,Medium (10-20km),0-3 Days
53549,0,27.0,Mobile Phone,1,14.0,Credit Card,Female,3.0,4,Others,3,Married,5,0,15.0,5.0,5.0,8.0,311.06,2+ Years,Medium (10-20km),8-15 Days
53550,0,3.0,Mobile Phone,1,22.0,Debit Card,Female,4.0,6,Mobile Phone,2,Divorced,2,1,19.0,2.0,2.0,4.0,146.68,0-6 Months,Far (>20km),4-7 Days
53551,1,1.0,Computer,1,10.0,Debit Card,Male,3.0,5,Mobile Phone,2,Divorced,2,1,12.0,1.0,2.0,1.0,153.53,0-6 Months,Near (<10km),0-3 Days
53552,0,20.0,Mobile Phone,3,9.0,E Wallet,Female,4.0,4,Grocery,5,Divorced,10,0,15.0,13.0,16.0,10.0,295.48,1-2 Years,Near (<10km),8-15 Days
53553,0,18.0,Computer,1,24.0,Debit Card,Male,4.0,6,Mobile Phone,3,Single,4,0,14.0,2.0,2.0,1.0,147.9,1-2 Years,Far (>20km),0-3 Days
53554,0,7.0,Mobile Phone,2,9.0,UPI,Male,3.0,4,Mobile Phone,3,Divorced,3,0,14.0,1.0,2.0,5.0,161.0,6-12 Months,Near (<10km),4-7 Days
53555,1,5.0,Computer,1,12.0,Debit Card,Male,4.0,5,Mobile Phone,5,Married,8,0,18.0,2.0,2.0,1.0,146.07,0-6 Months,Medium (10-20km),0-3 Days
53556,0,4.0,Mobile Phone,3,36.0,Debit Card,Male,4.0,4,Laptop & Accessory,5,Married,10,0,20.0,2.0,2.0,4.0,166.15,0-6 Months,Far (>20km),4-7 Days
53557,0,14.0,Computer,3,9.0,Credit Card,Male,4.0,4,Laptop & Accessory,4,Divorced,7,0,13.0,2.0,2.0,1.0,168.27,1-2 Years,Near (<10km),0-3 Days
53558,0,24.0,Computer,1,9.0,Credit Card,Female,2.0,4,Grocery,5,Divorced,4,0,15.0,3.0,3.0,3.0,303.56,1-2 Years,Near (<10km),0-3 Days
53559,0,2.0,Mobile Phone,1,26.0,Credit Card,Male,4.0,5,Mobile Phone,5,Divorced,3,0,13.0,2.0,4.0,4.0,156.96,0-6 Months,Far (>20km),4-7 Days
53560,0,20.0,Mobile Phone,1,22.0,Debit Card,Male,3.0,4,Others,4,Divorced,7,0,15.0,2.0,2.0,4.0,315.81,1-2 Years,Far (>20km),4-7 Days
53561,0,9.0,Mobile Phone,3,24.0,Debit Card,Male,4.0,4,Laptop & Accessory,5,Divorced,5,1,16.0,2.0,2.0,3.0,214.66,6-12 Months,Far (>20km),0-3 Days
53562,1,1.0,Mobile Phone,1,24.0,Debit Card,Female,4.0,4,Mobile Phone,4,Divorced,3,0,14.0,1.0,2.0,1.0,147.1,0-6 Months,Far (>20km),0-3 Days
53563,0,7.0,Computer,3,32.0,Credit Card,Female,3.0,4,Laptop & Accessory,3,Divorced,3,0,13.0,1.0,2.0,2.0,170.39,6-12 Months,Far (>20km),0-3 Days
53564,0,10.0,Mobile Phone,1,13.0,Debit Card,Male,3.0,6,Mobile Phone,3,Married,3,0,15.0,1.0,2.0,8.0,152.41,6-12 Months,Medium (10-20km),8-15 Days
53565,0,4.0,Mobile Phone,1,14.0,Debit Card,Male,3.0,4,Laptop & Accessory,3,Married,3,0,14.0,9.0,9.0,10.0,159.91,0-6 Months,Medium (10-20km),8-15 Days
53566,0,18.0,Mobile Phone,1,36.0,UPI,Male,3.0,4,Laptop & Accessory,2,Single,3,0,26.0,2.0,2.0,18.0,170.41,1-2 Years,Far (>20km),15+ Days
53567,0,1.0,Mobile Phone,3,28.0,E Wallet,Male,3.0,2,Mobile Phone,2,Single,3,0,18.0,1.0,3.0,3.0,151.78,0-6 Months,Far (>20km),0-3 Days
53568,0,20.0,Mobile Phone,1,9.0,Cash on Delivery,Male,3.0,4,Laptop & Accessory,2,Married,4,0,12.0,2.0,2.0,5.0,198.79,1-2 Years,Near (<10km),4-7 Days
53569,0,16.0,Computer,2,9.0,Credit Card,Male,4.0,2,Laptop & Accessory,5,Divorced,9,0,17.0,1.0,2.0,4.0,187.72,1-2 Years,Near (<10km),4-7 Days
53570,0,31.0,Mobile Phone,3,14.0,E Wallet,Male,3.0,2,Laptop & Accessory,2,Married,2,1,19.0,1.0,2.0,10.0,177.2,2+ Years,Medium (10-20km),8-15 Days
53571,0,6.0,Computer,1,20.0,UPI,Female,4.0,5,Mobile Phone,4,Divorced,3,0,21.0,1.0,3.0,3.0,152.43,0-6 Months,Medium (10-20km),0-3 Days
53572,0,6.0,Computer,1,9.0,Debit Card,Female,3.0,4,Laptop & Accessory,3,Single,6,1,15.0,2.0,2.0,8.0,174.98,0-6 Months,Near (<10km),8-15 Days
53573,0,10.0,Mobile Phone,1,7.0,Cash on Delivery,Female,4.0,6,Fashion,5,Married,4,1,22.0,6.0,8.0,3.0,227.52,6-12 Months,Near (<10km),0-3 Days
53574,0,7.0,Mobile Phone,1,16.0,Credit Card,Male,3.0,4,Mobile Phone,2,Divorced,2,0,14.0,2.0,5.0,11.0,152.81,6-12 Months,Medium (10-20km),8-15 Days
53575,0,14.0,Mobile Phone,3,17.0,Cash on Delivery,Female,3.0,5,Laptop & Accessory,4,Married,9,0,13.0,2.0,2.0,4.0,193.52,1-2 Years,Medium (10-20km),4-7 Days
53576,0,1.0,Mobile Phone,3,17.0,Debit Card,Male,3.0,4,Laptop & Accessory,2,Single,2,0,15.0,1.0,2.0,2.0,174.5,0-6 Months,Medium (10-20km),0-3 Days
53577,0,4.0,Mobile Phone,1,7.0,Credit Card,Male,4.0,4,Mobile Phone,4,Divorced,2,1,22.0,2.0,6.0,8.0,160.79,0-6 Months,Near (<10km),8-15 Days
53578,0,16.0,Computer,1,33.0,Credit Card,Female,3.0,4,Fashion,5,Divorced,5,1,18.0,1.0,2.0,1.0,256.91,1-2 Years,Far (>20km),0-3 Days
53579,0,9.0,Computer,3,15.0,E Wallet,Female,4.0,5,Fashion,2,Divorced,6,1,12.0,3.0,5.0,3.0,228.77,6-12 Months,Medium (10-20km),0-3 Days
53580,0,1.0,Mobile Phone,1,21.0,Debit Card,Male,3.0,4,Mobile Phone,5,Divorced,3,1,15.0,3.0,7.0,9.0,147.35,0-6 Months,Far (>20km),8-15 Days
53581,0,28.0,Computer,1,7.0,Debit Card,Female,3.0,4,Fashion,3,Married,9,0,18.0,2.0,2.0,3.0,230.02,2+ Years,Near (<10km),0-3 Days
53582,0,18.0,Mobile Phone,1,9.0,Debit Card,Female,4.0,2,Mobile Phone,2,Divorced,3,0,14.0,7.0,8.0,8.0,145.11,1-2 Years,Near (<10km),8-15 Days
53583,1,1.0,Computer,1,17.0,Credit Card,Female,4.0,5,Mobile Phone,4,Single,3,1,26.0,2.0,2.0,1.0,143.59,0-6 Months,Medium (10-20km),0-3 Days
53584,0,3.0,Mobile Phone,1,7.0,Debit Card,Female,4.0,4,Mobile Phone,2,Married,3,0,16.0,1.0,2.0,3.0,162.6,0-6 Months,Near (<10km),0-3 Days
53585,0,28.0,Mobile Phone,1,10.0,Debit Card,Male,3.0,4,Grocery,2,Divorced,5,0,15.0,2.0,2.0,10.0,302.79,2+ Years,Near (<10km),8-15 Days
53586,0,5.0,Mobile Phone,1,18.0,Credit Card,Male,4.0,4,Laptop & Accessory,5,Divorced,3,1,13.0,1.0,2.0,2.0,193.33,0-6 Months,Medium (10-20km),0-3 Days
53587,0,5.0,Mobile Phone,1,31.0,Credit Card,Female,4.0,5,Laptop & Accessory,5,Single,3,0,20.0,1.0,2.0,9.0,193.12,0-6 Months,Far (>20km),8-15 Days
53588,0,31.0,Mobile Phone,3,10.0,Debit Card,Female,3.0,5,Laptop & Accessory,2,Single,7,0,18.0,1.0,2.0,6.0,176.71,2+ Years,Near (<10km),4-7 Days
53589,0,17.0,Mobile Phone,1,10.0,Debit Card,Male,4.0,6,Others,2,Divorced,5,0,15.0,2.0,2.0,8.0,322.4,1-2 Years,Near (<10km),8-15 Days
53590,0,23.0,Mobile Phone,1,11.0,Credit Card,Male,3.0,5,Others,3,Divorced,4,0,15.0,1.0,2.0,1.0,312.11,1-2 Years,Medium (10-20km),0-3 Days
53591,0,10.0,Computer,1,10.0,Cash on Delivery,Male,3.0,4,Mobile Phone,4,Divorced,3,0,13.0,2.0,2.0,8.0,161.92,6-12 Months,Near (<10km),8-15 Days
53592,0,22.0,Mobile Phone,1,9.0,Cash on Delivery,Male,4.0,2,Mobile Phone,4,Single,7,0,12.0,1.0,2.0,1.0,150.59,1-2 Years,Near (<10km),0-3 Days
53593,0,1.0,Mobile Phone,1,11.0,Debit Card,Male,4.0,4,Mobile Phone,3,Married,3,0,12.0,2.0,2.0,4.0,150.17,0-6 Months,Medium (10-20km),4-7 Days
53594,0,3.0,Mobile Phone,1,14.0,Debit Card,Male,3.0,4,Laptop & Accessory,2,Married,3,1,12.0,1.0,2.0,1.0,191.23,0-6 Months,Medium (10-20km),0-3 Days
53595,0,22.0,Mobile Phone,1,7.0,Debit Card,Male,4.0,5,Others,2,Single,8,0,15.0,2.0,2.0,1.0,307.65,1-2 Years,Near (<10km),0-3 Days
53596,0,3.0,Mobile Phone,1,7.0,Debit Card,Female,3.0,5,Grocery,2,Married,5,0,15.0,1.0,2.0,8.0,286.24,0-6 Months,Near (<10km),8-15 Days
53597,0,8.0,Mobile Phone,1,27.0,Cash on Delivery,Female,3.0,2,Mobile Phone,3,Divorced,2,0,18.0,2.0,2.0,1.0,150.85,6-12 Months,Far (>20km),0-3 Days
53598,0,18.0,Mobile Phone,3,12.0,E Wallet,Male,3.0,4,Others,4,Divorced,9,0,15.0,2.0,4.0,11.0,307.13,1-2 Years,Medium (10-20km),8-15 Days
53599,0,7.0,Mobile Phone,3,17.0,E Wallet,Male,3.0,2,Fashion,3,Married,2,1,15.0,2.0,2.0,9.0,208.8,6-12 Months,Medium (10-20km),8-15 Days
53600,0,1.0,Mobile Phone,1,32.0,Debit Card,Female,3.0,2,Mobile Phone,2,Single,3,1,13.0,2.0,2.0,2.0,154.94,0-6 Months,Far (>20km),0-3 Days
53601,0,1.0,Mobile Phone,1,7.0,Debit Card,Male,3.0,4,Mobile Phone,3,Divorced,3,0,23.0,1.0,2.0,2.0,137.23,0-6 Months,Near (<10km),0-3 Days
53602,1,1.0,Computer,3,31.0,Debit Card,Male,4.0,6,Mobile Phone,2,Single,3,1,15.0,2.0,2.0,1.0,136.18,0-6 Months,Far (>20km),0-3 Days
53603,0,1.0,Mobile Phone,1,11.0,Debit Card,Male,3.0,4,Mobile Phone,2,Single,3,1,21.0,1.0,3.0,3.0,153.75,0-6 Months,Medium (10-20km),0-3 Days
53604,1,9.0,Mobile Phone,3,9.0,E Wallet,Female,4.0,6,Others,4,Single,4,1,15.0,1.0,2.0,12.0,313.24,6-12 Months,Near (<10km),8-15 Days
53605,0,29.0,Computer,1,15.0,Credit Card,Male,3.0,5,Grocery,4,Married,3,1,16.0,4.0,16.0,1.0,260.77,2+ Years,Medium (10-20km),0-3 Days
53606,1,1.0,Computer,1,17.0,Debit Card,Female,3.0,5,Mobile Phone,3,Single,3,0,21.0,3.0,3.0,3.0,151.25,0-6 Months,Medium (10-20km),0-3 Days
53607,0,20.0,Mobile Phone,3,11.0,E Wallet,Female,3.0,5,Others,4,Divorced,4,0,15.0,2.0,2.0,9.0,312.89,1-2 Years,Medium (10-20km),8-15 Days
53608,0,8.0,Mobile Phone,3,9.0,E Wallet,Female,3.0,4,Laptop & Accessory,5,Single,2,1,13.0,2.0,2.0,3.0,170.38,6-12 Months,Near (<10km),0-3 Days
53609,0,25.0,Computer,3,16.0,Debit Card,Male,3.0,4,Others,4,Married,6,1,25.0,3.0,12.0,11.0,323.47,2+ Years,Medium (10-20km),8-15 Days
53610,0,31.0,Mobile Phone,1,25.0,Credit Card,Male,4.0,4,Fashion,2,Single,8,0,13.0,2.0,6.0,3.0,230.12,2+ Years,Far (>20km),0-3 Days
53611,0,8.0,Computer,1,26.0,Credit Card,Female,3.0,4,Laptop & Accessory,4,Married,6,0,14.0,4.0,6.0,11.0,169.44,6-12 Months,Far (>20km),8-15 Days
53612,0,2.0,Computer,1,7.0,Credit Card,Male,3.0,4,Mobile Phone,3,Single,2,1,12.0,1.0,2.0,3.0,146.54,0-6 Months,Near (<10km),0-3 Days
53613,0,18.0,Mobile Phone,1,11.0,Debit Card,Male,4.0,2,Others,5,Married,3,0,15.0,2.0,15.0,14.0,316.9,1-2 Years,Medium (10-20km),8-15 Days
53614,0,8.0,Computer,2,18.0,Debit Card,Male,3.0,5,Laptop & Accessory,4,Divorced,6,0,12.0,1.0,2.0,9.0,169.9,6-12 Months,Medium (10-20km),8-15 Days
53615,0,9.0,Mobile Phone,1,13.0,Debit Card,Male,4.0,4,Mobile Phone,3,Divorced,2,1,15.0,2.0,3.0,3.0,160.06,6-12 Months,Medium (10-20km),0-3 Days
53616,0,16.0,Mobile Phone,1,14.0,Credit Card,Female,4.0,2,Laptop & Accessory,4,Divorced,8,1,17.0,1.0,2.0,1.0,148.72,1-2 Years,Medium (10-20km),0-3 Days
53617,0,17.0,Mobile Phone,3,11.0,E Wallet,Female,3.0,5,Fashion,2,Single,5,0,15.0,11.0,16.0,3.0,227.31,1-2 Years,Medium (10-20km),0-3 Days
53618,0,10.0,Mobile Phone,1,9.0,Debit Card,Female,3.0,4,Laptop & Accessory,4,Single,11,1,12.0,5.0,6.0,13.0,179.1,6-12 Months,Near (<10km),8-15 Days
53619,1,8.0,Mobile Phone,1,22.0,Credit Card,Female,4.0,4,Fashion,2,Divorced,3,0,12.0,1.0,2.0,6.0,204.78,6-12 Months,Far (>20km),4-7 Days
53620,0,2.0,Computer,1,9.0,Debit Card,Male,3.0,5,Mobile Phone,2,Divorced,3,1,13.0,3.0,3.0,3.0,163.67,0-6 Months,Near (<10km),0-3 Days
53621,0,25.0,Computer,1,13.0,Credit Card,Female,3.0,5,Mobile Phone,3,Single,2,0,15.0,8.0,8.0,8.0,153.38,2+ Years,Medium (10-20km),8-15 Days
53622,0,4.0,Computer,1,16.0,Credit Card,Female,4.0,4,Laptop & Accessory,3,Single,9,1,19.0,2.0,2.0,8.0,171.95,0-6 Months,Medium (10-20km),8-15 Days
53623,1,1.0,Mobile Phone,1,14.0,Cash on Delivery,Female,3.0,4,Mobile Phone,3,Married,5,1,14.0,2.0,8.0,8.0,158.39,0-6 Months,Medium (10-20km),8-15 Days
53624,0,2.0,Mobile Phone,1,7.0,Cash on Delivery,Male,3.0,4,Mobile Phone,5,Single,4,0,12.0,1.0,2.0,3.0,145.8,0-6 Months,Near (<10km),0-3 Days
53625,0,1.0,Mobile Phone,1,7.0,Credit Card,Female,3.0,4,Mobile Phone,4,Single,3,0,19.0,2.0,3.0,2.0,145.96,0-6 Months,Near (<10km),0-3 Days
53626,0,6.0,Mobile Phone,3,15.0,Credit Card,Male,3.0,2,Laptop & Accessory,2,Divorced,3,0,16.0,1.0,2.0,9.0,187.09,0-6 Months,Medium (10-20km),8-15 Days
53627,0,19.0,Computer,1,32.0,Credit Card,Female,3.0,4,Others,4,Single,5,0,15.0,2.0,2.0,1.0,305.61,1-2 Years,Far (>20km),0-3 Days
53628,0,13.0,Mobile Phone,1,20.0,Credit Card,Female,4.0,5,Grocery,4,Married,8,1,15.0,14.0,16.0,3.0,296.23,1-2 Years,Medium (10-20km),0-3 Days
53629,0,31.0,Mobile Phone,1,30.0,Debit Card,Male,3.0,4,Mobile Phone,3,Married,3,0,13.0,3.0,3.0,3.0,148.72,2+ Years,Far (>20km),0-3 Days
53630,1,1.0,Mobile Phone,1,14.0,Debit Card,Male,4.0,4,Laptop & Accessory,3,Divorced,3,0,19.0,2.0,2.0,2.0,173.83,0-6 Months,Medium (10-20km),0-3 Days
53631,1,3.0,Mobile Phone,1,30.0,Credit Card,Male,4.0,4,Mobile Phone,5,Single,2,0,14.0,1.0,2.0,4.0,164.04,0-6 Months,Far (>20km),4-7 Days
53632,0,4.0,Mobile Phone,1,13.0,Cash on Delivery,Female,3.0,5,Laptop & Accessory,2,Divorced,2,0,13.0,6.0,7.0,8.0,171.27,0-6 Months,Medium (10-20km),8-15 Days
53633,0,10.0,Mobile Phone,1,17.0,Cash on Delivery,Female,4.0,4,Fashion,3,Divorced,5,0,13.0,1.0,2.0,8.0,195.94,6-12 Months,Medium (10-20km),8-15 Days
53634,0,20.0,Mobile Phone,2,7.0,Debit Card,Female,3.0,4,Mobile Phone,5,Single,8,0,13.0,4.0,6.0,8.0,159.23,1-2 Years,Near (<10km),8-15 Days
53635,0,2.0,Computer,1,7.0,Debit Card,Female,3.0,6,Laptop & Accessory,2,Divorced,2,0,12.0,8.0,8.0,6.0,191.74,0-6 Months,Near (<10km),4-7 Days
53636,0,24.0,Mobile Phone,1,35.0,Debit Card,Female,3.0,4,Grocery,5,Divorced,6,1,15.0,1.0,2.0,3.0,293.8,1-2 Years,Far (>20km),0-3 Days
53637,1,4.0,Mobile Phone,3,32.0,E Wallet,Male,3.0,5,Fashion,4,Single,4,1,13.0,1.0,2.0,3.0,215.94,0-6 Months,Far (>20km),0-3 Days
53638,1,16.0,Mobile Phone,3,12.0,Debit Card,Male,4.0,4,Fashion,4,Single,11,1,20.0,6.0,8.0,3.0,209.46,1-2 Years,Medium (10-20km),0-3 Days
53639,0,4.0,Mobile Phone,1,24.0,Credit Card,Female,4.0,4,Fashion,5,Divorced,3,1,24.0,1.0,2.0,9.0,244.16000000000003,0-6 Months,Far (>20km),8-15 Days
53640,0,13.0,Mobile Phone,1,25.0,Debit Card,Male,3.0,4,Laptop & Accessory,3,Single,2,0,12.0,1.0,2.0,8.0,170.34,1-2 Years,Far (>20km),8-15 Days
53641,0,5.0,Computer,3,9.0,Debit Card,Female,3.0,4,Fashion,3,Married,3,1,20.0,4.0,10.0,3.0,223.52,0-6 Months,Near (<10km),0-3 Days
53642,0,15.0,Computer,3,17.0,Credit Card,Male,3.0,6,Laptop & Accessory,4,Single,3,0,14.0,4.0,12.0,10.0,186.51,1-2 Years,Medium (10-20km),8-15 Days
53643,1,1.0,Computer,3,7.0,Debit Card,Female,3.0,4,Mobile Phone,4,Single,3,1,12.0,2.0,3.0,3.0,148.02,0-6 Months,Near (<10km),0-3 Days
53644,1,8.0,Mobile Phone,1,10.0,Debit Card,Male,3.0,4,Mobile Phone,5,Divorced,6,0,13.0,2.0,2.0,3.0,148.62,6-12 Months,Near (<10km),0-3 Days
53645,0,16.0,Computer,1,9.0,Debit Card,Male,3.0,4,Grocery,3,Divorced,2,1,15.0,1.0,3.0,11.0,303.61,1-2 Years,Near (<10km),8-15 Days
53646,0,29.0,Mobile Phone,1,9.0,Credit Card,Female,3.0,6,Others,3,Divorced,6,0,15.0,6.0,10.0,12.0,316.87,2+ Years,Near (<10km),8-15 Days
53647,0,30.0,Mobile Phone,2,15.0,Debit Card,Male,3.0,4,Others,4,Single,8,0,15.0,2.0,8.0,8.0,322.17,2+ Years,Medium (10-20km),8-15 Days
53648,0,14.0,Computer,1,23.0,Debit Card,Male,4.0,4,Mobile Phone,3,Married,11,0,17.0,2.0,2.0,1.0,160.44,1-2 Years,Far (>20km),0-3 Days
53649,0,8.0,Mobile Phone,1,16.0,Debit Card,Male,3.0,4,Fashion,2,Married,2,0,12.0,2.0,2.0,3.0,210.0,6-12 Months,Medium (10-20km),0-3 Days
53650,0,14.0,Mobile Phone,1,9.0,Debit Card,Male,4.0,4,Laptop & Accessory,2,Single,3,0,14.0,4.0,9.0,9.0,171.61,1-2 Years,Near (<10km),8-15 Days
53651,0,15.0,Computer,3,7.0,E Wallet,Female,4.0,4,Laptop & Accessory,5,Married,2,0,18.0,1.0,2.0,8.0,166.03,1-2 Years,Near (<10km),8-15 Days
53652,0,9.0,Computer,1,11.0,Debit Card,Male,3.0,4,Laptop & Accessory,3,Single,3,1,12.0,2.0,2.0,2.0,167.49,6-12 Months,Medium (10-20km),0-3 Days
53653,0,25.0,Mobile Phone,2,12.0,Debit Card,Male,3.0,4,Grocery,4,Married,3,1,12.0,1.0,2.0,11.0,265.26,2+ Years,Medium (10-20km),8-15 Days
53654,0,12.0,Mobile Phone,3,9.0,Debit Card,Female,3.0,4,Laptop & Accessory,5,Married,5,0,16.0,1.0,2.0,8.0,193.93,6-12 Months,Near (<10km),8-15 Days
53655,0,8.0,Mobile Phone,3,22.0,Credit Card,Female,4.0,4,Laptop & Accessory,5,Single,3,0,13.0,2.0,10.0,7.0,186.25,6-12 Months,Far (>20km),4-7 Days
53656,0,1.0,Mobile Phone,1,26.0,Credit Card,Male,4.0,4,Mobile Phone,2,Divorced,5,0,12.0,2.0,2.0,3.0,161.69,0-6 Months,Far (>20km),0-3 Days
53657,1,21.0,Mobile Phone,1,14.0,Credit Card,Female,3.0,5,Fashion,5,Divorced,9,1,15.0,5.0,6.0,3.0,225.08,1-2 Years,Medium (10-20km),0-3 Days
53658,0,14.0,Mobile Phone,1,7.0,Debit Card,Male,3.0,4,Mobile Phone,4,Divorced,5,0,23.0,2.0,2.0,4.0,148.87,1-2 Years,Near (<10km),4-7 Days
53659,0,10.0,Computer,3,14.0,E Wallet,Female,3.0,2,Laptop & Accessory,5,Divorced,4,0,17.0,6.0,7.0,14.0,171.39,6-12 Months,Medium (10-20km),8-15 Days
53660,0,22.0,Mobile Phone,1,11.0,Debit Card,Male,3.0,4,Fashion,2,Single,3,0,12.0,2.0,2.0,9.0,203.98,1-2 Years,Medium (10-20km),8-15 Days
53661,0,1.0,Mobile Phone,3,18.0,Credit Card,Female,4.0,2,Mobile Phone,2,Divorced,10,0,15.0,2.0,2.0,1.0,150.34,0-6 Months,Medium (10-20km),0-3 Days
53662,0,25.0,Mobile Phone,1,18.0,Cash on Delivery,Female,3.0,5,Grocery,4,Single,5,0,17.0,1.0,2.0,4.0,256.42,2+ Years,Medium (10-20km),4-7 Days
53663,0,1.0,Computer,1,7.0,Debit Card,Female,4.0,4,Mobile Phone,2,Single,3,0,16.0,2.0,2.0,1.0,141.11,0-6 Months,Near (<10km),0-3 Days
53664,0,9.0,Mobile Phone,1,7.0,Credit Card,Female,3.0,5,Laptop & Accessory,2,Divorced,2,0,13.0,2.0,2.0,1.0,178.63,6-12 Months,Near (<10km),0-3 Days
53665,0,1.0,Computer,3,9.0,Debit Card,Male,3.0,6,Laptop & Accessory,2,Single,5,0,21.0,2.0,2.0,1.0,175.71,0-6 Months,Near (<10km),0-3 Days
53666,1,19.0,Mobile Phone,3,20.0,E Wallet,Male,3.0,2,Grocery,3,Single,8,1,18.0,1.0,4.0,9.0,261.95,1-2 Years,Medium (10-20km),8-15 Days
53667,0,30.0,Mobile Phone,1,30.0,Debit Card,Male,4.0,4,Grocery,4,Divorced,6,1,13.0,12.0,2.0,10.0,259.02,2+ Years,Far (>20km),8-15 Days
53668,0,8.0,Computer,1,33.0,Cash on Delivery,Female,4.0,5,Mobile Phone,3,Married,3,0,21.0,2.0,2.0,1.0,145.29,6-12 Months,Far (>20km),0-3 Days
53669,0,14.0,Mobile Phone,1,9.0,Credit Card,Female,3.0,2,Laptop & Accessory,3,Married,7,0,21.0,6.0,12.0,9.0,188.77,1-2 Years,Near (<10km),8-15 Days
53670,0,8.0,Mobile Phone,1,36.0,Credit Card,Male,3.0,4,Laptop & Accessory,3,Divorced,6,0,14.0,1.0,8.0,8.0,179.29,6-12 Months,Far (>20km),8-15 Days
53671,1,1.0,Computer,3,9.0,Debit Card,Female,3.0,5,Mobile Phone,2,Single,9,0,15.0,1.0,2.0,1.0,152.85,0-6 Months,Near (<10km),0-3 Days
53672,1,1.0,Computer,3,25.0,E Wallet,Female,4.0,4,Laptop & Accessory,3,Divorced,2,1,19.0,4.0,4.0,3.0,171.14,0-6 Months,Far (>20km),0-3 Days
53673,0,12.0,Computer,1,14.0,Debit Card,Male,3.0,2,Mobile Phone,3,Married,3,0,12.0,1.0,2.0,4.0,151.1,6-12 Months,Medium (10-20km),4-7 Days
53674,0,8.0,Mobile Phone,1,9.0,Cash on Delivery,Female,4.0,4,Laptop & Accessory,2,Single,3,0,12.0,2.0,5.0,12.0,191.87,6-12 Months,Near (<10km),8-15 Days
53675,0,2.0,Mobile Phone,3,33.0,Debit Card,Male,3.0,5,Laptop & Accessory,5,Divorced,3,0,12.0,2.0,2.0,5.0,172.24,0-6 Months,Far (>20km),4-7 Days
53676,1,1.0,Mobile Phone,1,29.0,Credit Card,Male,4.0,4,Laptop & Accessory,3,Divorced,3,1,16.0,4.0,7.0,8.0,186.79,0-6 Months,Far (>20km),8-15 Days
53677,0,13.0,Mobile Phone,3,28.0,Debit Card,Male,3.0,5,Laptop & Accessory,2,Divorced,5,1,13.0,1.0,2.0,5.0,186.2,1-2 Years,Far (>20km),4-7 Days
53678,0,25.0,Computer,3,9.0,E Wallet,Male,3.0,4,Fashion,4,Divorced,4,0,12.0,1.0,4.0,3.0,230.96,2+ Years,Near (<10km),0-3 Days
53679,0,15.0,Computer,1,29.0,Debit Card,Female,4.0,4,Laptop & Accessory,2,Married,5,1,15.0,1.0,4.0,4.0,179.67,1-2 Years,Far (>20km),4-7 Days
53680,0,11.0,Mobile Phone,1,11.0,Debit Card,Male,3.0,4,Mobile Phone,3,Divorced,9,1,16.0,2.0,2.0,4.0,154.96,6-12 Months,Medium (10-20km),4-7 Days
53681,0,7.0,Computer,3,12.0,Debit Card,Male,4.0,4,Laptop & Accessory,2,Divorced,8,0,14.0,2.0,2.0,3.0,224.98,6-12 Months,Medium (10-20km),0-3 Days
53682,0,6.0,Mobile Phone,3,9.0,E Wallet,Male,3.0,4,Laptop & Accessory,4,Divorced,2,1,14.0,1.0,2.0,3.0,165.78,0-6 Months,Near (<10km),0-3 Days
53683,0,13.0,Computer,1,32.0,Debit Card,Male,4.0,4,Fashion,3,Divorced,5,0,22.0,1.0,2.0,6.0,234.2,1-2 Years,Far (>20km),4-7 Days
53684,0,1.0,Mobile Phone,3,25.0,Debit Card,Male,4.0,2,Laptop & Accessory,3,Divorced,4,0,12.0,1.0,2.0,3.0,187.32,0-6 Months,Far (>20km),0-3 Days
53685,0,26.0,Computer,1,35.0,Credit Card,Female,3.0,2,Grocery,3,Divorced,4,1,12.0,1.0,2.0,3.0,257.47,2+ Years,Far (>20km),0-3 Days
53686,0,17.0,Mobile Phone,1,13.0,Credit Card,Female,4.0,5,Laptop & Accessory,3,Single,3,1,15.0,2.0,2.0,9.0,165.81,1-2 Years,Medium (10-20km),8-15 Days
53687,0,1.0,Mobile Phone,3,17.0,E Wallet,Female,4.0,5,Laptop & Accessory,2,Divorced,3,1,12.0,3.0,5.0,5.0,182.69,0-6 Months,Medium (10-20km),4-7 Days
53688,1,1.0,Mobile Phone,1,24.0,Debit Card,Female,3.0,4,Mobile Phone,3,Single,3,1,14.0,4.0,8.0,8.0,148.94,0-6 Months,Far (>20km),8-15 Days
53689,0,1.0,Mobile Phone,1,9.0,Credit Card,Male,3.0,5,Mobile Phone,2,Single,2,0,13.0,1.0,2.0,2.0,164.04,0-6 Months,Near (<10km),0-3 Days
53690,0,16.0,Mobile Phone,2,17.0,UPI,Female,3.0,4,Grocery,5,Divorced,2,0,15.0,1.0,2.0,10.0,292.99,1-2 Years,Medium (10-20km),8-15 Days
53691,0,26.0,Mobile Phone,1,15.0,UPI,Female,3.0,4,Mobile Phone,5,Divorced,11,0,14.0,2.0,2.0,5.0,154.5,2+ Years,Medium (10-20km),4-7 Days
53692,0,11.0,Mobile Phone,1,18.0,Credit Card,Female,4.0,4,Mobile Phone,3,Single,6,0,19.0,1.0,2.0,3.0,161.29,6-12 Months,Medium (10-20km),0-3 Days
53693,0,9.0,Computer,1,25.0,Debit Card,Male,3.0,4,Fashion,2,Single,4,0,12.0,1.0,3.0,3.0,218.62,6-12 Months,Far (>20km),0-3 Days
53694,0,1.0,Mobile Phone,1,7.0,Cash on Delivery,Male,3.0,4,Mobile Phone,2,Divorced,6,0,12.0,2.0,2.0,3.0,157.29,0-6 Months,Near (<10km),0-3 Days
53695,0,1.0,Mobile Phone,1,14.0,UPI,Male,4.0,2,Mobile Phone,5,Single,2,0,13.0,2.0,2.0,8.0,160.78,0-6 Months,Medium (10-20km),8-15 Days
53696,0,3.0,Mobile Phone,2,24.0,UPI,Male,3.0,5,Fashion,5,Single,3,0,14.0,1.0,2.0,10.0,204.88,0-6 Months,Far (>20km),8-15 Days
53697,1,1.0,Computer,1,35.0,Debit Card,Male,4.0,5,Laptop & Accessory,5,Single,5,0,21.0,1.0,2.0,4.0,167.84,0-6 Months,Far (>20km),4-7 Days
53698,1,1.0,Computer,1,21.0,UPI,Female,3.0,4,Fashion,2,Single,2,1,13.0,3.0,8.0,8.0,200.53,0-6 Months,Far (>20km),8-15 Days
53699,0,28.0,Mobile Phone,1,7.0,Credit Card,Female,3.0,4,Grocery,2,Single,8,0,15.0,6.0,13.0,8.0,298.28,2+ Years,Near (<10km),8-15 Days
53700,0,31.0,Mobile Phone,1,7.0,Credit Card,Female,4.0,4,Others,5,Divorced,5,1,15.0,2.0,2.0,6.0,322.01,2+ Years,Near (<10km),4-7 Days
53701,0,29.0,Mobile Phone,1,7.0,Credit Card,Male,3.0,2,Grocery,2,Married,4,0,14.0,1.0,2.0,1.0,272.32,2+ Years,Near (<10km),0-3 Days
53702,0,10.0,Mobile Phone,3,10.0,E Wallet,Female,3.0,4,Laptop & Accessory,4,Single,5,1,17.0,1.0,2.0,3.0,217.78,6-12 Months,Near (<10km),0-3 Days
53703,1,1.0,Computer,3,7.0,Debit Card,Female,3.0,6,Mobile Phone,3,Single,3,0,13.0,2.0,2.0,1.0,138.59,0-6 Months,Near (<10km),0-3 Days
53704,0,4.0,Mobile Phone,3,14.0,E Wallet,Female,4.0,4,Laptop & Accessory,5,Married,9,0,15.0,2.0,2.0,3.0,172.79,0-6 Months,Medium (10-20km),0-3 Days
53705,0,5.0,Mobile Phone,1,15.0,Debit Card,Female,4.0,4,Grocery,4,Single,5,0,12.0,1.0,2.0,1.0,289.22,0-6 Months,Medium (10-20km),0-3 Days
53706,0,8.0,Computer,1,7.0,UPI,Male,4.0,4,Mobile Phone,5,Married,7,0,15.0,2.0,2.0,4.0,154.96,6-12 Months,Near (<10km),4-7 Days
53707,1,1.0,Mobile Phone,1,15.0,Debit Card,Female,3.0,5,Mobile Phone,4,Single,3,0,13.0,1.0,2.0,1.0,137.61,0-6 Months,Medium (10-20km),0-3 Days
53708,0,1.0,Mobile Phone,1,18.0,Debit Card,Male,4.0,4,Mobile Phone,5,Divorced,2,0,15.0,2.0,2.0,5.0,145.99,0-6 Months,Medium (10-20km),4-7 Days
53709,0,10.0,Mobile Phone,1,11.0,Debit Card,Male,3.0,5,Laptop & Accessory,2,Single,3,0,17.0,2.0,2.0,9.0,183.1,6-12 Months,Medium (10-20km),8-15 Days
53710,0,10.0,Mobile Phone,3,23.0,E Wallet,Female,4.0,5,Laptop & Accessory,5,Divorced,6,0,14.0,2.0,2.0,3.0,181.47,6-12 Months,Far (>20km),0-3 Days
53711,0,21.0,Mobile Phone,1,7.0,Cash on Delivery,Male,4.0,4,Mobile Phone,2,Divorced,9,0,13.0,2.0,2.0,3.0,159.2,1-2 Years,Near (<10km),0-3 Days
53712,1,1.0,Mobile Phone,3,16.0,Debit Card,Male,4.0,5,Mobile Phone,5,Divorced,5,0,13.0,2.0,3.0,3.0,169.0,0-6 Months,Medium (10-20km),0-3 Days
53713,0,11.0,Computer,1,12.0,Cash on Delivery,Male,3.0,2,Mobile Phone,3,Single,2,0,15.0,2.0,2.0,4.0,160.0,6-12 Months,Medium (10-20km),4-7 Days
53714,0,30.0,Mobile Phone,1,7.0,Debit Card,Female,3.0,4,Mobile Phone,5,Divorced,4,0,23.0,2.0,2.0,1.0,145.66,2+ Years,Near (<10km),0-3 Days
53715,0,21.0,Mobile Phone,1,9.0,Credit Card,Female,3.0,4,Grocery,3,Divorced,5,0,15.0,4.0,6.0,7.0,296.69,1-2 Years,Near (<10km),4-7 Days
53716,0,1.0,Mobile Phone,3,11.0,Credit Card,Female,3.0,4,Laptop & Accessory,3,Divorced,3,1,13.0,2.0,2.0,4.0,166.62,0-6 Months,Medium (10-20km),4-7 Days
53717,0,6.0,Mobile Phone,3,14.0,E Wallet,Male,4.0,4,Laptop & Accessory,2,Divorced,6,0,13.0,2.0,2.0,3.0,217.04,0-6 Months,Medium (10-20km),0-3 Days
53718,0,8.0,Mobile Phone,1,7.0,Debit Card,Female,3.0,5,Mobile Phone,4,Divorced,7,0,18.0,2.0,2.0,3.0,157.94,6-12 Months,Near (<10km),0-3 Days
53719,0,15.0,Mobile Phone,1,12.0,Credit Card,Male,3.0,2,Mobile Phone,3,Divorced,4,1,13.0,2.0,2.0,4.0,146.27,1-2 Years,Medium (10-20km),4-7 Days
53720,0,14.0,Computer,1,16.0,UPI,Male,3.0,4,Laptop & Accessory,3,Married,5,0,12.0,2.0,2.0,8.0,164.75,1-2 Years,Medium (10-20km),8-15 Days
53721,0,5.0,Mobile Phone,3,15.0,Debit Card,Male,3.0,4,Fashion,2,Married,3,0,19.0,3.0,2.0,10.0,232.93,0-6 Months,Medium (10-20km),8-15 Days
53722,1,10.0,Mobile Phone,3,16.0,E Wallet,Male,3.0,4,Fashion,1,Married,6,0,12.0,1.0,5.0,3.0,225.96,6-12 Months,Medium (10-20km),0-3 Days
53723,1,3.0,Computer,1,9.0,Debit Card,Female,3.0,5,Mobile Phone,5,Single,4,1,24.0,1.0,2.0,1.0,161.46,0-6 Months,Near (<10km),0-3 Days
53724,1,1.0,Computer,1,7.0,Debit Card,Female,4.0,2,Fashion,4,Single,3,0,12.0,4.0,5.0,8.0,199.46,0-6 Months,Near (<10km),8-15 Days
53725,0,19.0,Mobile Phone,1,27.0,Credit Card,Male,4.0,6,Fashion,5,Married,4,1,19.0,1.0,2.0,8.0,233.51,1-2 Years,Far (>20km),8-15 Days
53726,0,5.0,Mobile Phone,2,15.0,Credit Card,Female,4.0,2,Mobile Phone,4,Single,11,0,19.0,1.0,2.0,3.0,146.09,0-6 Months,Medium (10-20km),0-3 Days
53727,1,1.0,Computer,1,9.0,Debit Card,Male,4.0,4,Mobile Phone,1,Divorced,8,1,14.0,3.0,3.0,3.0,162.22,0-6 Months,Near (<10km),0-3 Days
53728,0,19.0,Mobile Phone,1,36.0,Cash on Delivery,Male,3.0,4,Fashion,1,Divorced,6,1,19.0,2.0,2.0,3.0,218.8,1-2 Years,Far (>20km),0-3 Days
53729,0,22.0,Mobile Phone,3,14.0,E Wallet,Male,4.0,4,Laptop & Accessory,5,Married,6,0,12.0,2.0,3.0,3.0,179.86,1-2 Years,Medium (10-20km),0-3 Days
53730,1,1.0,Mobile Phone,2,16.0,Cash on Delivery,Female,3.0,4,Mobile Phone,3,Divorced,3,0,16.0,2.0,3.0,3.0,152.42,0-6 Months,Medium (10-20km),0-3 Days
53731,0,14.0,Computer,1,15.0,Credit Card,Male,3.0,5,Fashion,4,Married,4,0,12.0,1.0,5.0,9.0,262.57,1-2 Years,Medium (10-20km),8-15 Days
53732,0,2.0,Mobile Phone,3,12.0,Credit Card,Male,3.0,4,Laptop & Accessory,5,Single,2,0,19.0,2.0,2.0,3.0,209.63,0-6 Months,Medium (10-20km),0-3 Days
53733,0,18.0,Computer,1,12.0,Debit Card,Male,3.0,5,Mobile Phone,3,Single,5,0,15.0,1.0,2.0,4.0,156.62,1-2 Years,Medium (10-20km),4-7 Days
53734,0,27.0,Mobile Phone,1,9.0,Credit Card,Male,3.0,2,Grocery,4,Single,6,0,13.0,1.0,9.0,9.0,290.98,2+ Years,Near (<10km),8-15 Days
53735,0,23.0,Mobile Phone,1,12.0,Cash on Delivery,Male,4.0,4,Laptop & Accessory,3,Divorced,4,0,15.0,1.0,2.0,3.0,191.51,1-2 Years,Medium (10-20km),0-3 Days
53736,0,14.0,Mobile Phone,1,9.0,Credit Card,Male,4.0,4,Mobile Phone,3,Married,4,0,15.0,1.0,2.0,3.0,148.45,1-2 Years,Near (<10km),0-3 Days
53737,0,18.0,Mobile Phone,1,27.0,Debit Card,Male,3.0,4,Mobile Phone,4,Single,3,0,14.0,2.0,2.0,4.0,159.2,1-2 Years,Far (>20km),4-7 Days
53738,0,7.0,Computer,3,14.0,Credit Card,Male,3.0,4,Laptop & Accessory,5,Divorced,2,0,15.0,1.0,2.0,4.0,168.73,6-12 Months,Medium (10-20km),4-7 Days
53739,0,8.0,Mobile Phone,3,10.0,UPI,Male,3.0,6,Laptop & Accessory,5,Single,5,0,19.0,3.0,4.0,13.0,172.59,6-12 Months,Near (<10km),8-15 Days
53740,0,4.0,Mobile Phone,3,23.0,Debit Card,Male,4.0,4,Laptop & Accessory,3,Divorced,10,0,16.0,1.0,3.0,3.0,178.01,0-6 Months,Far (>20km),0-3 Days
53741,0,16.0,Computer,1,16.0,Credit Card,Female,4.0,4,Mobile Phone,1,Single,3,0,14.0,5.0,6.0,9.0,161.73,1-2 Years,Medium (10-20km),8-15 Days
53742,0,18.0,Computer,3,7.0,E Wallet,Female,4.0,4,Laptop & Accessory,3,Divorced,9,0,13.0,2.0,2.0,1.0,172.68,1-2 Years,Near (<10km),0-3 Days
53743,0,4.0,Computer,1,14.0,Cash on Delivery,Male,4.0,4,Mobile Phone,3,Married,3,0,14.0,1.0,2.0,1.0,137.74,0-6 Months,Medium (10-20km),0-3 Days
53744,0,51.0,Mobile Phone,1,7.0,Debit Card,Male,4.0,2,Laptop & Accessory,3,Divorced,2,0,25.0,2.0,3.0,9.0,174.0,2+ Years,Near (<10km),8-15 Days
53745,0,23.0,Mobile Phone,1,14.0,Debit Card,Male,3.0,4,Fashion,4,Married,5,0,15.0,1.0,2.0,3.0,229.66,1-2 Years,Medium (10-20km),0-3 Days
53746,0,8.0,Computer,1,22.0,Credit Card,Male,4.0,4,Grocery,5,Married,9,0,15.0,3.0,7.0,10.0,295.07,6-12 Months,Far (>20km),8-15 Days
53747,1,1.0,Computer,3,7.0,Cash on Delivery,Male,4.0,4,Mobile Phone,3,Divorced,5,0,16.0,2.0,2.0,3.0,154.09,0-6 Months,Near (<10km),0-3 Days
53748,1,1.0,Computer,3,20.0,Cash on Delivery,Female,3.0,4,Laptop & Accessory,4,Single,7,0,12.0,1.0,2.0,1.0,182.65,0-6 Months,Medium (10-20km),0-3 Days
53749,1,1.0,Mobile Phone,3,31.0,Credit Card,Female,3.0,5,Laptop & Accessory,4,Single,2,1,24.0,3.0,11.0,11.0,170.99,0-6 Months,Far (>20km),8-15 Days
53750,0,9.0,Mobile Phone,3,14.0,Debit Card,Male,4.0,4,Mobile Phone,3,Divorced,3,0,14.0,2.0,2.0,1.0,149.04,6-12 Months,Medium (10-20km),0-3 Days
53751,1,1.0,Computer,1,16.0,Credit Card,Male,3.0,4,Mobile Phone,5,Single,4,1,12.0,1.0,2.0,1.0,156.72,0-6 Months,Medium (10-20km),0-3 Days
53752,0,1.0,Computer,3,20.0,Debit Card,Female,4.0,4,Mobile Phone,4,Divorced,3,0,14.0,1.0,2.0,1.0,145.33,0-6 Months,Medium (10-20km),0-3 Days
53753,0,18.0,Computer,1,9.0,Credit Card,Male,3.0,4,Fashion,3,Single,7,1,19.0,1.0,3.0,3.0,227.09,1-2 Years,Near (<10km),0-3 Days
53754,0,3.0,Mobile Phone,3,26.0,Debit Card,Male,4.0,5,Laptop & Accessory,3,Married,3,0,15.0,2.0,2.0,3.0,211.2,0-6 Months,Far (>20km),0-3 Days
53755,0,4.0,Mobile Phone,2,7.0,Debit Card,Male,3.0,4,Mobile Phone,3,Married,2,0,22.0,1.0,2.0,4.0,145.64,0-6 Months,Near (<10km),4-7 Days
53756,0,29.0,Mobile Phone,1,11.0,Debit Card,Male,2.0,4,Laptop & Accessory,3,Divorced,2,1,17.0,1.0,2.0,3.0,165.35,2+ Years,Medium (10-20km),0-3 Days
53757,0,7.0,Mobile Phone,1,11.0,Credit Card,Female,3.0,5,Mobile Phone,4,Divorced,10,0,12.0,1.0,2.0,3.0,163.38,6-12 Months,Medium (10-20km),0-3 Days
53758,0,21.0,Mobile Phone,3,21.0,Credit Card,Female,4.0,4,Laptop & Accessory,3,Divorced,5,1,18.0,2.0,2.0,3.0,170.91,1-2 Years,Far (>20km),0-3 Days
53759,1,1.0,Computer,1,9.0,Credit Card,Male,3.0,5,Mobile Phone,5,Single,9,0,12.0,1.0,2.0,1.0,150.61,0-6 Months,Near (<10km),0-3 Days
53760,0,2.0,Mobile Phone,1,7.0,Debit Card,Male,4.0,5,Mobile Phone,3,Married,3,0,15.0,1.0,2.0,1.0,140.63,0-6 Months,Near (<10km),0-3 Days
53761,0,2.0,Computer,3,14.0,Debit Card,Male,3.0,4,Laptop & Accessory,5,Single,2,0,15.0,2.0,2.0,4.0,173.98,0-6 Months,Medium (10-20km),4-7 Days
53762,0,23.0,Mobile Phone,1,10.0,Credit Card,Female,3.0,5,Laptop & Accessory,5,Divorced,6,0,26.0,2.0,2.0,3.0,172.89,1-2 Years,Near (<10km),0-3 Days
53763,0,3.0,Computer,1,9.0,Debit Card,Female,4.0,4,Mobile Phone,4,Divorced,2,0,14.0,1.0,2.0,3.0,156.8,0-6 Months,Near (<10km),0-3 Days
53764,0,2.0,Mobile Phone,1,36.0,Debit Card,Male,4.0,6,Laptop & Accessory,4,Divorced,3,0,15.0,2.0,2.0,8.0,190.49,0-6 Months,Far (>20km),8-15 Days
53765,0,7.0,Mobile Phone,1,15.0,Debit Card,Male,4.0,4,Laptop & Accessory,3,Single,4,1,18.0,1.0,2.0,1.0,188.88,6-12 Months,Medium (10-20km),0-3 Days
53766,0,6.0,Mobile Phone,1,17.0,Credit Card,Male,1.0,4,Fashion,1,Single,4,0,26.0,1.0,2.0,1.0,237.44,0-6 Months,Medium (10-20km),0-3 Days
53767,0,28.0,Computer,1,18.0,Credit Card,Female,3.0,4,Grocery,1,Married,5,0,21.0,1.0,2.0,13.0,285.32,2+ Years,Medium (10-20km),8-15 Days
53768,1,1.0,Mobile Phone,1,7.0,Cash on Delivery,Male,4.0,5,Mobile Phone,5,Single,8,0,14.0,1.0,2.0,8.0,148.62,0-6 Months,Near (<10km),8-15 Days
53769,0,18.0,Mobile Phone,1,35.0,Debit Card,Male,3.0,4,Grocery,5,Divorced,5,0,14.0,1.0,15.0,18.0,288.28,1-2 Years,Far (>20km),15+ Days
53770,0,13.0,Mobile Phone,1,13.0,Debit Card,Female,3.0,4,Fashion,4,Single,6,0,19.0,1.0,3.0,3.0,208.76,1-2 Years,Medium (10-20km),0-3 Days
53771,0,20.0,Mobile Phone,3,10.0,Debit Card,Female,3.0,4,Grocery,4,Divorced,10,0,13.0,1.0,6.0,2.0,291.06,1-2 Years,Near (<10km),0-3 Days
53772,0,9.0,Mobile Phone,1,23.0,Debit Card,Female,4.0,5,Fashion,4,Single,3,0,20.0,2.0,4.0,3.0,211.06,6-12 Months,Far (>20km),0-3 Days
53773,0,1.0,Mobile Phone,1,27.0,Debit Card,Male,4.0,4,Laptop & Accessory,3,Single,2,0,15.0,2.0,2.0,3.0,147.72,0-6 Months,Far (>20km),0-3 Days
53774,1,4.0,Mobile Phone,1,16.0,Debit Card,Male,3.0,4,Mobile Phone,5,Single,5,0,15.0,2.0,2.0,1.0,145.18,0-6 Months,Medium (10-20km),0-3 Days
53775,0,8.0,Mobile Phone,3,7.0,Cash on Delivery,Male,4.0,5,Fashion,3,Divorced,3,1,15.0,8.0,9.0,7.0,195.83,6-12 Months,Near (<10km),4-7 Days
53776,1,1.0,Computer,1,10.0,Debit Card,Female,3.0,4,Mobile Phone,3,Single,3,0,13.0,7.0,8.0,8.0,165.84,0-6 Months,Near (<10km),8-15 Days
53777,0,24.0,Computer,1,29.0,Credit Card,Male,3.0,6,Grocery,1,Single,3,1,14.0,1.0,14.0,10.0,269.11,1-2 Years,Far (>20km),8-15 Days
53778,0,8.0,Mobile Phone,3,14.0,Cash on Delivery,Male,3.0,4,Mobile Phone,3,Married,2,1,26.0,1.0,6.0,8.0,148.08,6-12 Months,Medium (10-20km),8-15 Days
53779,0,16.0,Mobile Phone,1,9.0,Credit Card,Male,4.0,5,Mobile Phone,4,Married,6,0,15.0,2.0,2.0,1.0,173.41,1-2 Years,Near (<10km),0-3 Days
53780,0,11.0,Mobile Phone,1,20.0,Credit Card,Male,3.0,4,Laptop & Accessory,1,Married,3,0,18.0,1.0,4.0,8.0,167.85,6-12 Months,Medium (10-20km),8-15 Days
53781,0,3.0,Mobile Phone,1,15.0,UPI,Female,3.0,6,Laptop & Accessory,5,Married,5,0,14.0,1.0,2.0,3.0,222.15,0-6 Months,Medium (10-20km),0-3 Days
53782,0,7.0,Mobile Phone,1,32.0,Debit Card,Male,3.0,5,Laptop & Accessory,4,Single,3,0,14.0,1.0,2.0,3.0,168.2,6-12 Months,Far (>20km),0-3 Days
53783,0,19.0,Mobile Phone,1,35.0,Cash on Delivery,Male,4.0,4,Mobile Phone,1,Married,6,0,21.0,2.0,2.0,4.0,146.32,1-2 Years,Far (>20km),4-7 Days
53784,0,16.0,Computer,1,9.0,Debit Card,Male,3.0,4,Fashion,1,Married,4,1,15.0,13.0,14.0,3.0,226.24,1-2 Years,Near (<10km),0-3 Days
53785,0,14.0,Mobile Phone,3,16.0,Credit Card,Male,3.0,4,Laptop & Accessory,5,Married,2,0,13.0,3.0,8.0,2.0,179.73,1-2 Years,Medium (10-20km),0-3 Days
53786,0,7.0,Mobile Phone,1,35.0,Debit Card,Male,4.0,4,Laptop & Accessory,3,Married,3,1,13.0,2.0,6.0,8.0,177.07,6-12 Months,Far (>20km),8-15 Days
53787,0,14.0,Mobile Phone,2,13.0,Credit Card,Male,3.0,4,Grocery,1,Single,3,1,22.0,1.0,8.0,8.0,289.37,1-2 Years,Medium (10-20km),8-15 Days
53788,0,1.0,Mobile Phone,1,28.0,Cash on Delivery,Male,3.0,5,Mobile Phone,5,Married,2,0,15.0,1.0,2.0,1.0,147.96,0-6 Months,Far (>20km),0-3 Days
53789,0,14.0,Computer,1,15.0,Debit Card,Male,4.0,4,Laptop & Accessory,1,Married,5,1,19.0,3.0,3.0,3.0,165.69,1-2 Years,Medium (10-20km),0-3 Days
53790,0,19.0,Mobile Phone,1,7.0,Cash on Delivery,Male,4.0,4,Fashion,4,Married,3,0,13.0,7.0,8.0,8.0,199.41,1-2 Years,Near (<10km),8-15 Days
53791,0,9.0,Mobile Phone,3,7.0,Debit Card,Female,4.0,5,Mobile Phone,3,Married,2,0,24.0,3.0,5.0,3.0,149.3,6-12 Months,Near (<10km),0-3 Days
53792,0,6.0,Mobile Phone,1,12.0,Debit Card,Female,4.0,5,Laptop & Accessory,4,Married,5,0,13.0,2.0,3.0,6.0,183.78,0-6 Months,Medium (10-20km),4-7 Days
53793,0,10.0,Mobile Phone,3,9.0,Debit Card,Male,4.0,4,Mobile Phone,1,Single,5,1,22.0,1.0,2.0,3.0,151.44,6-12 Months,Near (<10km),0-3 Days
53794,0,22.0,Mobile Phone,3,23.0,Debit Card,Female,4.0,4,Laptop & Accessory,3,Married,10,0,15.0,2.0,8.0,8.0,189.39,1-2 Years,Far (>20km),8-15 Days
53795,0,3.0,Mobile Phone,1,16.0,Debit Card,Male,4.0,2,Mobile Phone,3,Married,8,0,19.0,2.0,2.0,1.0,149.51,0-6 Months,Medium (10-20km),0-3 Days
53796,0,7.0,Mobile Phone,3,15.0,Debit Card,Male,3.0,4,Laptop & Accessory,5,Married,4,0,14.0,3.0,3.0,3.0,188.92,6-12 Months,Medium (10-20km),0-3 Days
53797,1,1.0,Mobile Phone,3,7.0,Debit Card,Male,4.0,5,Laptop & Accessory,5,Married,3,0,12.0,4.0,7.0,3.0,222.14,0-6 Months,Near (<10km),0-3 Days
53798,0,12.0,Computer,2,17.0,UPI,Male,4.0,4,Laptop & Accessory,3,Married,5,0,12.0,1.0,2.0,3.0,185.77,6-12 Months,Medium (10-20km),0-3 Days
53799,0,9.0,Mobile Phone,1,7.0,Credit Card,Male,4.0,5,Mobile Phone,5,Single,3,0,20.0,1.0,2.0,3.0,149.5,6-12 Months,Near (<10km),0-3 Days
53800,0,4.0,Mobile Phone,3,36.0,Cash on Delivery,Male,3.0,4,Fashion,4,Married,5,0,13.0,1.0,2.0,3.0,217.5,0-6 Months,Far (>20km),0-3 Days
53801,1,1.0,Mobile Phone,1,9.0,Debit Card,Female,4.0,4,Mobile Phone,5,Married,3,1,13.0,2.0,2.0,1.0,145.74,0-6 Months,Near (<10km),0-3 Days
53802,1,17.0,Mobile Phone,1,9.0,Cash on Delivery,Female,4.0,5,Fashion,1,Married,2,0,17.0,2.0,2.0,3.0,226.69,1-2 Years,Near (<10km),0-3 Days
53803,1,2.0,Mobile Phone,1,9.0,Credit Card,Male,3.0,4,Laptop & Accessory,4,Married,6,0,12.0,1.0,2.0,5.0,173.55,0-6 Months,Near (<10km),4-7 Days
53804,0,6.0,Computer,1,7.0,Cash on Delivery,Male,4.0,4,Laptop & Accessory,5,Married,6,0,15.0,2.0,2.0,3.0,165.87,0-6 Months,Near (<10km),0-3 Days
53805,0,22.0,Mobile Phone,1,22.0,UPI,Female,4.0,4,Mobile Phone,5,Married,10,0,13.0,8.0,8.0,7.0,148.67,1-2 Years,Far (>20km),4-7 Days
53806,0,8.0,Mobile Phone,1,14.0,Credit Card,Male,3.0,4,Mobile Phone,1,Single,3,0,14.0,1.0,2.0,1.0,154.72,6-12 Months,Medium (10-20km),0-3 Days
53807,0,29.0,Mobile Phone,3,33.0,E Wallet,Male,3.0,5,Others,1,Married,3,0,15.0,3.0,3.0,14.0,320.86,2+ Years,Far (>20km),8-15 Days
53808,0,8.0,Mobile Phone,1,7.0,Debit Card,Male,3.0,4,Laptop & Accessory,1,Married,11,0,18.0,2.0,3.0,2.0,179.84,6-12 Months,Near (<10km),0-3 Days
53809,0,1.0,Mobile Phone,1,10.0,Debit Card,Female,3.0,4,Mobile Phone,1,Married,3,0,22.0,2.0,2.0,1.0,145.61,0-6 Months,Near (<10km),0-3 Days
53810,0,12.0,Mobile Phone,3,21.0,Debit Card,Male,4.0,4,Laptop & Accessory,4,Married,2,0,12.0,6.0,8.0,3.0,224.24,6-12 Months,Far (>20km),0-3 Days
53811,0,12.0,Mobile Phone,3,23.0,Debit Card,Female,3.0,4,Laptop & Accessory,4,Single,4,0,13.0,1.0,2.0,3.0,166.98,6-12 Months,Far (>20km),0-3 Days
53812,0,10.0,Mobile Phone,3,7.0,Debit Card,Female,4.0,4,Laptop & Accessory,3,Single,8,0,14.0,2.0,2.0,1.0,193.15,6-12 Months,Near (<10km),0-3 Days
53813,0,3.0,Mobile Phone,1,10.0,Credit Card,Male,3.0,4,Mobile Phone,5,Single,3,1,19.0,1.0,2.0,6.0,172.23,0-6 Months,Near (<10km),4-7 Days
53814,0,9.0,Mobile Phone,1,17.0,Credit Card,Female,3.0,4,Laptop & Accessory,3,Single,5,1,17.0,2.0,2.0,5.0,186.42,6-12 Months,Medium (10-20km),4-7 Days
53815,0,13.0,Mobile Phone,3,13.0,Credit Card,Male,3.0,2,Fashion,3,Married,4,0,12.0,5.0,8.0,7.0,207.37,1-2 Years,Medium (10-20km),4-7 Days
53816,0,3.0,Computer,1,9.0,Debit Card,Male,3.0,4,Laptop & Accessory,1,Married,3,0,20.0,1.0,2.0,3.0,213.53,0-6 Months,Near (<10km),0-3 Days
53817,0,24.0,Mobile Phone,3,6.0,E Wallet,Male,3.0,4,Others,3,Married,6,1,15.0,1.0,2.0,1.0,318.31,1-2 Years,Near (<10km),0-3 Days
53818,0,1.0,Mobile Phone,1,17.0,Cash on Delivery,Male,3.0,2,Mobile Phone,3,Married,4,0,17.0,3.0,3.0,3.0,145.73,0-6 Months,Medium (10-20km),0-3 Days
53819,0,10.0,Computer,1,13.0,Debit Card,Male,4.0,2,Laptop & Accessory,5,Married,5,1,14.0,2.0,2.0,3.0,180.62,6-12 Months,Medium (10-20km),0-3 Days
53820,0,16.0,Mobile Phone,1,16.0,UPI,Male,4.0,5,Others,1,Single,10,0,15.0,2.0,2.0,2.0,321.13,1-2 Years,Medium (10-20km),0-3 Days
53821,0,9.0,Mobile Phone,1,35.0,Debit Card,Male,3.0,2,Laptop & Accessory,3,Married,3,0,18.0,6.0,7.0,9.0,159.07,6-12 Months,Far (>20km),8-15 Days
53822,0,8.0,Computer,1,17.0,Cash on Delivery,Male,4.0,5,Laptop & Accessory,3,Married,3,0,15.0,3.0,8.0,8.0,175.63,6-12 Months,Medium (10-20km),8-15 Days
53823,0,14.0,Mobile Phone,3,21.0,Debit Card,Female,3.0,4,Laptop & Accessory,5,Married,3,0,16.0,1.0,2.0,3.0,171.39,1-2 Years,Far (>20km),0-3 Days
53824,0,17.0,Mobile Phone,1,34.0,Cash on Delivery,Male,3.0,2,Mobile Phone,4,Married,7,0,13.0,2.0,2.0,3.0,173.76,1-2 Years,Far (>20km),0-3 Days
53825,0,9.0,Mobile Phone,1,14.0,Debit Card,Male,4.0,5,Mobile Phone,1,Married,3,0,19.0,2.0,2.0,2.0,151.9,6-12 Months,Medium (10-20km),0-3 Days
53826,0,20.0,Mobile Phone,3,7.0,Debit Card,Male,3.0,2,Grocery,5,Single,3,0,15.0,2.0,2.0,13.0,300.67,1-2 Years,Near (<10km),8-15 Days
53827,1,1.0,Mobile Phone,1,31.0,Credit Card,Male,3.0,4,Mobile Phone,4,Married,3,1,18.0,1.0,2.0,1.0,149.08,0-6 Months,Far (>20km),0-3 Days
53828,0,1.0,Computer,1,33.0,UPI,Female,3.0,5,Mobile Phone,3,Married,3,1,15.0,1.0,2.0,4.0,153.14,0-6 Months,Far (>20km),4-7 Days
53829,0,24.0,Computer,1,27.0,Credit Card,Male,3.0,4,Grocery,3,Married,4,1,16.0,4.0,2.0,14.0,237.45,1-2 Years,Far (>20km),8-15 Days
53830,0,6.0,Mobile Phone,1,12.0,UPI,Female,3.0,2,Mobile Phone,1,Married,5,0,18.0,2.0,2.0,3.0,158.12,0-6 Months,Medium (10-20km),0-3 Days
53831,0,18.0,Mobile Phone,1,14.0,Credit Card,Female,3.0,4,Others,1,Married,2,1,15.0,2.0,2.0,11.0,315.49,1-2 Years,Medium (10-20km),8-15 Days
53832,0,4.0,Mobile Phone,1,14.0,Credit Card,Male,3.0,5,Mobile Phone,4,Married,3,0,13.0,1.0,2.0,2.0,146.41,0-6 Months,Medium (10-20km),0-3 Days
53833,0,19.0,Mobile Phone,1,12.0,Credit Card,Female,3.0,6,Laptop & Accessory,5,Single,3,1,15.0,2.0,2.0,5.0,182.69,1-2 Years,Medium (10-20km),4-7 Days
53834,0,19.0,Computer,3,33.0,E Wallet,Male,3.0,5,Laptop & Accessory,5,Married,3,0,16.0,1.0,5.0,6.0,168.85,1-2 Years,Far (>20km),4-7 Days
53835,0,5.0,Computer,3,9.0,UPI,Male,3.0,4,Laptop & Accessory,5,Single,9,0,14.0,1.0,2.0,4.0,178.32,0-6 Months,Near (<10km),4-7 Days
53836,0,10.0,Mobile Phone,1,19.0,Debit Card,Female,4.0,4,Laptop & Accessory,3,Married,11,1,13.0,1.0,2.0,2.0,171.63,6-12 Months,Medium (10-20km),0-3 Days
53837,0,8.0,Computer,1,17.0,Debit Card,Male,3.0,2,Laptop & Accessory,1,Married,3,0,14.0,6.0,8.0,3.0,172.24,6-12 Months,Medium (10-20km),0-3 Days
53838,0,23.0,Mobile Phone,1,32.0,Debit Card,Female,3.0,4,Mobile Phone,5,Married,3,0,15.0,1.0,2.0,5.0,157.11,1-2 Years,Far (>20km),4-7 Days
53839,0,13.0,Mobile Phone,1,17.0,Credit Card,Male,4.0,4,Laptop & Accessory,5,Married,4,0,14.0,5.0,8.0,8.0,178.77,1-2 Years,Medium (10-20km),8-15 Days
53840,0,1.0,Mobile Phone,1,26.0,UPI,Male,4.0,5,Mobile Phone,5,Married,3,0,12.0,1.0,2.0,8.0,165.66,0-6 Months,Far (>20km),8-15 Days
53841,0,9.0,Mobile Phone,1,25.0,Debit Card,Male,3.0,2,Laptop & Accessory,5,Married,3,0,12.0,1.0,2.0,11.0,177.08,6-12 Months,Far (>20km),8-15 Days
53842,0,2.0,Mobile Phone,1,34.0,Credit Card,Female,3.0,6,Laptop & Accessory,5,Married,2,0,22.0,2.0,2.0,1.0,25.0,0-6 Months,Far (>20km),0-3 Days
53843,0,1.0,Mobile Phone,1,12.0,Credit Card,Male,4.0,4,Mobile Phone,1,Single,3,0,19.0,2.0,3.0,3.0,156.17,0-6 Months,Medium (10-20km),0-3 Days
53844,1,1.0,Computer,3,10.0,Credit Card,Female,4.0,4,Mobile Phone,1,Single,3,1,13.0,1.0,2.0,1.0,140.69,0-6 Months,Near (<10km),0-3 Days
53845,0,21.0,Mobile Phone,2,33.0,Debit Card,Female,4.0,4,Others,3,Married,5,0,15.0,2.0,2.0,1.0,321.58,1-2 Years,Far (>20km),0-3 Days
53846,0,13.0,Mobile Phone,1,10.0,Credit Card,Male,4.0,5,Laptop & Accessory,3,Married,2,0,16.0,1.0,2.0,8.0,155.69,1-2 Years,Near (<10km),8-15 Days
53847,0,14.0,Mobile Phone,1,22.0,Debit Card,Female,4.0,5,Fashion,3,Married,3,0,14.0,2.0,15.0,3.0,229.35,1-2 Years,Far (>20km),0-3 Days
53848,0,9.0,Computer,1,15.0,Debit Card,Female,3.0,4,Laptop & Accessory,3,Married,3,0,13.0,3.0,3.0,10.0,166.48,6-12 Months,Medium (10-20km),8-15 Days
53849,0,11.0,Mobile Phone,1,26.0,Debit Card,Male,3.0,4,Laptop & Accessory,3,Married,5,0,18.0,1.0,2.0,3.0,182.68,6-12 Months,Far (>20km),0-3 Days
53850,0,13.0,Computer,1,11.0,Credit Card,Female,3.0,4,Laptop & Accessory,3,Single,2,0,14.0,4.0,4.0,9.0,175.42,1-2 Years,Medium (10-20km),8-15 Days
53851,0,19.0,Mobile Phone,1,9.0,UPI,Female,3.0,5,Laptop & Accessory,1,Married,3,0,20.0,3.0,4.0,10.0,182.7,1-2 Years,Near (<10km),8-15 Days
53852,0,12.0,Mobile Phone,1,9.0,Credit Card,Female,3.0,5,Fashion,3,Married,5,1,20.0,2.0,2.0,3.0,202.56,6-12 Months,Near (<10km),0-3 Days
53853,1,1.0,Mobile Phone,3,17.0,Credit Card,Male,3.0,5,Fashion,5,Married,11,0,18.0,5.0,7.0,3.0,228.06,0-6 Months,Medium (10-20km),0-3 Days
53854,0,11.0,Mobile Phone,1,17.0,Credit Card,Female,4.0,4,Mobile Phone,4,Married,3,0,12.0,2.0,8.0,8.0,164.36,6-12 Months,Medium (10-20km),8-15 Days
53855,0,14.0,Mobile Phone,1,23.0,Debit Card,Female,3.0,4,Fashion,1,Single,8,1,16.0,2.0,4.0,4.0,204.45,1-2 Years,Far (>20km),4-7 Days
53856,0,18.0,Computer,2,7.0,UPI,Male,3.0,4,Laptop & Accessory,1,Married,6,1,12.0,2.0,2.0,3.0,182.43,1-2 Years,Near (<10km),0-3 Days
53857,0,22.0,Computer,1,11.0,Credit Card,Male,3.0,5,Grocery,1,Married,4,0,26.0,1.0,3.0,3.0,277.02,1-2 Years,Medium (10-20km),0-3 Days
53858,1,1.0,Mobile Phone,3,22.0,Credit Card,Male,3.0,6,Laptop & Accessory,1,Married,8,1,15.0,2.0,3.0,3.0,179.4,0-6 Months,Far (>20km),0-3 Days
53859,0,1.0,Computer,1,9.0,Cash on Delivery,Female,3.0,4,Mobile Phone,1,Single,3,1,14.0,2.0,2.0,4.0,162.6,0-6 Months,Near (<10km),4-7 Days
53860,0,1.0,Mobile Phone,1,15.0,Credit Card,Female,3.0,2,Mobile Phone,3,Married,9,0,18.0,1.0,2.0,3.0,160.17,0-6 Months,Medium (10-20km),0-3 Days
53861,0,1.0,Computer,1,9.0,Credit Card,Male,3.0,4,Mobile Phone,1,Single,4,0,14.0,1.0,2.0,3.0,150.8,0-6 Months,Near (<10km),0-3 Days
53862,1,4.0,Mobile Phone,1,14.0,Debit Card,Male,4.0,4,Mobile Phone,5,Single,5,1,15.0,1.0,2.0,4.0,146.66,0-6 Months,Medium (10-20km),4-7 Days
53863,0,3.0,Mobile Phone,3,17.0,Credit Card,Male,3.0,5,Laptop & Accessory,3,Single,11,0,12.0,2.0,2.0,5.0,183.69,0-6 Months,Medium (10-20km),4-7 Days
53864,0,10.0,Mobile Phone,1,12.0,Debit Card,Female,3.0,4,Fashion,5,Married,6,0,13.0,2.0,2.0,3.0,205.08,6-12 Months,Medium (10-20km),0-3 Days
53865,0,1.0,Computer,1,9.0,Debit Card,Male,4.0,2,Laptop & Accessory,3,Married,3,0,18.0,1.0,2.0,8.0,177.06,0-6 Months,Near (<10km),8-15 Days
53866,0,13.0,Mobile Phone,1,19.0,Credit Card,Male,4.0,4,Laptop & Accessory,4,Married,6,0,22.0,2.0,2.0,1.0,177.95,1-2 Years,Medium (10-20km),0-3 Days
53867,0,23.0,Mobile Phone,1,29.0,UPI,Female,4.0,4,Grocery,4,Married,5,0,17.0,1.0,2.0,3.0,289.13,1-2 Years,Far (>20km),0-3 Days
53868,0,24.0,Mobile Phone,1,24.0,Debit Card,Female,3.0,5,Fashion,5,Married,7,0,16.0,2.0,2.0,12.0,257.69,1-2 Years,Far (>20km),8-15 Days
53869,0,1.0,Mobile Phone,3,9.0,Credit Card,Female,3.0,4,Mobile Phone,3,Single,3,0,20.0,1.0,3.0,3.0,152.83,0-6 Months,Near (<10km),0-3 Days
53870,0,8.0,Mobile Phone,1,10.0,Debit Card,Female,4.0,4,Laptop & Accessory,4,Married,3,0,13.0,8.0,8.0,10.0,179.33,6-12 Months,Near (<10km),8-15 Days
53871,0,10.0,Mobile Phone,1,14.0,Debit Card,Male,4.0,4,Mobile Phone,4,Single,4,0,12.0,1.0,2.0,4.0,145.13,6-12 Months,Medium (10-20km),4-7 Days
53872,0,23.0,Mobile Phone,1,13.0,Debit Card,Female,3.0,5,Grocery,3,Married,4,1,20.0,1.0,3.0,13.0,264.66,1-2 Years,Medium (10-20km),8-15 Days
53873,0,10.0,Computer,1,7.0,Credit Card,Female,3.0,5,Laptop & Accessory,3,Married,2,0,16.0,2.0,2.0,3.0,168.74,6-12 Months,Near (<10km),0-3 Days
53874,0,10.0,Mobile Phone,1,10.0,Debit Card,Male,4.0,2,Laptop & Accessory,5,Married,8,0,21.0,2.0,2.0,5.0,193.42,6-12 Months,Near (<10km),4-7 Days
53875,0,28.0,Mobile Phone,1,29.0,Credit Card,Female,4.0,4,Grocery,3,Married,5,0,15.0,3.0,5.0,8.0,299.26,2+ Years,Far (>20km),8-15 Days
53876,0,17.0,Mobile Phone,1,22.0,Debit Card,Male,4.0,5,Grocery,3,Married,3,0,15.0,5.0,7.0,12.0,301.03,1-2 Years,Far (>20km),8-15 Days
53877,1,1.0,Computer,3,19.0,UPI,Male,3.0,4,Laptop & Accessory,1,Single,5,1,25.0,4.0,7.0,8.0,170.81,0-6 Months,Medium (10-20km),8-15 Days
53878,0,12.0,Computer,1,7.0,Debit Card,Male,3.0,4,Laptop & Accessory,1,Married,9,0,16.0,3.0,3.0,10.0,172.35,6-12 Months,Near (<10km),8-15 Days
53879,0,3.0,Mobile Phone,3,12.0,Credit Card,Male,3.0,5,Laptop & Accessory,4,Married,3,1,14.0,1.0,2.0,10.0,166.87,0-6 Months,Medium (10-20km),8-15 Days
53880,0,7.0,Mobile Phone,3,9.0,Credit Card,Male,4.0,4,Laptop & Accessory,1,Married,3,0,15.0,2.0,2.0,5.0,180.05,6-12 Months,Near (<10km),4-7 Days
53881,0,6.0,Mobile Phone,1,9.0,Credit Card,Male,3.0,4,Laptop & Accessory,4,Married,2,0,14.0,1.0,2.0,7.0,179.7,0-6 Months,Near (<10km),4-7 Days
53882,0,5.0,Mobile Phone,3,12.0,Debit Card,Female,4.0,4,Laptop & Accessory,1,Married,3,0,12.0,1.0,2.0,3.0,179.76,0-6 Months,Medium (10-20km),0-3 Days
53883,0,23.0,Mobile Phone,1,23.0,Credit Card,Female,4.0,4,Mobile Phone,5,Married,6,1,17.0,2.0,3.0,3.0,150.87,1-2 Years,Far (>20km),0-3 Days
53884,0,12.0,Computer,1,9.0,Credit Card,Female,3.0,5,Mobile Phone,4,Single,3,0,23.0,2.0,4.0,4.0,149.4,6-12 Months,Near (<10km),4-7 Days
53885,0,21.0,Mobile Phone,3,9.0,Debit Card,Female,3.0,2,Grocery,4,Married,8,0,15.0,1.0,2.0,3.0,284.72,1-2 Years,Near (<10km),0-3 Days
53886,0,23.0,Mobile Phone,1,7.0,Debit Card,Male,3.0,4,Grocery,3,Single,6,0,15.0,1.0,2.0,1.0,278.79,1-2 Years,Near (<10km),0-3 Days
53887,0,15.0,Mobile Phone,3,30.0,Debit Card,Male,4.0,4,Fashion,3,Single,5,1,17.0,1.0,2.0,3.0,195.82,1-2 Years,Far (>20km),0-3 Days
53888,0,1.0,Mobile Phone,3,16.0,Debit Card,Male,3.0,4,Mobile Phone,5,Single,3,0,12.0,1.0,2.0,3.0,152.28,0-6 Months,Medium (10-20km),0-3 Days
53889,0,7.0,Computer,3,23.0,Debit Card,Female,3.0,4,Laptop & Accessory,1,Married,3,1,26.0,1.0,2.0,3.0,178.68,6-12 Months,Far (>20km),0-3 Days
53890,0,10.0,Mobile Phone,1,33.0,Debit Card,Male,4.0,4,Laptop & Accessory,3,Married,8,0,15.0,2.0,2.0,3.0,178.47,6-12 Months,Far (>20km),0-3 Days
53891,0,18.0,Mobile Phone,2,7.0,Debit Card,Female,3.0,4,Mobile Phone,1,Married,6,1,19.0,3.0,3.0,3.0,156.95,1-2 Years,Near (<10km),0-3 Days
53892,1,1.0,Mobile Phone,1,15.0,Credit Card,Male,4.0,5,Mobile Phone,3,Single,3,1,12.0,2.0,2.0,3.0,164.89,0-6 Months,Medium (10-20km),0-3 Days
53893,0,12.0,Mobile Phone,1,11.0,Credit Card,Female,3.0,4,Mobile Phone,3,Married,9,0,20.0,1.0,2.0,1.0,158.06,6-12 Months,Medium (10-20km),0-3 Days
53894,0,27.0,Mobile Phone,1,31.0,Credit Card,Male,3.0,2,Fashion,1,Married,5,0,16.0,1.0,2.0,3.0,195.05,2+ Years,Far (>20km),0-3 Days
53895,1,12.0,Computer,3,14.0,Credit Card,Female,4.0,4,Mobile Phone,3,Married,4,1,12.0,5.0,8.0,8.0,151.55,6-12 Months,Medium (10-20km),8-15 Days
53896,1,1.0,Mobile Phone,1,9.0,Debit Card,Male,4.0,4,Mobile Phone,4,Single,3,0,13.0,2.0,2.0,1.0,138.93,0-6 Months,Near (<10km),0-3 Days
53897,0,1.0,Computer,1,14.0,Credit Card,Male,4.0,4,Mobile Phone,1,Single,3,0,21.0,6.0,6.0,8.0,150.7,0-6 Months,Medium (10-20km),8-15 Days
53898,0,29.0,Mobile Phone,1,29.0,Cash on Delivery,Male,4.0,5,Mobile Phone,4,Married,7,0,13.0,2.0,2.0,3.0,160.37,2+ Years,Far (>20km),0-3 Days
53899,0,8.0,Mobile Phone,1,12.0,Credit Card,Male,3.0,5,Laptop & Accessory,1,Married,3,0,15.0,5.0,5.0,14.0,164.86,6-12 Months,Medium (10-20km),8-15 Days
53900,0,31.0,Mobile Phone,1,7.0,Credit Card,Male,4.0,6,Fashion,1,Married,5,0,21.0,1.0,2.0,1.0,233.82999999999998,2+ Years,Near (<10km),0-3 Days
53901,0,7.0,Mobile Phone,1,28.0,Credit Card,Male,4.0,2,Mobile Phone,4,Married,3,0,19.0,3.0,3.0,14.0,145.28,6-12 Months,Far (>20km),8-15 Days
53902,0,11.0,Computer,3,7.0,Credit Card,Male,3.0,6,Laptop & Accessory,1,Married,3,0,15.0,1.0,2.0,3.0,220.25,6-12 Months,Near (<10km),0-3 Days
53903,0,8.0,Mobile Phone,1,26.0,Debit Card,Female,3.0,5,Mobile Phone,1,Married,3,0,13.0,4.0,9.0,8.0,154.29,6-12 Months,Far (>20km),8-15 Days
53904,1,1.0,Mobile Phone,3,14.0,Debit Card,Male,3.0,4,Mobile Phone,1,Married,3,1,22.0,2.0,2.0,3.0,147.75,0-6 Months,Medium (10-20km),0-3 Days
53905,0,18.0,Mobile Phone,1,9.0,Debit Card,Female,4.0,2,Fashion,1,Married,3,1,20.0,7.0,7.0,8.0,203.79,1-2 Years,Near (<10km),8-15 Days
53906,0,9.0,Computer,1,9.0,Credit Card,Male,4.0,5,Mobile Phone,1,Single,2,1,15.0,2.0,2.0,5.0,174.3,6-12 Months,Near (<10km),4-7 Days
53907,0,17.0,Mobile Phone,3,9.0,Credit Card,Male,4.0,4,Laptop & Accessory,1,Married,3,1,18.0,1.0,9.0,9.0,203.47,1-2 Years,Near (<10km),8-15 Days
53908,0,1.0,Mobile Phone,1,16.0,Credit Card,Male,4.0,2,Mobile Phone,3,Married,3,0,17.0,1.0,2.0,5.0,169.01,0-6 Months,Medium (10-20km),4-7 Days
53909,0,15.0,Mobile Phone,3,13.0,E Wallet,Male,3.0,4,Fashion,3,Single,3,0,13.0,7.0,9.0,3.0,217.41,1-2 Years,Medium (10-20km),0-3 Days
53910,0,3.0,Mobile Phone,1,16.0,Credit Card,Female,3.0,4,Mobile Phone,3,Married,11,0,18.0,2.0,2.0,3.0,154.74,0-6 Months,Medium (10-20km),0-3 Days
53911,0,10.0,Mobile Phone,3,9.0,Debit Card,Female,3.0,4,Laptop & Accessory,1,Single,5,0,16.0,4.0,7.0,8.0,170.02,6-12 Months,Near (<10km),8-15 Days
53912,0,19.0,Computer,1,7.0,Debit Card,Male,4.0,5,Fashion,3,Married,5,0,24.0,4.0,2.0,5.0,232.48000000000002,1-2 Years,Near (<10km),4-7 Days
53913,1,1.0,Mobile Phone,2,29.0,UPI,Male,3.0,6,Mobile Phone,3,Married,3,0,12.0,1.0,2.0,1.0,140.55,0-6 Months,Far (>20km),0-3 Days
53914,1,11.0,Computer,3,16.0,Debit Card,Male,3.0,6,Grocery,3,Married,9,0,12.0,2.0,2.0,11.0,254.36,6-12 Months,Medium (10-20km),8-15 Days
53915,0,1.0,Mobile Phone,1,24.0,Credit Card,Male,4.0,6,Mobile Phone,3,Married,3,0,16.0,1.0,2.0,3.0,148.05,0-6 Months,Far (>20km),0-3 Days
53916,0,19.0,Mobile Phone,1,35.0,Cash on Delivery,Female,3.0,5,Grocery,4,Single,3,0,15.0,4.0,9.0,7.0,292.04,1-2 Years,Far (>20km),4-7 Days
53917,0,6.0,Computer,1,17.0,Debit Card,Male,3.0,4,Mobile Phone,3,Married,8,0,14.0,1.0,2.0,4.0,159.33,0-6 Months,Medium (10-20km),4-7 Days
53918,0,5.0,Mobile Phone,1,9.0,Debit Card,Male,4.0,4,Mobile Phone,3,Married,3,0,15.0,1.0,2.0,4.0,159.77,0-6 Months,Near (<10km),4-7 Days
53919,0,15.0,Computer,2,11.0,UPI,Male,3.0,6,Laptop & Accessory,4,Married,8,0,20.0,1.0,2.0,3.0,189.3,1-2 Years,Medium (10-20km),0-3 Days
53920,0,14.0,Mobile Phone,1,15.0,Debit Card,Female,4.0,4,Laptop & Accessory,5,Married,4,1,17.0,1.0,2.0,1.0,190.16,1-2 Years,Medium (10-20km),0-3 Days
53921,0,1.0,Mobile Phone,1,36.0,Credit Card,Male,4.0,4,Mobile Phone,5,Married,3,0,14.0,2.0,2.0,3.0,164.07,0-6 Months,Far (>20km),0-3 Days
53922,0,20.0,Mobile Phone,1,20.0,Debit Card,Male,3.0,4,Laptop & Accessory,4,Single,8,0,15.0,2.0,2.0,10.0,180.62,1-2 Years,Medium (10-20km),8-15 Days
53923,0,9.0,Mobile Phone,1,34.0,Debit Card,Male,3.0,4,Laptop & Accessory,3,Married,4,0,17.0,1.0,2.0,8.0,193.83,6-12 Months,Far (>20km),8-15 Days
53924,0,4.0,Mobile Phone,1,23.0,Debit Card,Male,3.0,4,Mobile Phone,1,Married,3,0,13.0,1.0,2.0,9.0,153.62,0-6 Months,Far (>20km),8-15 Days
53925,0,21.0,Computer,3,9.0,E Wallet,Male,3.0,4,Laptop & Accessory,4,Married,9,0,12.0,1.0,2.0,1.0,174.78,1-2 Years,Near (<10km),0-3 Days
53926,0,20.0,Mobile Phone,3,9.0,Debit Card,Male,4.0,4,Fashion,1,Married,6,1,13.0,1.0,2.0,3.0,228.68,1-2 Years,Near (<10km),0-3 Days
53927,1,1.0,Mobile Phone,3,20.0,E Wallet,Male,4.0,5,Laptop & Accessory,5,Married,7,1,14.0,3.0,3.0,3.0,186.34,0-6 Months,Medium (10-20km),0-3 Days
53928,1,1.0,Mobile Phone,3,7.0,Debit Card,Male,3.0,6,Laptop & Accessory,4,Single,8,0,16.0,1.0,2.0,1.0,192.35,0-6 Months,Near (<10km),0-3 Days
53929,0,1.0,Mobile Phone,1,11.0,Credit Card,Female,3.0,4,Mobile Phone,4,Single,3,0,14.0,2.0,2.0,3.0,157.95,0-6 Months,Medium (10-20km),0-3 Days
53930,0,5.0,Computer,1,31.0,Cash on Delivery,Female,2.0,4,Laptop & Accessory,1,Single,4,0,21.0,2.0,2.0,5.0,177.38,0-6 Months,Far (>20km),4-7 Days
53931,0,13.0,Computer,1,7.0,Debit Card,Male,4.0,4,Laptop & Accessory,1,Married,3,1,16.0,4.0,6.0,9.0,189.72,1-2 Years,Near (<10km),8-15 Days
53932,0,6.0,Mobile Phone,3,26.0,Debit Card,Male,4.0,6,Fashion,3,Married,5,0,14.0,2.0,2.0,3.0,221.1,0-6 Months,Far (>20km),0-3 Days
53933,0,14.0,Mobile Phone,3,14.0,Credit Card,Male,3.0,4,Others,4,Single,3,0,15.0,2.0,13.0,9.0,323.33,1-2 Years,Medium (10-20km),8-15 Days
53934,0,19.0,Mobile Phone,2,11.0,Debit Card,Female,3.0,6,Fashion,3,Married,6,0,22.0,2.0,2.0,3.0,222.56,1-2 Years,Medium (10-20km),0-3 Days
53935,0,4.0,Computer,1,9.0,Cash on Delivery,Female,4.0,5,Mobile Phone,5,Single,2,0,17.0,1.0,2.0,8.0,174.68,0-6 Months,Near (<10km),8-15 Days
53936,0,1.0,Computer,2,17.0,Credit Card,Male,3.0,4,Mobile Phone,1,Married,2,0,15.0,2.0,3.0,2.0,146.45,0-6 Months,Medium (10-20km),0-3 Days
53937,1,1.0,Computer,2,15.0,UPI,Female,4.0,5,Mobile Phone,1,Married,8,0,12.0,2.0,2.0,3.0,146.8,0-6 Months,Medium (10-20km),0-3 Days
53938,0,5.0,Mobile Phone,3,12.0,Cash on Delivery,Male,3.0,4,Laptop & Accessory,3,Married,3,0,20.0,1.0,2.0,3.0,208.46,0-6 Months,Medium (10-20km),0-3 Days
53939,0,1.0,Mobile Phone,1,15.0,Credit Card,Female,4.0,4,Mobile Phone,1,Single,3,0,12.0,2.0,2.0,5.0,159.45,0-6 Months,Medium (10-20km),4-7 Days
53940,1,1.0,Mobile Phone,3,16.0,E Wallet,Female,3.0,6,Mobile Phone,4,Single,3,0,14.0,2.0,3.0,3.0,152.6,0-6 Months,Medium (10-20km),0-3 Days
53941,0,3.0,Computer,1,7.0,Debit Card,Male,4.0,2,Laptop & Accessory,3,Single,10,1,13.0,1.0,2.0,3.0,187.94,0-6 Months,Near (<10km),0-3 Days
53942,0,4.0,Mobile Phone,3,22.0,E Wallet,Male,4.0,5,Fashion,5,Married,4,0,12.0,1.0,2.0,8.0,196.4,0-6 Months,Far (>20km),8-15 Days
53943,0,8.0,Mobile Phone,1,9.0,Credit Card,Male,4.0,2,Mobile Phone,1,Married,2,1,15.0,1.0,2.0,3.0,154.32,6-12 Months,Near (<10km),0-3 Days
53944,0,7.0,Computer,3,9.0,E Wallet,Female,4.0,4,Laptop & Accessory,4,Single,10,0,16.0,1.0,2.0,8.0,176.47,6-12 Months,Near (<10km),8-15 Days
53945,0,23.0,Mobile Phone,3,18.0,E Wallet,Female,4.0,4,Laptop & Accessory,1,Single,5,0,13.0,1.0,2.0,5.0,170.07,1-2 Years,Medium (10-20km),4-7 Days
53946,1,1.0,Mobile Phone,3,23.0,Debit Card,Female,4.0,4,Fashion,5,Single,4,1,21.0,1.0,2.0,3.0,210.64,0-6 Months,Far (>20km),0-3 Days
53947,0,12.0,Computer,1,9.0,Credit Card,Female,4.0,5,Mobile Phone,4,Married,6,0,15.0,1.0,2.0,6.0,149.68,6-12 Months,Near (<10km),4-7 Days
53948,1,1.0,Mobile Phone,3,23.0,E Wallet,Male,4.0,4,Fashion,3,Married,4,0,14.0,2.0,2.0,1.0,206.61,0-6 Months,Far (>20km),0-3 Days
53949,0,3.0,Mobile Phone,1,11.0,Cash on Delivery,Female,4.0,5,Mobile Phone,5,Married,3,0,14.0,1.0,2.0,1.0,146.09,0-6 Months,Medium (10-20km),0-3 Days
53950,0,1.0,Mobile Phone,1,23.0,Debit Card,Male,3.0,2,Laptop & Accessory,3,Married,5,0,17.0,2.0,2.0,8.0,177.94,0-6 Months,Far (>20km),8-15 Days
53951,0,6.0,Computer,1,12.0,Cash on Delivery,Male,4.0,4,Mobile Phone,4,Single,4,0,15.0,2.0,2.0,8.0,152.18,0-6 Months,Medium (10-20km),8-15 Days
53952,0,12.0,Mobile Phone,1,25.0,Credit Card,Male,3.0,6,Laptop & Accessory,1,Married,5,1,17.0,1.0,2.0,1.0,183.11,6-12 Months,Far (>20km),0-3 Days
53953,1,7.0,Computer,1,24.0,Cash on Delivery,Male,3.0,5,Mobile Phone,3,Married,11,1,17.0,2.0,2.0,1.0,149.37,6-12 Months,Far (>20km),0-3 Days
53954,0,16.0,Mobile Phone,1,19.0,Credit Card,Male,3.0,4,Mobile Phone,4,Married,10,0,23.0,2.0,2.0,5.0,152.66,1-2 Years,Medium (10-20km),4-7 Days
53955,0,29.0,Mobile Phone,1,9.0,Credit Card,Male,3.0,5,Others,5,Married,10,0,15.0,1.0,2.0,1.0,315.38,2+ Years,Near (<10km),0-3 Days
53956,0,7.0,Computer,1,11.0,Cash on Delivery,Male,3.0,4,Laptop & Accessory,4,Married,7,0,16.0,1.0,2.0,8.0,155.55,6-12 Months,Medium (10-20km),8-15 Days
53957,0,15.0,Mobile Phone,1,16.0,Debit Card,Male,4.0,4,Mobile Phone,5,Married,3,0,21.0,2.0,2.0,5.0,147.89,1-2 Years,Medium (10-20km),4-7 Days
53958,0,8.0,Computer,3,17.0,Debit Card,Male,3.0,4,Laptop & Accessory,3,Married,3,1,15.0,2.0,2.0,8.0,165.01,6-12 Months,Medium (10-20km),8-15 Days
53959,0,27.0,Computer,1,7.0,Credit Card,Female,3.0,5,Grocery,3,Married,6,1,21.0,1.0,2.0,3.0,254.64999999999998,2+ Years,Near (<10km),0-3 Days
53960,0,17.0,Mobile Phone,2,9.0,Debit Card,Male,4.0,4,Mobile Phone,1,Single,2,0,14.0,1.0,2.0,9.0,160.39,1-2 Years,Near (<10km),8-15 Days
53961,0,8.0,Mobile Phone,3,10.0,Debit Card,Female,3.0,6,Laptop & Accessory,1,Single,7,0,13.0,2.0,3.0,3.0,185.29,6-12 Months,Near (<10km),0-3 Days
53962,1,1.0,Mobile Phone,3,14.0,E Wallet,Male,3.0,4,Mobile Phone,4,Single,3,0,14.0,2.0,2.0,1.0,151.79,0-6 Months,Medium (10-20km),0-3 Days
53963,0,12.0,Mobile Phone,1,13.0,UPI,Female,3.0,5,Mobile Phone,3,Married,3,0,12.0,1.0,2.0,5.0,162.02,6-12 Months,Medium (10-20km),4-7 Days
53964,1,1.0,Mobile Phone,1,15.0,Credit Card,Female,4.0,4,Mobile Phone,5,Married,3,1,18.0,1.0,2.0,1.0,148.98,0-6 Months,Medium (10-20km),0-3 Days
53965,0,5.0,Mobile Phone,3,36.0,E Wallet,Female,4.0,5,Laptop & Accessory,1,Married,3,0,15.0,3.0,6.0,8.0,179.68,0-6 Months,Far (>20km),8-15 Days
53966,0,25.0,Mobile Phone,1,10.0,Cash on Delivery,Female,3.0,4,Fashion,3,Married,4,0,12.0,3.0,2.0,3.0,256.16,2+ Years,Near (<10km),0-3 Days
53967,0,11.0,Mobile Phone,3,16.0,E Wallet,Male,3.0,5,Laptop & Accessory,4,Married,3,0,15.0,1.0,2.0,4.0,166.89,6-12 Months,Medium (10-20km),4-7 Days
53968,0,20.0,Mobile Phone,1,9.0,Credit Card,Male,3.0,4,Others,1,Married,9,1,15.0,2.0,3.0,3.0,318.28,1-2 Years,Near (<10km),0-3 Days
53969,0,10.0,Mobile Phone,1,17.0,Debit Card,Male,3.0,4,Fashion,5,Married,9,1,14.0,2.0,6.0,8.0,208.21,6-12 Months,Medium (10-20km),8-15 Days
53970,1,8.0,Computer,1,7.0,Credit Card,Male,3.0,4,Mobile Phone,4,Married,3,1,13.0,2.0,3.0,4.0,148.42,6-12 Months,Near (<10km),4-7 Days
53971,0,11.0,Mobile Phone,2,15.0,UPI,Male,3.0,4,Laptop & Accessory,4,Married,4,0,14.0,5.0,5.0,8.0,165.71,6-12 Months,Medium (10-20km),8-15 Days
53972,1,1.0,Mobile Phone,3,34.0,Debit Card,Male,3.0,4,Laptop & Accessory,1,Single,3,1,19.0,1.0,8.0,8.0,183.13,0-6 Months,Far (>20km),8-15 Days
53973,0,7.0,Mobile Phone,1,15.0,Debit Card,Male,3.0,2,Mobile Phone,5,Married,8,0,20.0,7.0,8.0,7.0,156.43,6-12 Months,Medium (10-20km),4-7 Days
53974,0,2.0,Mobile Phone,1,7.0,Debit Card,Male,3.0,4,Mobile Phone,1,Married,3,0,12.0,1.0,2.0,4.0,145.44,0-6 Months,Near (<10km),4-7 Days
53975,0,13.0,Mobile Phone,1,17.0,Credit Card,Male,4.0,4,Fashion,3,Single,9,0,22.0,3.0,2.0,3.0,259.64,1-2 Years,Medium (10-20km),0-3 Days
53976,0,20.0,Computer,3,33.0,Debit Card,Male,4.0,5,Laptop & Accessory,4,Single,10,0,16.0,3.0,3.0,3.0,204.91,1-2 Years,Far (>20km),0-3 Days
53977,0,14.0,Mobile Phone,1,9.0,Debit Card,Female,3.0,4,Mobile Phone,5,Married,6,0,18.0,2.0,2.0,3.0,158.77,1-2 Years,Near (<10km),0-3 Days
53978,0,16.0,Mobile Phone,1,20.0,Credit Card,Male,4.0,2,Laptop & Accessory,5,Married,7,0,19.0,2.0,2.0,1.0,180.38,1-2 Years,Medium (10-20km),0-3 Days
53979,0,9.0,Computer,1,9.0,Credit Card,Male,3.0,4,Laptop & Accessory,1,Married,4,0,15.0,1.0,2.0,8.0,182.62,6-12 Months,Near (<10km),8-15 Days
53980,0,12.0,Computer,2,9.0,UPI,Male,4.0,4,Mobile Phone,4,Married,7,0,14.0,4.0,4.0,9.0,150.92,6-12 Months,Near (<10km),8-15 Days
53981,1,1.0,Computer,1,16.0,Debit Card,Male,4.0,4,Laptop & Accessory,5,Married,6,0,18.0,1.0,2.0,8.0,178.46,0-6 Months,Medium (10-20km),8-15 Days
53982,1,1.0,Mobile Phone,1,17.0,Credit Card,Male,3.0,4,Laptop & Accessory,5,Single,3,0,16.0,1.0,2.0,9.0,167.13,0-6 Months,Medium (10-20km),8-15 Days
53983,0,13.0,Computer,3,27.0,Debit Card,Male,3.0,4,Laptop & Accessory,1,Married,4,0,19.0,2.0,3.0,3.0,166.27,1-2 Years,Far (>20km),0-3 Days
53984,0,17.0,Computer,1,16.0,Debit Card,Male,3.0,4,Mobile Phone,3,Single,6,0,14.0,1.0,2.0,3.0,149.38,1-2 Years,Medium (10-20km),0-3 Days
53985,0,15.0,Mobile Phone,1,12.0,Debit Card,Male,3.0,2,Laptop & Accessory,4,Single,5,0,13.0,2.0,2.0,3.0,193.7,1-2 Years,Medium (10-20km),0-3 Days
53986,0,15.0,Mobile Phone,3,11.0,E Wallet,Female,3.0,4,Fashion,3,Married,2,1,14.0,1.0,14.0,3.0,229.47,1-2 Years,Medium (10-20km),0-3 Days
53987,0,4.0,Mobile Phone,1,17.0,Credit Card,Female,4.0,4,Fashion,3,Single,11,0,15.0,1.0,2.0,3.0,221.67,0-6 Months,Medium (10-20km),0-3 Days
53988,1,1.0,Mobile Phone,2,27.0,Credit Card,Female,4.0,4,Mobile Phone,4,Married,2,1,12.0,1.0,2.0,5.0,146.48,0-6 Months,Far (>20km),4-7 Days
53989,1,10.0,Mobile Phone,1,28.0,Credit Card,Female,4.0,4,Laptop & Accessory,4,Married,6,0,23.0,2.0,4.0,3.0,214.26,6-12 Months,Far (>20km),0-3 Days
53990,0,14.0,Mobile Phone,1,7.0,Debit Card,Female,3.0,4,Laptop & Accessory,1,Married,6,0,18.0,1.0,2.0,4.0,190.13,1-2 Years,Near (<10km),4-7 Days
53991,0,8.0,Mobile Phone,3,15.0,Cash on Delivery,Male,4.0,2,Laptop & Accessory,3,Married,3,0,22.0,1.0,5.0,9.0,192.99,6-12 Months,Medium (10-20km),8-15 Days
53992,0,31.0,Computer,3,9.0,Credit Card,Male,3.0,4,Grocery,4,Married,6,0,23.0,11.0,15.0,15.0,25.0,2+ Years,Near (<10km),8-15 Days
53993,0,9.0,Mobile Phone,1,30.0,Credit Card,Male,4.0,6,Mobile Phone,3,Married,2,0,17.0,2.0,2.0,4.0,152.05,6-12 Months,Far (>20km),4-7 Days
53994,0,21.0,Mobile Phone,1,11.0,Debit Card,Female,4.0,5,Fashion,4,Married,10,1,13.0,3.0,15.0,3.0,228.33,1-2 Years,Medium (10-20km),0-3 Days
53995,0,14.0,Mobile Phone,1,19.0,Debit Card,Female,3.0,4,Laptop & Accessory,5,Married,4,0,13.0,8.0,8.0,8.0,169.48,1-2 Years,Medium (10-20km),8-15 Days
53996,0,28.0,Mobile Phone,1,14.0,Credit Card,Female,4.0,4,Laptop & Accessory,1,Married,6,0,16.0,2.0,2.0,8.0,193.54,2+ Years,Medium (10-20km),8-15 Days
53997,0,5.0,Computer,3,14.0,E Wallet,Female,4.0,4,Fashion,5,Married,4,0,15.0,3.0,3.0,3.0,221.37,0-6 Months,Medium (10-20km),0-3 Days
53998,0,2.0,Mobile Phone,1,7.0,Credit Card,Female,4.0,4,Mobile Phone,5,Married,3,0,26.0,2.0,2.0,3.0,160.91,0-6 Months,Near (<10km),0-3 Days
53999,0,12.0,Mobile Phone,3,9.0,E Wallet,Female,4.0,6,Laptop & Accessory,1,Married,4,1,21.0,1.0,2.0,4.0,179.05,6-12 Months,Near (<10km),4-7 Days
54000,0,1.0,Mobile Phone,3,17.0,Credit Card,Male,3.0,4,Laptop & Accessory,1,Single,3,0,14.0,1.0,2.0,3.0,171.84,0-6 Months,Medium (10-20km),0-3 Days
54001,0,31.0,Computer,1,22.0,Debit Card,Male,3.0,4,Grocery,3,Married,4,1,15.0,1.0,3.0,3.0,282.87,2+ Years,Far (>20km),0-3 Days
54002,0,1.0,Computer,1,21.0,Credit Card,Female,3.0,4,Mobile Phone,3,Single,3,0,17.0,2.0,2.0,1.0,140.14,0-6 Months,Far (>20km),0-3 Days
54003,1,1.0,Mobile Phone,2,25.0,UPI,Male,3.0,2,Mobile Phone,5,Married,2,0,18.0,2.0,2.0,1.0,154.56,0-6 Months,Far (>20km),0-3 Days
54004,1,1.0,Mobile Phone,2,20.0,UPI,Male,3.0,5,Mobile Phone,5,Married,6,1,16.0,2.0,3.0,1.0,148.35,0-6 Months,Medium (10-20km),0-3 Days
54005,0,19.0,Computer,3,9.0,Debit Card,Female,4.0,4,Laptop & Accessory,3,Married,6,0,23.0,4.0,6.0,8.0,176.54,1-2 Years,Near (<10km),8-15 Days
54006,0,10.0,Mobile Phone,1,9.0,UPI,Female,4.0,4,Laptop & Accessory,4,Married,6,1,23.0,1.0,2.0,1.0,194.62,6-12 Months,Near (<10km),0-3 Days
54007,0,17.0,Computer,3,9.0,Debit Card,Male,4.0,4,Laptop & Accessory,1,Married,3,0,21.0,6.0,8.0,8.0,181.75,1-2 Years,Near (<10km),8-15 Days
54008,0,1.0,Computer,1,12.0,Debit Card,Female,3.0,4,Mobile Phone,1,Single,2,1,15.0,2.0,2.0,3.0,148.79,0-6 Months,Medium (10-20km),0-3 Days
54009,0,3.0,Computer,1,27.0,Credit Card,Male,3.0,4,Mobile Phone,1,Married,3,0,14.0,2.0,4.0,11.0,163.12,0-6 Months,Far (>20km),8-15 Days
54010,0,6.0,Computer,3,17.0,E Wallet,Male,4.0,4,Laptop & Accessory,1,Single,10,0,14.0,2.0,2.0,1.0,171.48,0-6 Months,Medium (10-20km),0-3 Days
54011,0,16.0,Computer,1,17.0,Cash on Delivery,Male,3.0,4,Mobile Phone,3,Married,5,0,23.0,2.0,4.0,4.0,154.36,1-2 Years,Medium (10-20km),4-7 Days
54012,0,21.0,Mobile Phone,1,16.0,Debit Card,Female,4.0,4,Mobile Phone,3,Single,6,0,13.0,2.0,3.0,1.0,146.05,1-2 Years,Medium (10-20km),0-3 Days
54013,0,20.0,Mobile Phone,1,9.0,Debit Card,Male,3.0,4,Fashion,1,Married,5,0,15.0,2.0,5.0,3.0,210.78,1-2 Years,Near (<10km),0-3 Days
54014,0,2.0,Computer,2,7.0,Debit Card,Male,3.0,4,Mobile Phone,1,Married,3,0,16.0,1.0,3.0,3.0,152.06,0-6 Months,Near (<10km),0-3 Days
54015,0,3.0,Mobile Phone,1,36.0,Debit Card,Male,4.0,6,Laptop & Accessory,3,Married,10,0,18.0,2.0,2.0,7.0,188.84,0-6 Months,Far (>20km),4-7 Days
54016,0,16.0,Mobile Phone,1,15.0,Debit Card,Male,3.0,4,Mobile Phone,3,Single,6,0,14.0,2.0,2.0,1.0,164.68,1-2 Years,Medium (10-20km),0-3 Days
54017,1,1.0,Mobile Phone,3,9.0,E Wallet,Male,3.0,5,Laptop & Accessory,4,Single,9,1,13.0,3.0,3.0,3.0,224.07,0-6 Months,Near (<10km),0-3 Days
54018,0,20.0,Mobile Phone,3,10.0,Cash on Delivery,Female,3.0,2,Grocery,5,Married,4,0,13.0,2.0,2.0,9.0,257.25,1-2 Years,Near (<10km),8-15 Days
54019,0,1.0,Mobile Phone,3,30.0,Credit Card,Female,3.0,5,Laptop & Accessory,3,Married,3,0,22.0,5.0,6.0,9.0,160.4,0-6 Months,Far (>20km),8-15 Days
54020,0,3.0,Mobile Phone,2,13.0,Credit Card,Male,3.0,5,Mobile Phone,4,Married,3,0,12.0,2.0,2.0,1.0,153.04,0-6 Months,Medium (10-20km),0-3 Days
54021,0,17.0,Mobile Phone,1,13.0,Credit Card,Female,3.0,5,Others,3,Married,9,0,15.0,4.0,7.0,15.0,318.92,1-2 Years,Medium (10-20km),8-15 Days
54022,0,22.0,Mobile Phone,1,17.0,Debit Card,Male,4.0,5,Others,4,Married,6,0,15.0,4.0,13.0,10.0,321.65,1-2 Years,Medium (10-20km),8-15 Days
54023,1,1.0,Computer,1,31.0,Debit Card,Male,4.0,5,Mobile Phone,1,Single,3,1,25.0,2.0,2.0,1.0,149.39,0-6 Months,Far (>20km),0-3 Days
54024,1,10.0,Mobile Phone,3,17.0,Debit Card,Female,4.0,4,Fashion,4,Married,7,0,22.0,1.0,2.0,8.0,198.14,6-12 Months,Medium (10-20km),8-15 Days
54025,0,1.0,Computer,1,22.0,Debit Card,Female,4.0,5,Mobile Phone,5,Married,2,0,20.0,8.0,8.0,4.0,172.74,0-6 Months,Far (>20km),4-7 Days
54026,0,13.0,Mobile Phone,1,26.0,UPI,Male,3.0,4,Laptop & Accessory,1,Married,10,0,15.0,2.0,3.0,3.0,164.02,1-2 Years,Far (>20km),0-3 Days
54027,0,29.0,Mobile Phone,1,9.0,Cash on Delivery,Male,4.0,5,Mobile Phone,1,Married,10,0,21.0,1.0,2.0,5.0,151.62,2+ Years,Near (<10km),4-7 Days
54028,0,2.0,Mobile Phone,3,10.0,Credit Card,Female,4.0,4,Mobile Phone,4,Married,3,0,20.0,2.0,2.0,1.0,153.56,0-6 Months,Near (<10km),0-3 Days
54029,1,1.0,Mobile Phone,3,16.0,Credit Card,Male,3.0,4,Mobile Phone,1,Single,3,0,14.0,1.0,2.0,1.0,135.81,0-6 Months,Medium (10-20km),0-3 Days
54030,1,1.0,Mobile Phone,1,14.0,Debit Card,Male,4.0,4,Mobile Phone,4,Single,3,1,24.0,2.0,2.0,1.0,149.72,0-6 Months,Medium (10-20km),0-3 Days
54031,0,10.0,Mobile Phone,3,17.0,Cash on Delivery,Female,4.0,5,Laptop & Accessory,3,Married,3,1,14.0,2.0,2.0,8.0,181.73,6-12 Months,Medium (10-20km),8-15 Days
54032,0,5.0,Mobile Phone,1,27.0,Debit Card,Male,3.0,4,Laptop & Accessory,3,Married,3,0,12.0,1.0,2.0,3.0,166.97,0-6 Months,Far (>20km),0-3 Days
54033,0,8.0,Mobile Phone,3,11.0,Debit Card,Male,4.0,4,Fashion,1,Married,4,1,14.0,1.0,2.0,3.0,222.13,6-12 Months,Medium (10-20km),0-3 Days
54034,0,3.0,Mobile Phone,1,14.0,Debit Card,Male,3.0,4,Mobile Phone,5,Single,5,0,15.0,1.0,2.0,3.0,145.62,0-6 Months,Medium (10-20km),0-3 Days
54035,0,11.0,Mobile Phone,1,14.0,Credit Card,Male,4.0,4,Laptop & Accessory,5,Married,7,1,23.0,1.0,2.0,5.0,167.84,6-12 Months,Medium (10-20km),4-7 Days
54036,0,9.0,Mobile Phone,1,23.0,UPI,Female,3.0,5,Laptop & Accessory,4,Married,2,1,12.0,2.0,2.0,3.0,172.88,6-12 Months,Far (>20km),0-3 Days
54037,0,19.0,Mobile Phone,1,32.0,Debit Card,Female,4.0,5,Laptop & Accessory,1,Married,2,0,14.0,1.0,4.0,9.0,184.06,1-2 Years,Far (>20km),8-15 Days
54038,0,10.0,Computer,2,9.0,UPI,Male,4.0,5,Laptop & Accessory,1,Single,3,0,22.0,2.0,2.0,9.0,163.86,6-12 Months,Near (<10km),8-15 Days
54039,0,14.0,Mobile Phone,1,7.0,Debit Card,Male,4.0,4,Grocery,5,Married,4,0,15.0,10.0,12.0,17.0,293.23,1-2 Years,Near (<10km),15+ Days
54040,0,1.0,Mobile Phone,1,7.0,Debit Card,Female,3.0,5,Mobile Phone,3,Married,3,1,14.0,1.0,2.0,1.0,154.33,0-6 Months,Near (<10km),0-3 Days
54041,0,1.0,Mobile Phone,3,9.0,Credit Card,Female,3.0,2,Laptop & Accessory,3,Single,2,0,15.0,1.0,2.0,8.0,190.0,0-6 Months,Near (<10km),8-15 Days
54042,0,22.0,Computer,1,29.0,Credit Card,Female,3.0,4,Grocery,1,Married,5,0,15.0,1.0,5.0,8.0,296.74,1-2 Years,Far (>20km),8-15 Days
54043,0,18.0,Mobile Phone,1,7.0,Debit Card,Male,4.0,2,Laptop & Accessory,5,Married,4,0,16.0,3.0,3.0,3.0,175.33,1-2 Years,Near (<10km),0-3 Days
54044,1,1.0,Computer,1,23.0,Cash on Delivery,Male,3.0,6,Mobile Phone,5,Married,3,1,24.0,4.0,4.0,1.0,148.07,0-6 Months,Far (>20km),0-3 Days
54045,1,20.0,Mobile Phone,1,31.0,Debit Card,Male,4.0,4,Mobile Phone,1,Single,3,0,17.0,1.0,2.0,1.0,150.87,1-2 Years,Far (>20km),0-3 Days
54046,0,10.0,Mobile Phone,3,24.0,E Wallet,Male,3.0,5,Laptop & Accessory,4,Married,4,0,17.0,2.0,2.0,4.0,180.07,6-12 Months,Far (>20km),4-7 Days
54047,0,15.0,Mobile Phone,3,15.0,E Wallet,Female,3.0,4,Laptop & Accessory,4,Married,7,0,22.0,2.0,2.0,5.0,168.93,1-2 Years,Medium (10-20km),4-7 Days
54048,0,16.0,Mobile Phone,1,13.0,Credit Card,Male,3.0,4,Fashion,5,Married,11,0,14.0,4.0,2.0,8.0,258.48,1-2 Years,Medium (10-20km),8-15 Days
54049,0,5.0,Mobile Phone,3,17.0,Credit Card,Female,3.0,4,Laptop & Accessory,1,Married,4,1,12.0,1.0,2.0,5.0,190.83,0-6 Months,Medium (10-20km),4-7 Days
54050,0,8.0,Mobile Phone,3,10.0,Credit Card,Female,4.0,5,Laptop & Accessory,1,Married,5,1,13.0,1.0,2.0,2.0,206.03,6-12 Months,Near (<10km),0-3 Days
54051,0,5.0,Mobile Phone,1,11.0,Credit Card,Female,4.0,2,Mobile Phone,3,Married,10,0,13.0,3.0,3.0,3.0,164.78,0-6 Months,Medium (10-20km),0-3 Days
54052,0,1.0,Computer,1,13.0,UPI,Male,4.0,2,Mobile Phone,1,Married,2,0,19.0,3.0,8.0,8.0,150.44,0-6 Months,Medium (10-20km),8-15 Days
54053,0,19.0,Computer,1,7.0,Credit Card,Male,3.0,4,Laptop & Accessory,3,Single,6,0,13.0,2.0,2.0,4.0,178.99,1-2 Years,Near (<10km),4-7 Days
54054,0,7.0,Mobile Phone,3,17.0,E Wallet,Male,3.0,4,Laptop & Accessory,3,Single,3,0,15.0,1.0,2.0,10.0,179.87,6-12 Months,Medium (10-20km),8-15 Days
54055,0,2.0,Computer,3,7.0,Debit Card,Male,3.0,5,Laptop & Accessory,1,Married,3,1,13.0,1.0,2.0,8.0,193.34,0-6 Months,Near (<10km),8-15 Days
54056,1,1.0,Computer,3,31.0,Cash on Delivery,Male,3.0,2,Mobile Phone,5,Single,3,0,18.0,2.0,2.0,1.0,135.91,0-6 Months,Far (>20km),0-3 Days
54057,0,13.0,Computer,3,28.0,Debit Card,Female,3.0,6,Laptop & Accessory,3,Married,8,0,20.0,1.0,2.0,3.0,182.36,1-2 Years,Far (>20km),0-3 Days
54058,0,1.0,Mobile Phone,1,9.0,Cash on Delivery,Male,3.0,4,Mobile Phone,4,Married,3,0,12.0,2.0,2.0,3.0,147.26,0-6 Months,Near (<10km),0-3 Days
54059,0,8.0,Computer,1,29.0,UPI,Male,3.0,5,Laptop & Accessory,1,Married,3,1,16.0,4.0,7.0,12.0,182.47,6-12 Months,Far (>20km),8-15 Days
54060,1,1.0,Mobile Phone,3,20.0,E Wallet,Female,3.0,4,Laptop & Accessory,3,Single,5,1,12.0,3.0,3.0,3.0,223.54,0-6 Months,Medium (10-20km),0-3 Days
54061,0,21.0,Computer,1,21.0,Cash on Delivery,Male,4.0,4,Laptop & Accessory,4,Married,10,0,19.0,1.0,2.0,8.0,179.67,1-2 Years,Far (>20km),8-15 Days
54062,0,30.0,Mobile Phone,3,18.0,E Wallet,Female,3.0,5,Laptop & Accessory,5,Married,6,0,17.0,1.0,2.0,1.0,178.8,2+ Years,Medium (10-20km),0-3 Days
54063,0,13.0,Mobile Phone,1,16.0,Credit Card,Male,3.0,4,Laptop & Accessory,5,Married,3,0,26.0,5.0,8.0,10.0,176.51,1-2 Years,Medium (10-20km),8-15 Days
54064,0,12.0,Computer,1,15.0,Credit Card,Female,3.0,5,Laptop & Accessory,4,Married,3,1,17.0,2.0,2.0,8.0,146.33,6-12 Months,Medium (10-20km),8-15 Days
54065,0,31.0,Mobile Phone,3,28.0,Debit Card,Female,4.0,4,Grocery,1,Married,6,1,15.0,2.0,2.0,1.0,303.75,2+ Years,Far (>20km),0-3 Days
54066,1,1.0,Computer,1,12.0,Debit Card,Female,3.0,2,Mobile Phone,3,Single,5,1,15.0,1.0,2.0,4.0,149.32,0-6 Months,Medium (10-20km),4-7 Days
54067,0,12.0,Mobile Phone,1,16.0,Debit Card,Male,4.0,4,Mobile Phone,1,Married,4,0,20.0,2.0,2.0,4.0,172.71,6-12 Months,Medium (10-20km),4-7 Days
54068,0,23.0,Computer,1,9.0,Debit Card,Male,3.0,4,Others,1,Married,5,0,15.0,3.0,5.0,4.0,316.61,1-2 Years,Near (<10km),4-7 Days
54069,0,16.0,Mobile Phone,3,19.0,E Wallet,Male,4.0,4,Laptop & Accessory,1,Married,5,1,13.0,1.0,2.0,1.0,175.87,1-2 Years,Medium (10-20km),0-3 Days
54070,1,1.0,Computer,2,29.0,UPI,Female,3.0,5,Mobile Phone,4,Married,3,0,13.0,2.0,2.0,1.0,153.63,0-6 Months,Far (>20km),0-3 Days
54071,0,9.0,Mobile Phone,3,25.0,Credit Card,Male,4.0,4,Laptop & Accessory,5,Married,2,0,17.0,1.0,2.0,5.0,25.0,6-12 Months,Far (>20km),4-7 Days
54072,0,2.0,Computer,1,23.0,Credit Card,Male,3.0,4,Mobile Phone,3,Single,3,0,15.0,1.0,2.0,5.0,146.44,0-6 Months,Far (>20km),4-7 Days
54073,0,5.0,Computer,1,10.0,Credit Card,Male,3.0,4,Mobile Phone,5,Married,3,1,14.0,1.0,3.0,4.0,155.65,0-6 Months,Near (<10km),4-7 Days
54074,0,10.0,Computer,1,16.0,Debit Card,Male,4.0,2,Mobile Phone,4,Married,3,0,23.0,2.0,2.0,3.0,153.1,6-12 Months,Medium (10-20km),0-3 Days
54075,0,8.0,Mobile Phone,3,7.0,E Wallet,Male,3.0,4,Fashion,1,Single,3,0,22.0,2.0,3.0,3.0,223.88,6-12 Months,Near (<10km),0-3 Days
54076,0,8.0,Mobile Phone,3,20.0,Credit Card,Male,3.0,4,Fashion,3,Married,3,0,19.0,2.0,2.0,3.0,211.28,6-12 Months,Medium (10-20km),0-3 Days
54077,0,1.0,Mobile Phone,1,7.0,Credit Card,Male,4.0,4,Mobile Phone,5,Single,2,0,14.0,4.0,8.0,7.0,153.67,0-6 Months,Near (<10km),4-7 Days
54078,0,3.0,Mobile Phone,1,7.0,Debit Card,Male,3.0,4,Laptop & Accessory,5,Married,2,0,13.0,2.0,2.0,3.0,178.73,0-6 Months,Near (<10km),0-3 Days
54079,0,6.0,Computer,1,22.0,Credit Card,Female,3.0,4,Laptop & Accessory,1,Married,7,0,19.0,1.0,2.0,3.0,191.67,0-6 Months,Far (>20km),0-3 Days
54080,0,5.0,Computer,1,7.0,Debit Card,Male,3.0,6,Laptop & Accessory,5,Married,3,0,22.0,2.0,9.0,8.0,175.03,0-6 Months,Near (<10km),8-15 Days
54081,1,1.0,Mobile Phone,1,24.0,Cash on Delivery,Male,3.0,5,Mobile Phone,1,Married,7,0,13.0,1.0,2.0,4.0,148.67,0-6 Months,Far (>20km),4-7 Days
54082,0,12.0,Mobile Phone,3,7.0,Debit Card,Male,3.0,5,Mobile Phone,5,Single,6,0,15.0,1.0,2.0,1.0,153.58,6-12 Months,Near (<10km),0-3 Days
54083,0,9.0,Mobile Phone,3,14.0,Debit Card,Female,3.0,4,Laptop & Accessory,1,Married,3,1,12.0,2.0,2.0,10.0,177.04,6-12 Months,Medium (10-20km),8-15 Days
54084,0,1.0,Mobile Phone,3,16.0,E Wallet,Male,3.0,4,Laptop & Accessory,1,Single,3,0,15.0,1.0,2.0,8.0,166.05,0-6 Months,Medium (10-20km),8-15 Days
54085,0,6.0,Mobile Phone,1,12.0,Debit Card,Male,3.0,5,Laptop & Accessory,1,Single,10,0,25.0,1.0,2.0,3.0,221.79,0-6 Months,Medium (10-20km),0-3 Days
54086,1,1.0,Computer,3,33.0,E Wallet,Male,4.0,4,Laptop & Accessory,1,Married,3,1,12.0,1.0,2.0,9.0,181.17,0-6 Months,Far (>20km),8-15 Days
54087,1,17.0,Mobile Phone,3,31.0,Debit Card,Male,4.0,4,Fashion,5,Single,8,1,14.0,3.0,3.0,3.0,229.48,1-2 Years,Far (>20km),0-3 Days
54088,0,28.0,Mobile Phone,1,16.0,Debit Card,Female,4.0,4,Laptop & Accessory,3,Married,5,0,12.0,1.0,3.0,4.0,153.97,2+ Years,Medium (10-20km),4-7 Days
54089,0,7.0,Computer,1,14.0,Debit Card,Male,3.0,4,Laptop & Accessory,3,Married,3,0,21.0,3.0,3.0,9.0,184.68,6-12 Months,Medium (10-20km),8-15 Days
54090,0,17.0,Mobile Phone,1,18.0,Debit Card,Male,2.0,4,Fashion,3,Married,3,0,18.0,2.0,2.0,10.0,200.1,1-2 Years,Medium (10-20km),8-15 Days
54091,0,12.0,Computer,2,7.0,UPI,Male,3.0,4,Mobile Phone,4,Married,2,1,12.0,2.0,2.0,3.0,154.91,6-12 Months,Near (<10km),0-3 Days
54092,0,29.0,Mobile Phone,2,33.0,UPI,Male,4.0,2,Others,4,Married,6,1,15.0,2.0,2.0,5.0,321.36,2+ Years,Far (>20km),4-7 Days
54093,0,5.0,Mobile Phone,1,9.0,Credit Card,Female,3.0,6,Mobile Phone,1,Married,3,1,12.0,2.0,2.0,1.0,136.29,0-6 Months,Near (<10km),0-3 Days
54094,0,13.0,Mobile Phone,3,22.0,E Wallet,Male,4.0,4,Grocery,5,Single,2,0,13.0,5.0,2.0,11.0,258.41,1-2 Years,Far (>20km),8-15 Days
54095,0,16.0,Computer,1,30.0,Debit Card,Male,3.0,5,Laptop & Accessory,3,Single,3,0,13.0,3.0,4.0,8.0,168.32,1-2 Years,Far (>20km),8-15 Days
54096,0,5.0,Computer,1,17.0,Credit Card,Female,3.0,4,Fashion,3,Married,6,0,21.0,4.0,2.0,9.0,235.31,0-6 Months,Medium (10-20km),8-15 Days
54097,0,28.0,Mobile Phone,1,17.0,Credit Card,Female,4.0,4,Laptop & Accessory,5,Single,8,1,20.0,1.0,2.0,5.0,169.4,2+ Years,Medium (10-20km),4-7 Days
54098,0,1.0,Mobile Phone,1,7.0,Debit Card,Male,3.0,5,Laptop & Accessory,3,Single,3,0,13.0,2.0,2.0,3.0,171.17,0-6 Months,Near (<10km),0-3 Days
54099,0,1.0,Mobile Phone,1,19.0,UPI,Male,4.0,4,Mobile Phone,1,Single,3,0,14.0,2.0,2.0,5.0,151.47,0-6 Months,Medium (10-20km),4-7 Days
54100,0,14.0,Computer,1,18.0,Cash on Delivery,Female,4.0,4,Laptop & Accessory,3,Married,3,0,12.0,3.0,10.0,5.0,188.23,1-2 Years,Medium (10-20km),4-7 Days
54101,0,14.0,Mobile Phone,3,9.0,E Wallet,Female,4.0,4,Laptop & Accessory,4,Married,5,0,15.0,2.0,6.0,11.0,181.77,1-2 Years,Near (<10km),8-15 Days
54102,0,1.0,Mobile Phone,2,9.0,UPI,Female,3.0,4,Mobile Phone,4,Married,6,0,15.0,1.0,2.0,3.0,146.87,0-6 Months,Near (<10km),0-3 Days
54103,0,4.0,Mobile Phone,1,7.0,Credit Card,Male,4.0,4,Mobile Phone,4,Married,3,0,14.0,1.0,2.0,8.0,162.48,0-6 Months,Near (<10km),8-15 Days
54104,0,1.0,Mobile Phone,1,9.0,UPI,Male,3.0,4,Mobile Phone,3,Married,8,1,20.0,1.0,2.0,3.0,164.77,0-6 Months,Near (<10km),0-3 Days
54105,0,21.0,Mobile Phone,1,32.0,Credit Card,Male,3.0,4,Fashion,3,Single,4,0,24.0,2.0,13.0,3.0,211.33,1-2 Years,Far (>20km),0-3 Days
54106,0,7.0,Computer,1,7.0,Credit Card,Male,3.0,5,Mobile Phone,3,Married,3,0,13.0,1.0,2.0,1.0,145.08,6-12 Months,Near (<10km),0-3 Days
54107,0,12.0,Mobile Phone,3,7.0,Debit Card,Male,3.0,4,Laptop & Accessory,4,Married,2,0,16.0,5.0,6.0,9.0,169.4,6-12 Months,Near (<10km),8-15 Days
54108,0,5.0,Mobile Phone,3,9.0,Debit Card,Male,3.0,4,Mobile Phone,3,Married,2,0,20.0,2.0,2.0,3.0,155.67,0-6 Months,Near (<10km),0-3 Days
54109,0,12.0,Computer,1,13.0,Debit Card,Male,4.0,5,Laptop & Accessory,3,Married,4,0,12.0,3.0,8.0,8.0,178.21,6-12 Months,Medium (10-20km),8-15 Days
54110,0,16.0,Mobile Phone,1,25.0,Debit Card,Male,3.0,4,Laptop & Accessory,5,Married,8,1,18.0,1.0,2.0,3.0,179.1,1-2 Years,Far (>20km),0-3 Days
54111,0,15.0,Mobile Phone,1,7.0,Debit Card,Male,4.0,4,Mobile Phone,1,Married,5,0,23.0,1.0,2.0,1.0,152.82,1-2 Years,Near (<10km),0-3 Days
54112,0,21.0,Computer,1,7.0,Credit Card,Female,4.0,4,Fashion,4,Married,2,0,19.0,1.0,2.0,13.0,244.57,1-2 Years,Near (<10km),8-15 Days
54113,0,9.0,Mobile Phone,1,18.0,Credit Card,Male,3.0,4,Mobile Phone,3,Married,9,1,12.0,1.0,3.0,3.0,151.6,6-12 Months,Medium (10-20km),0-3 Days
54114,0,1.0,Mobile Phone,1,7.0,Debit Card,Male,4.0,4,Mobile Phone,3,Single,2,0,13.0,1.0,2.0,3.0,158.75,0-6 Months,Near (<10km),0-3 Days
54115,0,9.0,Mobile Phone,1,16.0,Credit Card,Male,3.0,4,Laptop & Accessory,3,Single,3,0,20.0,1.0,2.0,9.0,175.98,6-12 Months,Medium (10-20km),8-15 Days
54116,0,7.0,Mobile Phone,1,22.0,Credit Card,Female,4.0,4,Laptop & Accessory,1,Married,2,1,14.0,6.0,9.0,2.0,37.0,6-12 Months,Far (>20km),0-3 Days
54117,0,6.0,Mobile Phone,1,36.0,Debit Card,Female,3.0,5,Mobile Phone,4,Single,3,0,14.0,4.0,5.0,2.0,153.37,0-6 Months,Far (>20km),0-3 Days
54118,0,14.0,Mobile Phone,1,7.0,Debit Card,Male,3.0,4,Mobile Phone,1,Married,10,0,20.0,1.0,2.0,1.0,149.06,1-2 Years,Near (<10km),0-3 Days
54119,0,6.0,Mobile Phone,3,7.0,Credit Card,Male,4.0,5,Mobile Phone,4,Married,2,0,15.0,1.0,3.0,3.0,147.69,0-6 Months,Near (<10km),0-3 Days
54120,0,13.0,Mobile Phone,1,31.0,Debit Card,Male,3.0,4,Laptop & Accessory,1,Single,9,0,14.0,2.0,2.0,8.0,166.08,1-2 Years,Far (>20km),8-15 Days
54121,0,12.0,Mobile Phone,1,17.0,Credit Card,Female,3.0,6,Fashion,3,Married,5,0,13.0,2.0,2.0,12.0,257.06,6-12 Months,Medium (10-20km),8-15 Days
54122,0,6.0,Mobile Phone,3,7.0,E Wallet,Female,3.0,4,Fashion,1,Married,3,0,20.0,4.0,6.0,3.0,229.22,0-6 Months,Near (<10km),0-3 Days
54123,0,11.0,Mobile Phone,1,17.0,Debit Card,Female,3.0,2,Fashion,1,Married,3,1,26.0,1.0,7.0,9.0,262.44,6-12 Months,Medium (10-20km),8-15 Days
54124,0,1.0,Mobile Phone,3,15.0,UPI,Female,3.0,4,Laptop & Accessory,3,Married,2,1,23.0,2.0,2.0,5.0,174.07,0-6 Months,Medium (10-20km),4-7 Days
54125,0,26.0,Computer,3,127.0,Debit Card,Male,3.0,4,Mobile Phone,1,Married,4,0,16.0,2.0,2.0,1.0,159.82,2+ Years,Far (>20km),0-3 Days
54126,0,18.0,Mobile Phone,1,7.0,Credit Card,Male,3.0,4,Mobile Phone,1,Single,8,1,13.0,1.0,2.0,3.0,149.36,1-2 Years,Near (<10km),0-3 Days
54127,0,1.0,Mobile Phone,3,12.0,Credit Card,Male,3.0,4,Mobile Phone,5,Single,3,1,12.0,2.0,2.0,3.0,148.8,0-6 Months,Medium (10-20km),0-3 Days
54128,0,13.0,Computer,1,16.0,Debit Card,Male,3.0,4,Others,1,Single,4,0,15.0,1.0,2.0,4.0,319.31,1-2 Years,Medium (10-20km),4-7 Days
54129,1,1.0,Computer,3,16.0,E Wallet,Male,3.0,4,Mobile Phone,5,Married,3,0,20.0,2.0,2.0,1.0,142.9,0-6 Months,Medium (10-20km),0-3 Days
54130,0,10.0,Mobile Phone,3,10.0,Credit Card,Female,4.0,5,Fashion,1,Married,2,0,20.0,4.0,4.0,5.0,201.44,6-12 Months,Near (<10km),4-7 Days
54131,0,10.0,Computer,1,11.0,Debit Card,Female,4.0,4,Laptop & Accessory,4,Married,9,0,14.0,2.0,2.0,3.0,176.31,6-12 Months,Medium (10-20km),0-3 Days
54132,0,30.0,Computer,1,7.0,Debit Card,Male,3.0,4,Laptop & Accessory,3,Married,3,0,22.0,1.0,2.0,10.0,188.06,2+ Years,Near (<10km),8-15 Days
54133,1,1.0,Mobile Phone,1,7.0,Credit Card,Male,3.0,4,Mobile Phone,1,Married,11,1,15.0,3.0,3.0,3.0,172.87,0-6 Months,Near (<10km),0-3 Days
54134,0,16.0,Mobile Phone,1,9.0,Debit Card,Male,3.0,4,Others,3,Married,7,0,15.0,2.0,5.0,15.0,313.8,1-2 Years,Near (<10km),8-15 Days
54135,1,20.0,Mobile Phone,1,14.0,Cash on Delivery,Male,4.0,4,Mobile Phone,3,Married,10,0,12.0,7.0,10.0,9.0,148.39,1-2 Years,Medium (10-20km),8-15 Days
54136,0,15.0,Mobile Phone,1,35.0,Debit Card,Female,3.0,5,Grocery,4,Married,2,0,24.0,2.0,2.0,11.0,260.7,1-2 Years,Far (>20km),8-15 Days
54137,0,8.0,Mobile Phone,3,35.0,E Wallet,Female,4.0,5,Laptop & Accessory,3,Married,3,0,22.0,2.0,2.0,8.0,192.12,6-12 Months,Far (>20km),8-15 Days
54138,0,10.0,Computer,3,22.0,E Wallet,Male,3.0,6,Laptop & Accessory,1,Married,3,0,25.0,5.0,12.0,12.0,179.06,6-12 Months,Far (>20km),8-15 Days
54139,0,15.0,Mobile Phone,3,10.0,Debit Card,Male,3.0,5,Laptop & Accessory,4,Married,4,0,12.0,1.0,2.0,3.0,214.38,1-2 Years,Near (<10km),0-3 Days
54140,0,6.0,Mobile Phone,1,9.0,Cash on Delivery,Male,4.0,4,Mobile Phone,5,Single,3,0,15.0,2.0,2.0,3.0,149.39,0-6 Months,Near (<10km),0-3 Days
54141,0,9.0,Mobile Phone,2,33.0,Debit Card,Female,3.0,4,Fashion,1,Single,3,1,17.0,2.0,2.0,3.0,213.37,6-12 Months,Far (>20km),0-3 Days
54142,0,12.0,Mobile Phone,3,17.0,Debit Card,Female,4.0,4,Laptop & Accessory,1,Married,3,0,12.0,1.0,2.0,10.0,178.43,6-12 Months,Medium (10-20km),8-15 Days
54143,1,14.0,Computer,3,7.0,Debit Card,Male,4.0,4,Laptop & Accessory,3,Married,9,0,13.0,2.0,2.0,2.0,192.28,1-2 Years,Near (<10km),0-3 Days
54144,0,10.0,Mobile Phone,3,18.0,E Wallet,Female,4.0,5,Laptop & Accessory,1,Married,6,0,14.0,2.0,2.0,1.0,191.52,6-12 Months,Medium (10-20km),0-3 Days
54145,0,19.0,Mobile Phone,3,27.0,Debit Card,Female,3.0,4,Laptop & Accessory,3,Single,10,0,16.0,2.0,2.0,2.0,173.5,1-2 Years,Far (>20km),0-3 Days
54146,0,14.0,Mobile Phone,1,9.0,Debit Card,Male,3.0,5,Mobile Phone,3,Single,4,0,15.0,1.0,3.0,3.0,153.09,1-2 Years,Near (<10km),0-3 Days
54147,0,9.0,Computer,1,25.0,Debit Card,Male,4.0,4,Laptop & Accessory,3,Married,3,1,15.0,2.0,2.0,3.0,181.89,6-12 Months,Far (>20km),0-3 Days
54148,0,14.0,Mobile Phone,1,9.0,Credit Card,Female,4.0,4,Mobile Phone,3,Married,4,0,15.0,2.0,2.0,3.0,145.01,1-2 Years,Near (<10km),0-3 Days
54149,0,9.0,Mobile Phone,1,7.0,Debit Card,Female,4.0,6,Mobile Phone,1,Married,3,0,13.0,1.0,2.0,2.0,154.77,6-12 Months,Near (<10km),0-3 Days
54150,0,3.0,Mobile Phone,1,20.0,UPI,Male,3.0,5,Laptop & Accessory,4,Married,6,1,14.0,2.0,2.0,4.0,165.25,0-6 Months,Medium (10-20km),4-7 Days
54151,0,3.0,Mobile Phone,1,35.0,Credit Card,Female,4.0,5,Mobile Phone,5,Single,3,0,15.0,1.0,2.0,5.0,162.85,0-6 Months,Far (>20km),4-7 Days
54152,1,14.0,Mobile Phone,3,35.0,E Wallet,Male,3.0,5,Fashion,5,Married,6,1,14.0,1.0,2.0,1.0,233.54000000000002,1-2 Years,Far (>20km),0-3 Days
54153,0,13.0,Mobile Phone,3,31.0,E Wallet,Female,3.0,5,Grocery,1,Married,2,0,12.0,2.0,2.0,7.0,245.31,1-2 Years,Far (>20km),4-7 Days
54154,0,5.0,Computer,1,12.0,Credit Card,Male,4.0,4,Laptop & Accessory,5,Single,2,0,20.0,1.0,2.0,3.0,224.36,0-6 Months,Medium (10-20km),0-3 Days
54155,0,1.0,Mobile Phone,3,12.0,UPI,Female,2.0,5,Mobile Phone,3,Single,2,0,19.0,1.0,2.0,1.0,154.66,0-6 Months,Medium (10-20km),0-3 Days
54156,0,10.0,Computer,1,30.0,Credit Card,Male,3.0,2,Laptop & Accessory,1,Married,6,0,18.0,1.0,2.0,4.0,150.71,6-12 Months,Far (>20km),4-7 Days
54157,0,13.0,Mobile Phone,1,13.0,Credit Card,Male,3.0,5,Fashion,5,Married,6,0,16.0,2.0,2.0,3.0,224.91,1-2 Years,Medium (10-20km),0-3 Days
54158,0,1.0,Mobile Phone,1,11.0,Debit Card,Male,3.0,2,Laptop & Accessory,4,Married,3,1,21.0,2.0,2.0,4.0,186.42,0-6 Months,Medium (10-20km),4-7 Days
54159,0,23.0,Computer,3,9.0,Credit Card,Male,4.0,5,Laptop & Accessory,4,Married,4,0,15.0,2.0,2.0,9.0,178.9,1-2 Years,Near (<10km),8-15 Days
54160,0,8.0,Mobile Phone,1,15.0,Credit Card,Male,3.0,2,Laptop & Accessory,3,Married,4,0,13.0,1.0,2.0,3.0,169.04,6-12 Months,Medium (10-20km),0-3 Days
54161,1,5.0,Mobile Phone,3,7.0,Debit Card,Female,4.0,4,Laptop & Accessory,1,Single,10,1,12.0,1.0,2.0,6.0,184.93,0-6 Months,Near (<10km),4-7 Days
54162,0,23.0,Computer,1,15.0,Debit Card,Male,4.0,5,Laptop & Accessory,4,Married,3,0,24.0,1.0,2.0,8.0,176.3,1-2 Years,Medium (10-20km),8-15 Days
54163,1,1.0,Mobile Phone,1,9.0,UPI,Male,4.0,5,Mobile Phone,3,Single,8,1,16.0,1.0,2.0,1.0,145.9,0-6 Months,Near (<10km),0-3 Days
54164,0,7.0,Computer,1,10.0,Debit Card,Female,3.0,4,Mobile Phone,3,Married,3,1,12.0,3.0,4.0,1.0,154.09,6-12 Months,Near (<10km),0-3 Days
54165,0,1.0,Mobile Phone,1,9.0,Credit Card,Male,3.0,4,Mobile Phone,4,Married,11,0,13.0,2.0,3.0,3.0,159.68,0-6 Months,Near (<10km),0-3 Days
54166,0,6.0,Computer,1,9.0,Debit Card,Male,4.0,4,Mobile Phone,1,Single,2,0,14.0,2.0,4.0,7.0,155.68,0-6 Months,Near (<10km),4-7 Days
54167,0,31.0,Mobile Phone,1,10.0,Credit Card,Female,3.0,2,Mobile Phone,5,Married,6,1,21.0,1.0,2.0,1.0,151.7,2+ Years,Near (<10km),0-3 Days
54168,0,4.0,Mobile Phone,1,31.0,Debit Card,Male,4.0,4,Mobile Phone,3,Married,3,0,23.0,2.0,2.0,1.0,151.93,0-6 Months,Far (>20km),0-3 Days
54169,0,12.0,Computer,1,30.0,Debit Card,Male,3.0,5,Fashion,3,Single,2,0,22.0,2.0,2.0,3.0,220.26,6-12 Months,Far (>20km),0-3 Days
54170,0,10.0,Mobile Phone,1,34.0,Credit Card,Male,4.0,4,Laptop & Accessory,3,Married,8,0,14.0,1.0,8.0,8.0,177.37,6-12 Months,Far (>20km),8-15 Days
54171,0,9.0,Mobile Phone,1,23.0,Credit Card,Male,3.0,2,Mobile Phone,4,Married,2,0,14.0,2.0,2.0,4.0,149.26,6-12 Months,Far (>20km),4-7 Days
54172,0,3.0,Mobile Phone,1,22.0,Debit Card,Female,3.0,5,Laptop & Accessory,3,Single,2,1,13.0,2.0,2.0,9.0,166.93,0-6 Months,Far (>20km),8-15 Days
54173,0,5.0,Mobile Phone,1,33.0,Debit Card,Male,3.0,4,Mobile Phone,3,Married,3,0,18.0,4.0,5.0,4.0,154.11,0-6 Months,Far (>20km),4-7 Days
54174,0,8.0,Mobile Phone,1,26.0,Credit Card,Male,4.0,4,Mobile Phone,1,Married,2,0,12.0,1.0,2.0,3.0,151.61,6-12 Months,Far (>20km),0-3 Days
54175,1,1.0,Mobile Phone,1,31.0,Debit Card,Male,3.0,5,Mobile Phone,3,Single,7,1,15.0,1.0,2.0,4.0,145.28,0-6 Months,Far (>20km),4-7 Days
54176,0,3.0,Mobile Phone,1,28.0,Debit Card,Female,3.0,2,Fashion,5,Married,3,0,12.0,7.0,9.0,3.0,224.8,0-6 Months,Far (>20km),0-3 Days
54177,0,6.0,Mobile Phone,1,12.0,Debit Card,Male,4.0,2,Mobile Phone,4,Married,2,1,13.0,2.0,2.0,6.0,157.98,0-6 Months,Medium (10-20km),4-7 Days
54178,0,1.0,Computer,1,23.0,Credit Card,Male,4.0,2,Mobile Phone,1,Married,3,1,14.0,1.0,2.0,1.0,154.35,0-6 Months,Far (>20km),0-3 Days
54179,0,27.0,Mobile Phone,3,9.0,Debit Card,Female,4.0,5,Grocery,1,Married,4,0,17.0,1.0,4.0,8.0,279.27,2+ Years,Near (<10km),8-15 Days
54180,0,12.0,Mobile Phone,1,9.0,Debit Card,Male,3.0,4,Mobile Phone,1,Single,7,1,12.0,1.0,2.0,3.0,164.44,6-12 Months,Near (<10km),0-3 Days
54181,0,1.0,Computer,1,18.0,UPI,Female,4.0,2,Laptop & Accessory,3,Married,2,0,19.0,1.0,2.0,4.0,165.11,0-6 Months,Medium (10-20km),4-7 Days
54182,1,1.0,Mobile Phone,3,16.0,Debit Card,Male,3.0,5,Mobile Phone,5,Single,9,0,24.0,1.0,2.0,4.0,159.07,0-6 Months,Medium (10-20km),4-7 Days
54183,0,8.0,Mobile Phone,1,14.0,Debit Card,Female,3.0,4,Fashion,4,Single,2,0,12.0,1.0,2.0,12.0,244.94,6-12 Months,Medium (10-20km),8-15 Days
54184,0,1.0,Mobile Phone,1,22.0,Debit Card,Male,4.0,4,Mobile Phone,1,Single,3,0,15.0,2.0,2.0,1.0,137.32,0-6 Months,Far (>20km),0-3 Days
54185,1,1.0,Mobile Phone,1,13.0,Credit Card,Male,3.0,4,Mobile Phone,5,Single,4,0,12.0,1.0,2.0,4.0,154.6,0-6 Months,Medium (10-20km),4-7 Days
54186,0,27.0,Mobile Phone,1,12.0,UPI,Female,3.0,4,Others,3,Married,6,0,15.0,2.0,5.0,9.0,315.94,2+ Years,Medium (10-20km),8-15 Days
54187,1,1.0,Computer,1,23.0,Debit Card,Female,4.0,6,Mobile Phone,5,Single,3,1,23.0,1.0,7.0,8.0,164.19,0-6 Months,Far (>20km),8-15 Days
54188,0,16.0,Mobile Phone,3,15.0,E Wallet,Male,3.0,4,Laptop & Accessory,4,Married,2,0,12.0,3.0,5.0,3.0,193.25,1-2 Years,Medium (10-20km),0-3 Days
54189,0,18.0,Mobile Phone,1,14.0,Credit Card,Female,3.0,5,Fashion,1,Married,5,0,15.0,1.0,6.0,3.0,227.48,1-2 Years,Medium (10-20km),0-3 Days
54190,0,20.0,Mobile Phone,3,9.0,E Wallet,Female,3.0,4,Others,5,Single,5,0,15.0,3.0,3.0,2.0,314.47,1-2 Years,Near (<10km),0-3 Days
54191,0,7.0,Mobile Phone,1,9.0,Credit Card,Male,4.0,4,Mobile Phone,1,Single,6,0,12.0,1.0,2.0,1.0,149.96,6-12 Months,Near (<10km),0-3 Days
54192,0,18.0,Mobile Phone,1,17.0,UPI,Male,3.0,4,Laptop & Accessory,1,Married,4,1,14.0,1.0,2.0,4.0,189.65,1-2 Years,Medium (10-20km),4-7 Days
54193,0,4.0,Mobile Phone,1,16.0,Credit Card,Male,3.0,5,Mobile Phone,3,Single,3,0,14.0,1.0,2.0,9.0,147.06,0-6 Months,Medium (10-20km),8-15 Days
54194,1,3.0,Mobile Phone,3,12.0,Cash on Delivery,Male,3.0,4,Laptop & Accessory,1,Married,5,0,15.0,1.0,2.0,1.0,145.86,0-6 Months,Medium (10-20km),0-3 Days
54195,1,1.0,Mobile Phone,1,7.0,Credit Card,Male,4.0,4,Mobile Phone,1,Married,4,1,17.0,1.0,3.0,1.0,147.93,0-6 Months,Near (<10km),0-3 Days
54196,0,17.0,Mobile Phone,1,9.0,Credit Card,Female,4.0,2,Mobile Phone,3,Married,3,0,13.0,2.0,2.0,5.0,151.45,1-2 Years,Near (<10km),4-7 Days
54197,1,14.0,Mobile Phone,3,10.0,E Wallet,Male,3.0,5,Mobile Phone,3,Married,3,1,15.0,2.0,2.0,3.0,151.83,1-2 Years,Near (<10km),0-3 Days
54198,0,9.0,Mobile Phone,3,9.0,E Wallet,Female,4.0,4,Mobile Phone,1,Married,3,0,14.0,3.0,3.0,3.0,145.14,6-12 Months,Near (<10km),0-3 Days
54199,0,10.0,Mobile Phone,1,12.0,Debit Card,Female,3.0,5,Mobile Phone,5,Married,11,1,15.0,2.0,2.0,1.0,159.19,6-12 Months,Medium (10-20km),0-3 Days
54200,0,7.0,Computer,3,7.0,Debit Card,Female,3.0,2,Laptop & Accessory,5,Married,4,0,20.0,1.0,2.0,4.0,178.76,6-12 Months,Near (<10km),4-7 Days
54201,0,9.0,Mobile Phone,1,11.0,UPI,Male,4.0,4,Mobile Phone,1,Married,3,0,13.0,2.0,2.0,1.0,144.51,6-12 Months,Medium (10-20km),0-3 Days
54202,0,1.0,Mobile Phone,1,9.0,Debit Card,Female,3.0,4,Mobile Phone,5,Married,3,0,14.0,2.0,2.0,1.0,148.41,0-6 Months,Near (<10km),0-3 Days
54203,1,1.0,Mobile Phone,1,32.0,Debit Card,Male,3.0,6,Mobile Phone,3,Single,3,0,13.0,1.0,2.0,2.0,147.93,0-6 Months,Far (>20km),0-3 Days
54204,0,1.0,Computer,3,15.0,Debit Card,Male,3.0,4,Fashion,3,Single,3,0,16.0,2.0,2.0,3.0,212.26,0-6 Months,Medium (10-20km),0-3 Days
54205,0,4.0,Computer,1,7.0,Credit Card,Female,3.0,4,Laptop & Accessory,1,Single,3,0,24.0,2.0,4.0,8.0,165.11,0-6 Months,Near (<10km),8-15 Days
54206,1,5.0,Mobile Phone,1,19.0,Cash on Delivery,Female,3.0,4,Others,3,Married,3,0,15.0,2.0,16.0,9.0,320.45,0-6 Months,Medium (10-20km),8-15 Days
54207,0,8.0,Computer,3,30.0,E Wallet,Male,4.0,4,Laptop & Accessory,3,Single,2,0,21.0,1.0,9.0,8.0,170.68,6-12 Months,Far (>20km),8-15 Days
54208,0,11.0,Mobile Phone,1,26.0,Debit Card,Male,4.0,4,Mobile Phone,4,Married,6,0,22.0,1.0,2.0,1.0,155.22,6-12 Months,Far (>20km),0-3 Days
54209,0,20.0,Computer,3,12.0,E Wallet,Male,4.0,4,Laptop & Accessory,1,Single,6,1,22.0,2.0,2.0,9.0,182.72,1-2 Years,Medium (10-20km),8-15 Days
54210,0,9.0,Mobile Phone,1,15.0,Debit Card,Male,3.0,2,Mobile Phone,1,Married,3,0,20.0,2.0,2.0,2.0,147.69,6-12 Months,Medium (10-20km),0-3 Days
54211,1,12.0,Mobile Phone,1,7.0,Debit Card,Male,4.0,5,Fashion,3,Single,11,1,14.0,1.0,2.0,1.0,178.81,6-12 Months,Near (<10km),0-3 Days
54212,1,1.0,Mobile Phone,1,12.0,Cash on Delivery,Male,3.0,4,Mobile Phone,3,Single,3,1,14.0,1.0,3.0,3.0,159.41,0-6 Months,Medium (10-20km),0-3 Days
54213,0,18.0,Mobile Phone,3,7.0,E Wallet,Female,4.0,4,Laptop & Accessory,5,Married,7,1,22.0,2.0,2.0,4.0,179.54,1-2 Years,Near (<10km),4-7 Days
54214,0,9.0,Computer,1,18.0,Credit Card,Male,4.0,5,Fashion,5,Married,4,1,14.0,2.0,3.0,3.0,223.84,6-12 Months,Medium (10-20km),0-3 Days
54215,0,1.0,Mobile Phone,3,30.0,E Wallet,Female,3.0,5,Laptop & Accessory,1,Married,9,1,20.0,1.0,2.0,1.0,166.57,0-6 Months,Far (>20km),0-3 Days
54216,0,7.0,Computer,1,30.0,Debit Card,Female,4.0,4,Fashion,1,Single,3,1,13.0,4.0,2.0,13.0,259.58,6-12 Months,Far (>20km),8-15 Days
54217,0,9.0,Computer,3,6.0,Debit Card,Male,4.0,4,Fashion,5,Married,3,0,23.0,1.0,2.0,3.0,215.69,6-12 Months,Near (<10km),0-3 Days
54218,0,9.0,Mobile Phone,1,30.0,Credit Card,Female,2.0,4,Mobile Phone,5,Married,5,1,16.0,1.0,3.0,3.0,165.14,6-12 Months,Far (>20km),0-3 Days
54219,0,5.0,Mobile Phone,1,14.0,Debit Card,Male,3.0,4,Laptop & Accessory,1,Married,5,0,23.0,1.0,2.0,8.0,184.15,0-6 Months,Medium (10-20km),8-15 Days
54220,0,11.0,Mobile Phone,1,7.0,Debit Card,Male,3.0,5,Laptop & Accessory,3,Married,3,0,19.0,1.0,2.0,8.0,184.93,6-12 Months,Near (<10km),8-15 Days
54221,0,6.0,Mobile Phone,1,7.0,Credit Card,Male,3.0,4,Laptop & Accessory,1,Married,3,1,23.0,6.0,8.0,9.0,186.62,0-6 Months,Near (<10km),8-15 Days
54222,0,12.0,Computer,1,36.0,Debit Card,Female,3.0,4,Laptop & Accessory,1,Single,3,0,12.0,7.0,10.0,10.0,149.06,6-12 Months,Far (>20km),8-15 Days
54223,0,24.0,Mobile Phone,1,14.0,Credit Card,Female,3.0,5,Others,3,Married,7,1,15.0,5.0,14.0,9.0,312.4,1-2 Years,Medium (10-20km),8-15 Days
54224,0,31.0,Mobile Phone,3,32.0,Debit Card,Female,5.0,4,Fashion,5,Single,9,0,12.0,7.0,8.0,10.0,201.37,2+ Years,Far (>20km),8-15 Days
54225,0,10.0,Mobile Phone,1,15.0,Cash on Delivery,Female,3.0,4,Fashion,3,Married,3,0,14.0,8.0,13.0,3.0,225.96,6-12 Months,Medium (10-20km),0-3 Days
54226,0,29.0,Mobile Phone,1,15.0,Credit Card,Female,3.0,4,Grocery,3,Married,4,1,15.0,1.0,2.0,3.0,272.56,2+ Years,Medium (10-20km),0-3 Days
54227,0,10.0,Computer,1,18.0,Debit Card,Male,4.0,5,Laptop & Accessory,4,Single,3,0,14.0,2.0,2.0,4.0,189.99,6-12 Months,Medium (10-20km),4-7 Days
54228,0,19.0,Mobile Phone,1,14.0,Debit Card,Male,3.0,4,Fashion,5,Married,4,0,18.0,1.0,2.0,3.0,222.24,1-2 Years,Medium (10-20km),0-3 Days
54229,0,9.0,Computer,1,7.0,Credit Card,Male,4.0,4,Mobile Phone,5,Married,6,0,14.0,1.0,2.0,3.0,146.94,6-12 Months,Near (<10km),0-3 Days
54230,1,1.0,Mobile Phone,1,16.0,Credit Card,Male,4.0,5,Mobile Phone,3,Married,2,1,18.0,2.0,2.0,1.0,158.88,0-6 Months,Medium (10-20km),0-3 Days
54231,0,31.0,Computer,3,7.0,Debit Card,Female,3.0,5,Laptop & Accessory,3,Single,9,0,12.0,2.0,2.0,4.0,179.73,2+ Years,Near (<10km),4-7 Days
54232,0,3.0,Mobile Phone,1,9.0,Debit Card,Male,4.0,4,Mobile Phone,4,Married,2,0,24.0,2.0,2.0,5.0,152.03,0-6 Months,Near (<10km),4-7 Days
54233,0,5.0,Mobile Phone,1,7.0,Credit Card,Male,3.0,4,Mobile Phone,4,Single,3,0,18.0,2.0,2.0,1.0,150.01,0-6 Months,Near (<10km),0-3 Days
54234,0,6.0,Mobile Phone,1,7.0,Debit Card,Male,4.0,4,Laptop & Accessory,4,Married,3,0,18.0,2.0,2.0,10.0,187.2,0-6 Months,Near (<10km),8-15 Days
54235,0,10.0,Mobile Phone,1,13.0,Debit Card,Female,3.0,2,Mobile Phone,1,Married,5,0,13.0,1.0,2.0,1.0,155.38,6-12 Months,Medium (10-20km),0-3 Days
54236,0,5.0,Mobile Phone,1,15.0,Debit Card,Female,4.0,4,Laptop & Accessory,1,Single,3,0,24.0,2.0,2.0,9.0,169.24,0-6 Months,Medium (10-20km),8-15 Days
54237,0,9.0,Mobile Phone,3,7.0,E Wallet,Male,3.0,5,Laptop & Accessory,5,Single,2,0,15.0,2.0,3.0,9.0,168.12,6-12 Months,Near (<10km),8-15 Days
54238,0,19.0,Mobile Phone,1,13.0,UPI,Male,3.0,4,Fashion,5,Married,6,1,15.0,2.0,2.0,1.0,257.45,1-2 Years,Medium (10-20km),0-3 Days
54239,0,11.0,Mobile Phone,1,14.0,Credit Card,Male,2.0,4,Fashion,3,Single,6,0,14.0,1.0,2.0,3.0,261.64,6-12 Months,Medium (10-20km),0-3 Days
54240,0,20.0,Mobile Phone,2,12.0,Credit Card,Male,4.0,4,Laptop & Accessory,4,Married,3,1,23.0,2.0,2.0,3.0,175.21,1-2 Years,Medium (10-20km),0-3 Days
54241,0,4.0,Mobile Phone,1,7.0,Debit Card,Male,3.0,5,Laptop & Accessory,1,Married,3,1,13.0,2.0,4.0,1.0,176.26,0-6 Months,Near (<10km),0-3 Days
54242,0,9.0,Mobile Phone,1,7.0,Credit Card,Male,2.0,5,Mobile Phone,3,Single,3,0,19.0,2.0,2.0,5.0,153.59,6-12 Months,Near (<10km),4-7 Days
54243,0,29.0,Mobile Phone,3,7.0,Debit Card,Male,4.0,4,Fashion,1,Married,5,0,15.0,1.0,2.0,3.0,227.39,2+ Years,Near (<10km),0-3 Days
54244,0,12.0,Computer,1,13.0,Credit Card,Female,4.0,6,Laptop & Accessory,1,Married,9,1,13.0,1.0,2.0,10.0,178.29,6-12 Months,Medium (10-20km),8-15 Days
54245,0,8.0,Mobile Phone,1,7.0,Credit Card,Male,4.0,4,Laptop & Accessory,4,Married,3,0,16.0,2.0,2.0,4.0,168.25,6-12 Months,Near (<10km),4-7 Days
54246,0,30.0,Mobile Phone,1,14.0,Debit Card,Male,3.0,6,Fashion,1,Single,6,0,12.0,1.0,2.0,3.0,197.6,2+ Years,Medium (10-20km),0-3 Days
54247,0,1.0,Mobile Phone,3,9.0,Cash on Delivery,Male,4.0,4,Mobile Phone,5,Married,5,0,14.0,2.0,2.0,1.0,148.22,0-6 Months,Near (<10km),0-3 Days
54248,0,25.0,Mobile Phone,1,16.0,Debit Card,Male,4.0,4,Mobile Phone,1,Married,5,0,24.0,2.0,2.0,4.0,145.75,2+ Years,Medium (10-20km),4-7 Days
54249,0,4.0,Mobile Phone,1,9.0,Debit Card,Male,5.0,5,Laptop & Accessory,1,Married,3,0,20.0,4.0,11.0,9.0,166.52,0-6 Months,Near (<10km),8-15 Days
54250,1,10.0,Mobile Phone,3,16.0,Credit Card,Male,4.0,5,Fashion,1,Single,3,0,17.0,4.0,5.0,3.0,221.19,6-12 Months,Medium (10-20km),0-3 Days
54251,0,14.0,Computer,1,7.0,Debit Card,Male,4.0,5,Grocery,4,Married,3,0,23.0,6.0,2.0,12.0,260.03,1-2 Years,Near (<10km),8-15 Days
54252,0,25.0,Mobile Phone,3,28.0,E Wallet,Male,4.0,4,Laptop & Accessory,1,Single,2,1,23.0,1.0,2.0,1.0,179.41,2+ Years,Far (>20km),0-3 Days
54253,0,4.0,Mobile Phone,3,11.0,Credit Card,Female,4.0,5,Laptop & Accessory,4,Married,3,1,13.0,3.0,3.0,8.0,177.09,0-6 Months,Medium (10-20km),8-15 Days
54254,0,20.0,Computer,1,7.0,Credit Card,Male,3.0,5,Fashion,5,Married,4,1,14.0,5.0,2.0,6.0,231.73000000000002,1-2 Years,Near (<10km),4-7 Days
54255,0,6.0,Mobile Phone,3,13.0,Credit Card,Male,3.0,4,Laptop & Accessory,3,Single,3,0,17.0,6.0,6.0,8.0,175.1,0-6 Months,Medium (10-20km),8-15 Days
54256,0,28.0,Mobile Phone,1,9.0,Cash on Delivery,Female,3.0,4,Fashion,3,Married,11,0,13.0,1.0,2.0,4.0,260.49,2+ Years,Near (<10km),4-7 Days
54257,0,1.0,Mobile Phone,3,10.0,UPI,Female,3.0,4,Laptop & Accessory,3,Married,2,0,22.0,1.0,2.0,3.0,174.99,0-6 Months,Near (<10km),0-3 Days
54258,0,2.0,Computer,3,11.0,Credit Card,Male,3.0,4,Laptop & Accessory,3,Married,3,0,16.0,1.0,2.0,5.0,167.21,0-6 Months,Medium (10-20km),4-7 Days
54259,0,31.0,Mobile Phone,3,17.0,Credit Card,Male,3.0,4,Grocery,3,Single,2,0,14.0,1.0,2.0,9.0,263.72,2+ Years,Medium (10-20km),8-15 Days
54260,0,18.0,Computer,1,30.0,Credit Card,Male,4.0,4,Laptop & Accessory,4,Married,6,0,13.0,1.0,2.0,3.0,145.42,1-2 Years,Far (>20km),0-3 Days
54261,1,1.0,Mobile Phone,2,13.0,UPI,Male,4.0,4,Mobile Phone,5,Married,6,1,23.0,1.0,2.0,3.0,145.73,0-6 Months,Medium (10-20km),0-3 Days
54262,0,6.0,Mobile Phone,1,7.0,Debit Card,Male,4.0,4,Mobile Phone,5,Single,3,0,14.0,1.0,2.0,1.0,154.56,0-6 Months,Near (<10km),0-3 Days
54263,1,1.0,Computer,1,13.0,Debit Card,Female,4.0,5,Mobile Phone,1,Single,3,1,19.0,1.0,2.0,1.0,154.26,0-6 Months,Medium (10-20km),0-3 Days
54264,0,8.0,Mobile Phone,1,13.0,UPI,Female,3.0,4,Laptop & Accessory,3,Single,3,0,15.0,1.0,3.0,11.0,173.09,6-12 Months,Medium (10-20km),8-15 Days
54265,0,11.0,Computer,1,9.0,Debit Card,Male,4.0,5,Laptop & Accessory,1,Married,7,0,15.0,2.0,2.0,1.0,176.63,6-12 Months,Near (<10km),0-3 Days
54266,0,31.0,Computer,2,9.0,UPI,Female,3.0,5,Others,1,Married,11,0,15.0,1.0,3.0,3.0,313.44,2+ Years,Near (<10km),0-3 Days
54267,0,24.0,Computer,1,7.0,Debit Card,Female,4.0,4,Others,4,Married,5,1,15.0,1.0,2.0,8.0,306.72,1-2 Years,Near (<10km),8-15 Days
54268,1,1.0,Mobile Phone,3,12.0,E Wallet,Male,3.0,5,Laptop & Accessory,3,Single,3,1,12.0,1.0,2.0,4.0,182.44,0-6 Months,Medium (10-20km),4-7 Days
54269,0,1.0,Mobile Phone,1,14.0,Credit Card,Male,4.0,5,Mobile Phone,1,Married,3,0,12.0,1.0,3.0,2.0,153.89,0-6 Months,Medium (10-20km),0-3 Days
54270,0,1.0,Mobile Phone,1,22.0,Credit Card,Female,3.0,4,Mobile Phone,1,Single,3,0,16.0,2.0,2.0,1.0,153.71,0-6 Months,Far (>20km),0-3 Days
54271,0,25.0,Computer,1,7.0,Credit Card,Female,2.0,5,Fashion,5,Single,5,0,21.0,5.0,13.0,9.0,199.84,2+ Years,Near (<10km),8-15 Days
54272,1,1.0,Computer,1,14.0,Debit Card,Male,4.0,6,Laptop & Accessory,3,Single,3,1,25.0,2.0,2.0,7.0,185.74,0-6 Months,Medium (10-20km),4-7 Days
54273,0,28.0,Computer,2,33.0,UPI,Female,2.0,2,Grocery,1,Single,4,1,15.0,3.0,5.0,5.0,298.28,2+ Years,Far (>20km),4-7 Days
54274,0,1.0,Mobile Phone,1,25.0,Debit Card,Male,3.0,4,Mobile Phone,3,Married,2,0,13.0,1.0,2.0,3.0,152.74,0-6 Months,Far (>20km),0-3 Days
54275,0,8.0,Mobile Phone,1,13.0,Debit Card,Female,3.0,5,Laptop & Accessory,4,Married,8,0,16.0,2.0,2.0,1.0,170.05,6-12 Months,Medium (10-20km),0-3 Days
54276,0,11.0,Mobile Phone,3,10.0,Debit Card,Male,3.0,4,Fashion,1,Single,4,0,13.0,1.0,2.0,4.0,199.28,6-12 Months,Near (<10km),4-7 Days
54277,0,8.0,Mobile Phone,1,12.0,Credit Card,Female,3.0,5,Fashion,5,Single,4,0,13.0,3.0,2.0,9.0,241.31,6-12 Months,Medium (10-20km),8-15 Days
54278,0,10.0,Computer,3,18.0,Cash on Delivery,Female,4.0,4,Fashion,1,Married,2,0,15.0,1.0,3.0,3.0,222.38,6-12 Months,Medium (10-20km),0-3 Days
54279,0,10.0,Mobile Phone,1,10.0,Debit Card,Female,3.0,4,Mobile Phone,1,Married,7,0,23.0,1.0,2.0,1.0,153.35,6-12 Months,Near (<10km),0-3 Days
54280,0,17.0,Computer,3,33.0,Debit Card,Male,4.0,4,Grocery,1,Married,3,1,15.0,2.0,5.0,13.0,294.59,1-2 Years,Far (>20km),8-15 Days
54281,0,4.0,Computer,1,30.0,Debit Card,Male,4.0,6,Mobile Phone,3,Married,3,0,26.0,1.0,2.0,10.0,151.13,0-6 Months,Far (>20km),8-15 Days
54282,0,7.0,Computer,3,29.0,E Wallet,Male,4.0,4,Laptop & Accessory,4,Married,2,0,14.0,1.0,2.0,8.0,186.46,6-12 Months,Far (>20km),8-15 Days
54283,1,20.0,Mobile Phone,1,21.0,Debit Card,Female,4.0,4,Mobile Phone,4,Married,11,1,19.0,4.0,5.0,4.0,174.63,1-2 Years,Far (>20km),4-7 Days
54284,0,25.0,Mobile Phone,1,13.0,Debit Card,Male,3.0,4,Others,3,Single,9,0,15.0,9.0,16.0,16.0,320.37,2+ Years,Medium (10-20km),15+ Days
54285,1,1.0,Mobile Phone,3,13.0,Debit Card,Male,4.0,6,Laptop & Accessory,3,Married,6,1,19.0,1.0,8.0,8.0,186.72,0-6 Months,Medium (10-20km),8-15 Days
54286,0,1.0,Mobile Phone,1,13.0,UPI,Female,3.0,5,Mobile Phone,4,Married,3,0,20.0,3.0,5.0,4.0,148.68,0-6 Months,Medium (10-20km),4-7 Days
54287,1,21.0,Mobile Phone,1,30.0,Credit Card,Female,4.0,4,Fashion,1,Married,3,0,13.0,8.0,16.0,3.0,228.12,1-2 Years,Far (>20km),0-3 Days
54288,1,1.0,Mobile Phone,3,29.0,E Wallet,Male,3.0,4,Mobile Phone,3,Single,3,1,20.0,2.0,2.0,1.0,141.75,0-6 Months,Far (>20km),0-3 Days
54289,0,1.0,Mobile Phone,1,9.0,Cash on Delivery,Male,4.0,4,Mobile Phone,1,Married,2,0,15.0,3.0,3.0,2.0,150.23,0-6 Months,Near (<10km),0-3 Days
54290,0,23.0,Mobile Phone,1,27.0,Credit Card,Female,4.0,4,Laptop & Accessory,5,Married,3,0,15.0,6.0,6.0,12.0,190.67,1-2 Years,Far (>20km),8-15 Days
54291,0,17.0,Computer,1,35.0,Credit Card,Female,4.0,2,Mobile Phone,3,Single,6,0,13.0,1.0,2.0,3.0,172.39,1-2 Years,Far (>20km),0-3 Days
54292,0,24.0,Computer,3,19.0,E Wallet,Female,4.0,4,Fashion,1,Single,6,0,12.0,2.0,3.0,3.0,217.08,1-2 Years,Medium (10-20km),0-3 Days
54293,1,1.0,Mobile Phone,3,27.0,Debit Card,Female,4.0,6,Laptop & Accessory,3,Married,5,1,12.0,1.0,3.0,3.0,170.59,0-6 Months,Far (>20km),0-3 Days
54294,0,15.0,Mobile Phone,3,16.0,Debit Card,Male,4.0,4,Fashion,3,Married,5,1,14.0,1.0,2.0,8.0,206.89,1-2 Years,Medium (10-20km),8-15 Days
54295,0,1.0,Mobile Phone,2,32.0,Debit Card,Female,4.0,4,Mobile Phone,3,Married,3,0,24.0,3.0,6.0,8.0,154.42,0-6 Months,Far (>20km),8-15 Days
54296,0,10.0,Mobile Phone,1,13.0,Credit Card,Male,3.0,4,Laptop & Accessory,4,Married,8,0,21.0,1.0,2.0,2.0,174.41,6-12 Months,Medium (10-20km),0-3 Days
54297,1,15.0,Computer,1,15.0,Debit Card,Male,3.0,6,Fashion,1,Single,4,0,16.0,2.0,2.0,4.0,231.5,1-2 Years,Medium (10-20km),4-7 Days
54298,0,13.0,Mobile Phone,3,11.0,Debit Card,Female,3.0,5,Laptop & Accessory,3,Married,6,0,15.0,6.0,6.0,10.0,184.02,1-2 Years,Medium (10-20km),8-15 Days
54299,0,1.0,Mobile Phone,3,35.0,Debit Card,Male,3.0,5,Laptop & Accessory,3,Married,4,0,19.0,2.0,3.0,3.0,211.39,0-6 Months,Far (>20km),0-3 Days
54300,0,4.0,Mobile Phone,2,16.0,UPI,Male,3.0,4,Laptop & Accessory,1,Married,2,1,20.0,5.0,5.0,8.0,188.47,0-6 Months,Medium (10-20km),8-15 Days
54301,1,1.0,Mobile Phone,1,16.0,Credit Card,Female,3.0,4,Mobile Phone,5,Single,9,0,23.0,2.0,2.0,5.0,167.0,0-6 Months,Medium (10-20km),4-7 Days
54302,0,19.0,Mobile Phone,1,36.0,Credit Card,Male,3.0,4,Mobile Phone,1,Single,7,0,14.0,2.0,2.0,4.0,159.52,1-2 Years,Far (>20km),4-7 Days
54303,0,12.0,Mobile Phone,1,10.0,Cash on Delivery,Female,3.0,4,Laptop & Accessory,3,Single,5,1,21.0,3.0,3.0,3.0,168.17,6-12 Months,Near (<10km),0-3 Days
54304,0,4.0,Mobile Phone,1,25.0,Debit Card,Female,4.0,4,Mobile Phone,3,Single,3,0,15.0,2.0,2.0,5.0,151.32,0-6 Months,Far (>20km),4-7 Days
54305,0,6.0,Computer,3,16.0,Credit Card,Male,3.0,6,Laptop & Accessory,1,Married,2,0,18.0,1.0,2.0,8.0,171.68,0-6 Months,Medium (10-20km),8-15 Days
54306,0,4.0,Mobile Phone,1,12.0,Cash on Delivery,Female,3.0,4,Mobile Phone,5,Married,7,0,15.0,1.0,3.0,31.0,157.04,0-6 Months,Medium (10-20km),15+ Days
54307,0,4.0,Mobile Phone,1,9.0,Credit Card,Male,3.0,5,Mobile Phone,1,Single,2,0,14.0,1.0,2.0,3.0,152.2,0-6 Months,Near (<10km),0-3 Days
54308,0,15.0,Computer,1,17.0,Debit Card,Male,4.0,5,Grocery,5,Married,6,0,15.0,3.0,8.0,8.0,296.81,1-2 Years,Medium (10-20km),8-15 Days
54309,0,15.0,Mobile Phone,1,16.0,Debit Card,Male,4.0,4,Mobile Phone,5,Married,4,0,22.0,1.0,2.0,5.0,147.38,1-2 Years,Medium (10-20km),4-7 Days
54310,0,1.0,Mobile Phone,1,10.0,Credit Card,Female,4.0,4,Mobile Phone,4,Single,3,0,15.0,2.0,2.0,1.0,139.83,0-6 Months,Near (<10km),0-3 Days
54311,0,14.0,Computer,1,33.0,Credit Card,Female,3.0,4,Laptop & Accessory,4,Married,3,0,12.0,1.0,3.0,14.0,181.05,1-2 Years,Far (>20km),8-15 Days
54312,0,9.0,Mobile Phone,3,7.0,E Wallet,Male,4.0,4,Fashion,4,Married,3,0,14.0,1.0,2.0,7.0,197.95,6-12 Months,Near (<10km),4-7 Days
54313,0,27.0,Mobile Phone,3,13.0,E Wallet,Male,3.0,4,Laptop & Accessory,3,Married,4,1,21.0,1.0,5.0,6.0,148.06,2+ Years,Medium (10-20km),4-7 Days
54314,0,19.0,Mobile Phone,1,16.0,Debit Card,Male,3.0,4,Laptop & Accessory,4,Married,10,0,19.0,2.0,2.0,16.0,148.48,1-2 Years,Medium (10-20km),15+ Days
54315,0,6.0,Computer,3,15.0,E Wallet,Female,3.0,4,Fashion,1,Single,3,0,15.0,3.0,4.0,3.0,214.98,0-6 Months,Medium (10-20km),0-3 Days
54316,0,3.0,Computer,1,7.0,Cash on Delivery,Male,3.0,4,Laptop & Accessory,3,Married,3,0,14.0,1.0,2.0,10.0,168.19,0-6 Months,Near (<10km),8-15 Days
54317,0,25.0,Mobile Phone,1,14.0,Credit Card,Male,3.0,5,Laptop & Accessory,3,Married,4,0,18.0,2.0,2.0,1.0,186.32,2+ Years,Medium (10-20km),0-3 Days
54318,0,31.0,Mobile Phone,1,16.0,Credit Card,Female,4.0,5,Mobile Phone,4,Married,6,1,21.0,2.0,2.0,1.0,158.46,2+ Years,Medium (10-20km),0-3 Days
54319,0,14.0,Mobile Phone,3,11.0,E Wallet,Male,4.0,5,Fashion,1,Married,9,0,12.0,2.0,2.0,12.0,233.55,1-2 Years,Medium (10-20km),8-15 Days
54320,0,8.0,Computer,3,9.0,E Wallet,Female,4.0,4,Mobile Phone,3,Married,8,0,19.0,1.0,2.0,3.0,147.31,6-12 Months,Near (<10km),0-3 Days
54321,0,1.0,Mobile Phone,1,26.0,Credit Card,Male,4.0,4,Mobile Phone,1,Married,3,0,25.0,3.0,3.0,3.0,148.23,0-6 Months,Far (>20km),0-3 Days
54322,0,1.0,Computer,1,16.0,Credit Card,Male,3.0,4,Mobile Phone,4,Married,8,0,19.0,3.0,3.0,3.0,145.24,0-6 Months,Medium (10-20km),0-3 Days
54323,0,2.0,Mobile Phone,1,28.0,Credit Card,Male,3.0,4,Mobile Phone,1,Married,3,0,12.0,1.0,2.0,3.0,152.13,0-6 Months,Far (>20km),0-3 Days
54324,0,31.0,Mobile Phone,1,31.0,Debit Card,Male,3.0,2,Fashion,1,Married,5,1,17.0,2.0,2.0,3.0,219.39,2+ Years,Far (>20km),0-3 Days
54325,0,1.0,Computer,1,10.0,Credit Card,Male,4.0,5,Mobile Phone,3,Married,3,1,16.0,1.0,2.0,2.0,150.66,0-6 Months,Near (<10km),0-3 Days
54326,0,24.0,Mobile Phone,1,18.0,Debit Card,Female,3.0,4,Others,4,Single,5,0,16.0,1.0,5.0,5.0,324.26,1-2 Years,Medium (10-20km),4-7 Days
54327,0,15.0,Mobile Phone,1,21.0,Debit Card,Male,3.0,4,Mobile Phone,3,Married,6,0,13.0,2.0,2.0,9.0,149.51,1-2 Years,Far (>20km),8-15 Days
54328,0,4.0,Mobile Phone,3,12.0,Debit Card,Female,3.0,4,Fashion,1,Married,4,0,13.0,2.0,8.0,3.0,219.19,0-6 Months,Medium (10-20km),0-3 Days
54329,0,12.0,Mobile Phone,3,7.0,Debit Card,Female,3.0,5,Laptop & Accessory,1,Single,6,0,23.0,1.0,2.0,3.0,211.86,6-12 Months,Near (<10km),0-3 Days
54330,0,6.0,Mobile Phone,1,13.0,Debit Card,Male,3.0,4,Mobile Phone,3,Single,5,0,21.0,1.0,2.0,5.0,155.38,0-6 Months,Medium (10-20km),4-7 Days
54331,0,1.0,Mobile Phone,1,24.0,Cash on Delivery,Male,3.0,4,Mobile Phone,4,Married,2,1,17.0,1.0,2.0,2.0,155.58,0-6 Months,Far (>20km),0-3 Days
54332,1,1.0,Computer,3,7.0,Cash on Delivery,Female,4.0,6,Mobile Phone,5,Single,2,0,22.0,2.0,2.0,1.0,148.25,0-6 Months,Near (<10km),0-3 Days
54333,0,10.0,Computer,1,10.0,Credit Card,Male,2.0,4,Mobile Phone,4,Single,6,0,13.0,3.0,8.0,3.0,145.88,6-12 Months,Near (<10km),0-3 Days
54334,0,4.0,Computer,1,16.0,Credit Card,Male,4.0,4,Laptop & Accessory,5,Married,3,0,12.0,6.0,7.0,11.0,155.72,0-6 Months,Medium (10-20km),8-15 Days
54335,0,19.0,Mobile Phone,3,11.0,Debit Card,Female,2.0,4,Laptop & Accessory,5,Married,6,1,12.0,1.0,2.0,4.0,175.06,1-2 Years,Medium (10-20km),4-7 Days
54336,0,30.0,Mobile Phone,1,15.0,Debit Card,Female,4.0,4,Mobile Phone,5,Married,6,1,19.0,3.0,3.0,3.0,167.57,2+ Years,Medium (10-20km),0-3 Days
54337,0,7.0,Mobile Phone,1,9.0,Debit Card,Male,3.0,4,Mobile Phone,1,Single,2,0,15.0,2.0,2.0,3.0,150.0,6-12 Months,Near (<10km),0-3 Days
54338,1,1.0,Mobile Phone,1,9.0,Debit Card,Male,3.0,5,Mobile Phone,1,Single,3,0,23.0,2.0,2.0,1.0,136.02,0-6 Months,Near (<10km),0-3 Days
54339,0,20.0,Mobile Phone,3,7.0,E Wallet,Female,4.0,4,Fashion,5,Married,3,0,26.0,9.0,16.0,3.0,229.53,1-2 Years,Near (<10km),0-3 Days
54340,0,12.0,Mobile Phone,1,16.0,Debit Card,Female,4.0,4,Mobile Phone,1,Single,3,0,13.0,2.0,3.0,2.0,147.88,6-12 Months,Medium (10-20km),0-3 Days
54341,0,5.0,Mobile Phone,1,19.0,Credit Card,Female,4.0,4,Mobile Phone,1,Married,10,1,24.0,2.0,2.0,3.0,164.29,0-6 Months,Medium (10-20km),0-3 Days
54342,0,8.0,Mobile Phone,1,34.0,Credit Card,Female,4.0,4,Mobile Phone,4,Single,4,0,16.0,1.0,2.0,3.0,148.11,6-12 Months,Far (>20km),0-3 Days
54343,1,5.0,Mobile Phone,3,27.0,E Wallet,Female,4.0,4,Mobile Phone,4,Single,3,1,23.0,1.0,2.0,3.0,156.4,0-6 Months,Far (>20km),0-3 Days
54344,0,24.0,Mobile Phone,1,7.0,Credit Card,Male,3.0,5,Mobile Phone,3,Married,4,0,16.0,2.0,2.0,3.0,161.9,1-2 Years,Near (<10km),0-3 Days
54345,0,27.0,Mobile Phone,1,20.0,Credit Card,Female,3.0,2,Laptop & Accessory,5,Married,3,0,12.0,2.0,2.0,4.0,169.5,2+ Years,Medium (10-20km),4-7 Days
54346,0,7.0,Mobile Phone,1,21.0,Credit Card,Female,4.0,4,Mobile Phone,4,Married,3,0,14.0,2.0,2.0,7.0,152.56,6-12 Months,Far (>20km),4-7 Days
54347,0,14.0,Mobile Phone,1,11.0,Credit Card,Female,3.0,4,Others,3,Married,3,0,15.0,2.0,10.0,10.0,315.33,1-2 Years,Medium (10-20km),8-15 Days
54348,0,29.0,Mobile Phone,1,21.0,Credit Card,Male,4.0,2,Others,4,Single,10,0,15.0,3.0,3.0,16.0,312.22,2+ Years,Far (>20km),15+ Days
54349,0,8.0,Computer,1,9.0,Debit Card,Male,3.0,5,Laptop & Accessory,3,Married,3,0,18.0,1.0,2.0,3.0,220.47,6-12 Months,Near (<10km),0-3 Days
54350,0,25.0,Mobile Phone,1,10.0,Credit Card,Female,4.0,4,Grocery,4,Single,5,0,19.0,1.0,2.0,1.0,262.34,2+ Years,Near (<10km),0-3 Days
54351,0,26.0,Mobile Phone,1,7.0,Debit Card,Male,4.0,5,Others,3,Married,2,0,15.0,8.0,12.0,10.0,324.99,2+ Years,Near (<10km),8-15 Days
54352,0,1.0,Mobile Phone,1,16.0,Credit Card,Female,5.0,4,Mobile Phone,4,Single,3,0,17.0,1.0,2.0,4.0,147.79,0-6 Months,Medium (10-20km),4-7 Days
54353,1,1.0,Mobile Phone,1,30.0,Debit Card,Male,3.0,5,Laptop & Accessory,3,Married,5,1,14.0,2.0,2.0,2.0,184.16,0-6 Months,Far (>20km),0-3 Days
54354,0,17.0,Computer,1,14.0,Credit Card,Male,3.0,2,Mobile Phone,1,Married,6,0,15.0,2.0,3.0,3.0,145.89,1-2 Years,Medium (10-20km),0-3 Days
54355,0,19.0,Computer,1,9.0,Credit Card,Male,4.0,5,Grocery,1,Married,11,0,15.0,2.0,12.0,9.0,292.92,1-2 Years,Near (<10km),8-15 Days
54356,0,11.0,Mobile Phone,1,28.0,Debit Card,Male,4.0,2,Mobile Phone,5,Married,3,1,13.0,2.0,2.0,8.0,160.64,6-12 Months,Far (>20km),8-15 Days
54357,0,9.0,Computer,1,9.0,Credit Card,Female,3.0,4,Laptop & Accessory,4,Single,7,0,12.0,1.0,2.0,3.0,169.25,6-12 Months,Near (<10km),0-3 Days
54358,0,16.0,Computer,1,28.0,Credit Card,Female,3.0,4,Laptop & Accessory,3,Married,4,0,17.0,1.0,2.0,3.0,177.65,1-2 Years,Far (>20km),0-3 Days
54359,0,12.0,Mobile Phone,1,9.0,Debit Card,Male,3.0,4,Laptop & Accessory,3,Married,11,0,15.0,2.0,2.0,1.0,190.53,6-12 Months,Near (<10km),0-3 Days
54360,0,12.0,Mobile Phone,1,36.0,Cash on Delivery,Male,3.0,4,Laptop & Accessory,1,Married,5,0,19.0,1.0,2.0,8.0,187.61,6-12 Months,Far (>20km),8-15 Days
54361,0,1.0,Computer,1,7.0,Cash on Delivery,Male,3.0,5,Laptop & Accessory,5,Married,7,0,20.0,3.0,3.0,1.0,167.98,0-6 Months,Near (<10km),0-3 Days
54362,0,23.0,Computer,1,25.0,Debit Card,Male,4.0,4,Laptop & Accessory,1,Married,3,1,16.0,1.0,2.0,8.0,193.04,1-2 Years,Far (>20km),8-15 Days
54363,0,8.0,Computer,1,17.0,Credit Card,Male,3.0,4,Mobile Phone,3,Married,3,1,18.0,3.0,3.0,1.0,163.15,6-12 Months,Medium (10-20km),0-3 Days
54364,0,14.0,Mobile Phone,1,26.0,Credit Card,Male,2.0,4,Laptop & Accessory,1,Married,10,1,16.0,4.0,4.0,8.0,152.41,1-2 Years,Far (>20km),8-15 Days
54365,1,2.0,Mobile Phone,1,36.0,Credit Card,Male,4.0,4,Laptop & Accessory,5,Married,9,1,20.0,2.0,2.0,1.0,191.73,0-6 Months,Far (>20km),0-3 Days
54366,1,1.0,Mobile Phone,3,34.0,E Wallet,Female,3.0,4,Fashion,1,Married,3,0,23.0,1.0,2.0,10.0,201.39,0-6 Months,Far (>20km),8-15 Days
54367,0,1.0,Mobile Phone,1,12.0,Debit Card,Male,3.0,2,Mobile Phone,4,Married,3,1,17.0,3.0,3.0,3.0,148.28,0-6 Months,Medium (10-20km),0-3 Days
54368,0,10.0,Computer,1,25.0,Credit Card,Female,4.0,4,Mobile Phone,1,Single,3,0,14.0,1.0,2.0,8.0,146.53,6-12 Months,Far (>20km),8-15 Days
54369,0,14.0,Computer,1,16.0,Debit Card,Male,4.0,5,Laptop & Accessory,1,Married,11,0,15.0,1.0,2.0,3.0,173.76,1-2 Years,Medium (10-20km),0-3 Days
54370,0,20.0,Mobile Phone,1,7.0,Credit Card,Male,4.0,4,Fashion,5,Married,9,0,17.0,1.0,2.0,3.0,218.96,1-2 Years,Near (<10km),0-3 Days
54371,1,1.0,Mobile Phone,3,11.0,Credit Card,Male,3.0,6,Fashion,1,Married,3,0,12.0,7.0,10.0,3.0,229.0,0-6 Months,Medium (10-20km),0-3 Days
54372,0,4.0,Computer,1,7.0,Debit Card,Male,3.0,5,Fashion,3,Single,3,0,23.0,5.0,6.0,3.0,209.74,0-6 Months,Near (<10km),0-3 Days
54373,0,1.0,Computer,3,27.0,Debit Card,Female,3.0,4,Laptop & Accessory,3,Single,3,0,15.0,2.0,2.0,3.0,224.81,0-6 Months,Far (>20km),0-3 Days
54374,0,25.0,Mobile Phone,1,15.0,Debit Card,Male,3.0,5,Fashion,4,Married,7,0,17.0,3.0,2.0,8.0,249.89999999999998,2+ Years,Medium (10-20km),8-15 Days
54375,1,1.0,Mobile Phone,1,10.0,Cash on Delivery,Female,3.0,4,Mobile Phone,5,Single,7,1,12.0,1.0,2.0,5.0,151.57,0-6 Months,Near (<10km),4-7 Days
54376,0,15.0,Mobile Phone,3,13.0,Debit Card,Female,4.0,4,Fashion,1,Single,5,1,19.0,1.0,2.0,1.0,260.91,1-2 Years,Medium (10-20km),0-3 Days
54377,1,1.0,Computer,3,33.0,E Wallet,Female,3.0,5,Laptop & Accessory,5,Single,7,0,16.0,2.0,2.0,2.0,191.96,0-6 Months,Far (>20km),0-3 Days
54378,1,1.0,Mobile Phone,1,7.0,Cash on Delivery,Male,3.0,4,Mobile Phone,3,Single,2,0,15.0,1.0,2.0,6.0,145.58,0-6 Months,Near (<10km),4-7 Days
54379,0,19.0,Computer,3,13.0,Credit Card,Female,3.0,5,Fashion,1,Single,8,0,13.0,6.0,13.0,3.0,213.65,1-2 Years,Medium (10-20km),0-3 Days
54380,0,28.0,Mobile Phone,3,10.0,E Wallet,Female,3.0,4,Laptop & Accessory,5,Married,4,0,15.0,2.0,2.0,6.0,184.4,2+ Years,Near (<10km),4-7 Days
54381,0,10.0,Mobile Phone,1,12.0,Debit Card,Male,4.0,4,Laptop & Accessory,4,Single,10,0,17.0,3.0,4.0,8.0,184.14,6-12 Months,Medium (10-20km),8-15 Days
54382,0,7.0,Mobile Phone,1,11.0,Credit Card,Female,3.0,5,Mobile Phone,4,Married,8,0,22.0,1.0,2.0,2.0,151.22,6-12 Months,Medium (10-20km),0-3 Days
54383,0,11.0,Computer,1,18.0,UPI,Male,3.0,4,Fashion,1,Married,3,1,15.0,2.0,2.0,8.0,246.85000000000002,6-12 Months,Medium (10-20km),8-15 Days
54384,0,12.0,Mobile Phone,3,10.0,Debit Card,Male,4.0,4,Fashion,3,Married,2,0,13.0,2.0,6.0,3.0,231.08999999999997,6-12 Months,Near (<10km),0-3 Days
54385,0,5.0,Computer,1,7.0,Credit Card,Male,3.0,6,Laptop & Accessory,3,Married,2,0,13.0,1.0,2.0,5.0,168.45,0-6 Months,Near (<10km),4-7 Days
54386,0,31.0,Mobile Phone,1,10.0,Debit Card,Male,4.0,5,Mobile Phone,1,Married,5,0,18.0,1.0,2.0,1.0,146.77,2+ Years,Near (<10km),0-3 Days
54387,0,11.0,Computer,3,11.0,E Wallet,Male,3.0,4,Mobile Phone,1,Married,6,0,18.0,4.0,6.0,9.0,152.93,6-12 Months,Medium (10-20km),8-15 Days
54388,0,3.0,Computer,3,7.0,Credit Card,Female,3.0,4,Fashion,1,Married,3,0,15.0,5.0,5.0,2.0,204.18,0-6 Months,Near (<10km),0-3 Days
54389,0,9.0,Computer,3,7.0,E Wallet,Female,4.0,4,Fashion,3,Single,3,0,15.0,2.0,2.0,3.0,212.89,6-12 Months,Near (<10km),0-3 Days
54390,1,1.0,Mobile Phone,1,25.0,Credit Card,Male,3.0,5,Mobile Phone,1,Single,3,1,14.0,1.0,2.0,2.0,148.89,0-6 Months,Far (>20km),0-3 Days
54391,0,26.0,Mobile Phone,1,9.0,Debit Card,Female,3.0,5,Mobile Phone,1,Single,9,0,16.0,3.0,3.0,3.0,157.12,2+ Years,Near (<10km),0-3 Days
54392,0,16.0,Mobile Phone,1,11.0,Cash on Delivery,Male,3.0,4,Others,1,Married,3,0,15.0,1.0,12.0,16.0,317.32,1-2 Years,Medium (10-20km),15+ Days
54393,0,31.0,Mobile Phone,2,13.0,Credit Card,Male,3.0,4,Mobile Phone,3,Married,10,0,18.0,1.0,3.0,3.0,147.67,2+ Years,Medium (10-20km),0-3 Days
54394,0,24.0,Mobile Phone,3,7.0,Credit Card,Female,4.0,4,Others,1,Married,5,0,15.0,2.0,2.0,7.0,320.17,1-2 Years,Near (<10km),4-7 Days
54395,1,1.0,Mobile Phone,1,21.0,Credit Card,Male,3.0,4,Mobile Phone,1,Married,7,1,14.0,2.0,2.0,5.0,149.36,0-6 Months,Far (>20km),4-7 Days
54396,0,17.0,Mobile Phone,3,23.0,E Wallet,Female,4.0,4,Grocery,1,Married,7,1,23.0,1.0,2.0,10.0,285.64,1-2 Years,Far (>20km),8-15 Days
54397,1,1.0,Mobile Phone,1,9.0,Debit Card,Female,3.0,4,Mobile Phone,5,Married,9,0,21.0,2.0,2.0,8.0,152.07,0-6 Months,Near (<10km),8-15 Days
54398,0,26.0,Computer,3,9.0,Debit Card,Male,4.0,5,Others,3,Single,3,1,15.0,2.0,16.0,13.0,315.68,2+ Years,Near (<10km),8-15 Days
54399,0,6.0,Mobile Phone,3,11.0,Debit Card,Female,3.0,4,Mobile Phone,4,Married,4,0,12.0,2.0,2.0,3.0,164.31,0-6 Months,Medium (10-20km),0-3 Days
54400,1,1.0,Mobile Phone,1,7.0,Debit Card,Male,4.0,5,Mobile Phone,3,Single,2,1,15.0,1.0,2.0,3.0,162.3,0-6 Months,Near (<10km),0-3 Days
54401,0,13.0,Mobile Phone,1,7.0,Credit Card,Female,4.0,4,Mobile Phone,3,Married,9,0,15.0,2.0,2.0,3.0,147.32,1-2 Years,Near (<10km),0-3 Days
54402,0,6.0,Computer,3,33.0,E Wallet,Male,4.0,4,Laptop & Accessory,1,Married,2,0,19.0,3.0,3.0,3.0,169.65,0-6 Months,Far (>20km),0-3 Days
54403,0,15.0,Mobile Phone,1,26.0,Debit Card,Male,3.0,4,Laptop & Accessory,5,Married,4,0,17.0,1.0,2.0,1.0,155.72,1-2 Years,Far (>20km),0-3 Days
54404,0,14.0,Mobile Phone,1,31.0,Cash on Delivery,Male,4.0,4,Laptop & Accessory,1,Married,3,0,18.0,3.0,5.0,8.0,158.19,1-2 Years,Far (>20km),8-15 Days
54405,0,19.0,Mobile Phone,1,7.0,UPI,Male,4.0,2,Others,1,Married,2,0,15.0,2.0,2.0,8.0,317.02,1-2 Years,Near (<10km),8-15 Days
54406,0,5.0,Computer,1,10.0,Credit Card,Male,4.0,4,Fashion,3,Married,11,0,13.0,1.0,3.0,3.0,261.75,0-6 Months,Near (<10km),0-3 Days
54407,0,7.0,Mobile Phone,1,12.0,Debit Card,Female,4.0,5,Mobile Phone,1,Married,3,0,14.0,1.0,2.0,3.0,154.11,6-12 Months,Medium (10-20km),0-3 Days
54408,0,8.0,Mobile Phone,1,9.0,Debit Card,Male,3.0,5,Laptop & Accessory,5,Married,8,0,14.0,1.0,6.0,10.0,184.57,6-12 Months,Near (<10km),8-15 Days
54409,0,11.0,Mobile Phone,1,7.0,Credit Card,Female,3.0,5,Mobile Phone,5,Married,4,0,15.0,1.0,2.0,3.0,164.2,6-12 Months,Near (<10km),0-3 Days
54410,0,19.0,Computer,1,14.0,Debit Card,Male,4.0,2,Laptop & Accessory,3,Married,6,0,18.0,2.0,2.0,3.0,189.34,1-2 Years,Medium (10-20km),0-3 Days
54411,1,1.0,Computer,1,17.0,Credit Card,Male,4.0,4,Fashion,3,Married,8,0,12.0,1.0,2.0,3.0,225.48,0-6 Months,Medium (10-20km),0-3 Days
54412,0,13.0,Computer,1,9.0,Cash on Delivery,Female,4.0,4,Fashion,3,Single,2,0,26.0,7.0,2.0,9.0,234.38,1-2 Years,Near (<10km),8-15 Days
54413,0,3.0,Mobile Phone,1,22.0,Debit Card,Male,3.0,4,Mobile Phone,1,Single,3,0,20.0,2.0,2.0,6.0,148.4,0-6 Months,Far (>20km),4-7 Days
54414,0,16.0,Mobile Phone,1,24.0,Debit Card,Female,3.0,2,Laptop & Accessory,5,Single,5,1,14.0,2.0,2.0,3.0,190.45,1-2 Years,Far (>20km),0-3 Days
54415,0,3.0,Mobile Phone,3,27.0,E Wallet,Male,3.0,4,Laptop & Accessory,1,Married,4,0,15.0,2.0,2.0,3.0,194.31,0-6 Months,Far (>20km),0-3 Days
54416,0,1.0,Mobile Phone,1,7.0,Debit Card,Female,4.0,4,Laptop & Accessory,3,Married,2,0,13.0,2.0,2.0,3.0,173.98,0-6 Months,Near (<10km),0-3 Days
54417,0,16.0,Mobile Phone,1,9.0,Credit Card,Female,3.0,5,Mobile Phone,5,Married,2,1,12.0,8.0,8.0,9.0,150.93,1-2 Years,Near (<10km),8-15 Days
54418,0,14.0,Mobile Phone,1,9.0,Credit Card,Male,3.0,4,Others,3,Married,2,0,15.0,4.0,4.0,10.0,319.36,1-2 Years,Near (<10km),8-15 Days
54419,0,25.0,Mobile Phone,1,7.0,Debit Card,Male,4.0,4,Mobile Phone,1,Married,3,0,12.0,2.0,2.0,1.0,152.23,2+ Years,Near (<10km),0-3 Days
54420,1,1.0,Computer,1,36.0,Credit Card,Male,4.0,5,Mobile Phone,4,Single,2,0,12.0,1.0,2.0,5.0,159.79,0-6 Months,Far (>20km),4-7 Days
54421,0,6.0,Computer,1,14.0,Debit Card,Male,4.0,2,Mobile Phone,4,Married,3,0,21.0,1.0,2.0,4.0,152.94,0-6 Months,Medium (10-20km),4-7 Days
54422,0,12.0,Computer,3,9.0,Debit Card,Male,3.0,5,Laptop & Accessory,1,Married,5,0,19.0,2.0,8.0,6.0,177.49,6-12 Months,Near (<10km),4-7 Days
54423,0,6.0,Mobile Phone,1,9.0,Cash on Delivery,Male,3.0,5,Laptop & Accessory,5,Single,6,0,14.0,1.0,2.0,5.0,146.76,0-6 Months,Near (<10km),4-7 Days
54424,0,20.0,Mobile Phone,3,9.0,Cash on Delivery,Female,4.0,6,Grocery,4,Married,5,1,15.0,7.0,8.0,8.0,293.72,1-2 Years,Near (<10km),8-15 Days
54425,1,1.0,Mobile Phone,1,9.0,Debit Card,Male,4.0,4,Mobile Phone,3,Single,4,0,12.0,1.0,2.0,1.0,159.85,0-6 Months,Near (<10km),0-3 Days
54426,0,3.0,Mobile Phone,3,9.0,Credit Card,Male,4.0,5,Laptop & Accessory,4,Married,4,0,20.0,2.0,2.0,1.0,191.44,0-6 Months,Near (<10km),0-3 Days
54427,0,5.0,Mobile Phone,1,30.0,Credit Card,Male,4.0,5,Laptop & Accessory,1,Married,2,0,22.0,1.0,8.0,9.0,180.82,0-6 Months,Far (>20km),8-15 Days
54428,0,1.0,Computer,1,12.0,Debit Card,Male,3.0,2,Laptop & Accessory,5,Married,3,0,13.0,2.0,2.0,6.0,165.0,0-6 Months,Medium (10-20km),4-7 Days
54429,0,19.0,Mobile Phone,1,27.0,Credit Card,Male,4.0,4,Grocery,1,Married,2,1,15.0,3.0,2.0,11.0,259.96,1-2 Years,Far (>20km),8-15 Days
54430,0,10.0,Mobile Phone,1,13.0,Debit Card,Male,3.0,4,Mobile Phone,1,Married,2,0,12.0,2.0,11.0,12.0,157.1,6-12 Months,Medium (10-20km),8-15 Days
54431,0,29.0,Mobile Phone,1,7.0,Credit Card,Male,3.0,4,Others,5,Single,2,1,15.0,4.0,5.0,14.0,315.45,2+ Years,Near (<10km),8-15 Days
54432,1,11.0,Computer,1,36.0,Debit Card,Male,3.0,4,Fashion,4,Married,3,1,13.0,5.0,2.0,10.0,243.49,6-12 Months,Far (>20km),8-15 Days
54433,0,2.0,Mobile Phone,1,16.0,Credit Card,Male,4.0,4,Mobile Phone,1,Married,3,0,24.0,2.0,2.0,5.0,145.7,0-6 Months,Medium (10-20km),4-7 Days
54434,0,11.0,Mobile Phone,3,13.0,Credit Card,Male,4.0,4,Laptop & Accessory,1,Married,6,0,15.0,2.0,2.0,2.0,190.02,6-12 Months,Medium (10-20km),0-3 Days
54435,0,1.0,Mobile Phone,1,10.0,Credit Card,Male,4.0,5,Mobile Phone,3,Single,3,0,18.0,2.0,2.0,1.0,157.3,0-6 Months,Near (<10km),0-3 Days
54436,0,11.0,Computer,1,7.0,Credit Card,Female,4.0,4,Fashion,1,Married,4,1,19.0,1.0,2.0,3.0,261.03,6-12 Months,Near (<10km),0-3 Days
54437,0,9.0,Mobile Phone,1,29.0,Debit Card,Female,4.0,2,Fashion,4,Married,9,0,19.0,6.0,2.0,3.0,244.95999999999998,6-12 Months,Far (>20km),0-3 Days
54438,0,12.0,Mobile Phone,3,14.0,Credit Card,Female,3.0,2,Laptop & Accessory,5,Married,3,1,25.0,5.0,8.0,8.0,181.05,6-12 Months,Medium (10-20km),8-15 Days
54439,0,1.0,Computer,1,7.0,Debit Card,Female,3.0,4,Laptop & Accessory,4,Married,3,0,21.0,2.0,2.0,5.0,188.97,0-6 Months,Near (<10km),4-7 Days
54440,0,24.0,Mobile Phone,1,11.0,Debit Card,Male,4.0,4,Others,4,Married,5,0,15.0,1.0,2.0,7.0,316.44,1-2 Years,Medium (10-20km),4-7 Days
54441,0,27.0,Mobile Phone,1,10.0,Credit Card,Male,3.0,4,Grocery,3,Married,5,1,15.0,2.0,2.0,4.0,300.84,2+ Years,Near (<10km),4-7 Days
54442,0,16.0,Mobile Phone,3,7.0,Debit Card,Male,2.0,4,Laptop & Accessory,3,Married,3,0,26.0,7.0,12.0,7.0,174.07,1-2 Years,Near (<10km),4-7 Days
54443,0,3.0,Computer,3,9.0,Debit Card,Male,3.0,4,Laptop & Accessory,1,Single,3,0,19.0,1.0,2.0,10.0,170.54,0-6 Months,Near (<10km),8-15 Days
54444,0,29.0,Mobile Phone,1,27.0,Cash on Delivery,Male,3.0,4,Laptop & Accessory,1,Married,5,1,20.0,1.0,2.0,9.0,179.15,2+ Years,Far (>20km),8-15 Days
54445,0,1.0,Computer,1,18.0,Credit Card,Male,3.0,4,Laptop & Accessory,5,Married,3,1,14.0,2.0,4.0,4.0,172.41,0-6 Months,Medium (10-20km),4-7 Days
54446,0,11.0,Mobile Phone,1,7.0,Debit Card,Female,3.0,4,Mobile Phone,1,Single,3,0,13.0,2.0,6.0,8.0,146.15,6-12 Months,Near (<10km),8-15 Days
54447,1,8.0,Computer,1,31.0,Debit Card,Male,3.0,4,Mobile Phone,3,Married,5,1,23.0,1.0,2.0,1.0,156.61,6-12 Months,Far (>20km),0-3 Days
54448,0,12.0,Mobile Phone,1,30.0,Debit Card,Male,3.0,4,Laptop & Accessory,1,Married,11,0,15.0,1.0,2.0,3.0,182.45,6-12 Months,Far (>20km),0-3 Days
54449,1,1.0,Mobile Phone,1,23.0,Credit Card,Male,3.0,4,Mobile Phone,4,Married,4,1,14.0,2.0,2.0,3.0,148.73,0-6 Months,Far (>20km),0-3 Days
54450,0,2.0,Mobile Phone,1,15.0,Debit Card,Female,4.0,4,Mobile Phone,1,Single,3,0,22.0,2.0,2.0,3.0,158.1,0-6 Months,Medium (10-20km),0-3 Days
54451,0,23.0,Computer,1,17.0,Debit Card,Female,3.0,4,Others,5,Single,11,1,15.0,1.0,2.0,3.0,311.65,1-2 Years,Medium (10-20km),0-3 Days
54452,0,10.0,Mobile Phone,1,10.0,Cash on Delivery,Male,2.0,4,Laptop & Accessory,4,Single,6,0,13.0,3.0,8.0,8.0,169.85,6-12 Months,Near (<10km),8-15 Days
54453,0,5.0,Computer,3,12.0,E Wallet,Female,3.0,4,Mobile Phone,4,Married,3,0,12.0,1.0,3.0,3.0,152.89,0-6 Months,Medium (10-20km),0-3 Days
54454,1,1.0,Mobile Phone,3,11.0,E Wallet,Male,3.0,5,Laptop & Accessory,1,Single,3,1,13.0,5.0,8.0,5.0,183.28,0-6 Months,Medium (10-20km),4-7 Days
54455,0,11.0,Computer,1,16.0,Credit Card,Male,3.0,4,Mobile Phone,1,Married,3,1,13.0,1.0,2.0,3.0,148.26,6-12 Months,Medium (10-20km),0-3 Days
54456,0,16.0,Computer,3,33.0,E Wallet,Female,4.0,4,Grocery,4,Married,7,0,15.0,4.0,2.0,9.0,260.25,1-2 Years,Far (>20km),8-15 Days
54457,1,1.0,Mobile Phone,1,10.0,Debit Card,Male,3.0,4,Mobile Phone,3,Single,3,0,14.0,2.0,2.0,1.0,139.2,0-6 Months,Near (<10km),0-3 Days
54458,0,9.0,Mobile Phone,3,23.0,E Wallet,Male,4.0,4,Fashion,4,Married,2,0,16.0,4.0,7.0,10.0,205.2,6-12 Months,Far (>20km),8-15 Days
54459,0,10.0,Computer,1,25.0,Debit Card,Male,3.0,2,Mobile Phone,1,Married,6,0,19.0,2.0,2.0,1.0,161.88,6-12 Months,Far (>20km),0-3 Days
54460,0,25.0,Mobile Phone,1,9.0,Credit Card,Male,3.0,6,Laptop & Accessory,4,Married,7,0,19.0,1.0,2.0,3.0,179.82,2+ Years,Near (<10km),0-3 Days
54461,0,15.0,Mobile Phone,3,9.0,Debit Card,Male,3.0,4,Grocery,4,Single,3,0,20.0,1.0,2.0,5.0,285.15,1-2 Years,Near (<10km),4-7 Days
54462,0,1.0,Mobile Phone,3,17.0,Credit Card,Female,4.0,5,Mobile Phone,3,Single,3,0,13.0,1.0,2.0,1.0,137.0,0-6 Months,Medium (10-20km),0-3 Days
54463,0,2.0,Mobile Phone,1,23.0,Credit Card,Male,4.0,2,Laptop & Accessory,5,Single,2,0,20.0,1.0,2.0,8.0,181.61,0-6 Months,Far (>20km),8-15 Days
54464,0,5.0,Mobile Phone,3,14.0,Cash on Delivery,Male,4.0,2,Laptop & Accessory,1,Married,6,0,12.0,4.0,8.0,8.0,194.29,0-6 Months,Medium (10-20km),8-15 Days
54465,0,13.0,Mobile Phone,1,7.0,Credit Card,Male,3.0,2,Fashion,1,Married,2,0,18.0,2.0,4.0,3.0,221.13,1-2 Years,Near (<10km),0-3 Days
54466,0,10.0,Computer,1,31.0,Debit Card,Female,3.0,4,Laptop & Accessory,4,Married,9,0,16.0,2.0,2.0,9.0,181.74,6-12 Months,Far (>20km),8-15 Days
54467,0,6.0,Mobile Phone,3,14.0,Debit Card,Male,4.0,5,Laptop & Accessory,3,Married,3,0,15.0,4.0,5.0,9.0,179.84,0-6 Months,Medium (10-20km),8-15 Days
54468,0,12.0,Mobile Phone,1,32.0,Debit Card,Female,3.0,5,Fashion,4,Married,5,0,18.0,1.0,2.0,2.0,245.61,6-12 Months,Far (>20km),0-3 Days
54469,0,31.0,Computer,1,7.0,Debit Card,Male,3.0,6,Laptop & Accessory,3,Married,4,1,14.0,2.0,2.0,3.0,181.6,2+ Years,Near (<10km),0-3 Days
54470,0,5.0,Mobile Phone,1,12.0,Cash on Delivery,Male,3.0,4,Mobile Phone,1,Married,2,1,13.0,2.0,2.0,4.0,173.21,0-6 Months,Medium (10-20km),4-7 Days
54471,0,5.0,Mobile Phone,2,9.0,UPI,Male,4.0,5,Laptop & Accessory,5,Married,5,0,13.0,1.0,2.0,1.0,189.1,0-6 Months,Near (<10km),0-3 Days
54472,0,19.0,Computer,1,14.0,Debit Card,Male,4.0,4,Fashion,5,Married,3,0,19.0,3.0,10.0,12.0,177.1,1-2 Years,Medium (10-20km),8-15 Days
54473,0,5.0,Mobile Phone,1,9.0,Debit Card,Male,3.0,4,Mobile Phone,1,Married,2,1,19.0,3.0,3.0,3.0,151.95,0-6 Months,Near (<10km),0-3 Days
54474,0,7.0,Computer,1,12.0,Debit Card,Female,4.0,4,Fashion,4,Married,8,0,12.0,8.0,2.0,9.0,243.77999999999997,6-12 Months,Medium (10-20km),8-15 Days
54475,0,1.0,Mobile Phone,1,17.0,Credit Card,Male,4.0,4,Grocery,5,Married,3,1,15.0,2.0,12.0,11.0,295.68,0-6 Months,Medium (10-20km),8-15 Days
54476,0,17.0,Computer,1,17.0,Debit Card,Female,3.0,4,Mobile Phone,1,Single,2,0,20.0,1.0,2.0,8.0,149.55,1-2 Years,Medium (10-20km),8-15 Days
54477,0,23.0,Mobile Phone,1,7.0,Cash on Delivery,Female,3.0,5,Grocery,3,Single,9,1,13.0,1.0,2.0,8.0,264.64,1-2 Years,Near (<10km),8-15 Days
54478,1,16.0,Mobile Phone,1,15.0,Credit Card,Male,3.0,5,Laptop & Accessory,4,Married,4,0,16.0,8.0,8.0,8.0,174.41,1-2 Years,Medium (10-20km),8-15 Days
54479,0,1.0,Mobile Phone,1,12.0,Debit Card,Female,3.0,4,Mobile Phone,4,Single,3,1,13.0,1.0,2.0,3.0,149.78,0-6 Months,Medium (10-20km),0-3 Days
54480,0,6.0,Mobile Phone,3,15.0,Cash on Delivery,Female,4.0,5,Laptop & Accessory,4,Married,3,1,12.0,12.0,12.0,10.0,177.28,0-6 Months,Medium (10-20km),8-15 Days
54481,0,1.0,Mobile Phone,3,9.0,Debit Card,Male,4.0,4,Laptop & Accessory,3,Single,3,1,12.0,1.0,2.0,5.0,169.78,0-6 Months,Near (<10km),4-7 Days
54482,0,5.0,Mobile Phone,3,14.0,E Wallet,Male,4.0,4,Laptop & Accessory,1,Married,6,0,13.0,1.0,2.0,8.0,200.47,0-6 Months,Medium (10-20km),8-15 Days
54483,0,6.0,Mobile Phone,1,9.0,Credit Card,Female,4.0,2,Laptop & Accessory,1,Single,9,0,17.0,1.0,2.0,8.0,175.55,0-6 Months,Near (<10km),8-15 Days
54484,1,1.0,Mobile Phone,1,9.0,Credit Card,Male,3.0,6,Mobile Phone,1,Married,7,1,14.0,2.0,3.0,3.0,159.64,0-6 Months,Near (<10km),0-3 Days
54485,0,4.0,Mobile Phone,1,35.0,Credit Card,Female,4.0,4,Laptop & Accessory,1,Married,3,0,14.0,2.0,2.0,10.0,182.75,0-6 Months,Far (>20km),8-15 Days
54486,0,5.0,Computer,1,14.0,Debit Card,Female,3.0,5,Fashion,3,Married,3,0,25.0,8.0,9.0,3.0,214.43,0-6 Months,Medium (10-20km),0-3 Days
54487,0,13.0,Computer,1,14.0,Credit Card,Male,3.0,5,Others,1,Married,3,0,15.0,7.0,14.0,4.0,317.72,1-2 Years,Medium (10-20km),4-7 Days
54488,1,3.0,Mobile Phone,3,10.0,Credit Card,Female,3.0,4,Laptop & Accessory,3,Married,6,1,19.0,2.0,2.0,1.0,177.38,0-6 Months,Near (<10km),0-3 Days
54489,0,7.0,Computer,3,17.0,E Wallet,Male,3.0,5,Laptop & Accessory,1,Single,5,0,15.0,2.0,2.0,2.0,171.82,6-12 Months,Medium (10-20km),0-3 Days
54490,0,21.0,Mobile Phone,1,12.0,Debit Card,Male,3.0,4,Others,3,Married,6,0,15.0,2.0,2.0,2.0,308.0,1-2 Years,Medium (10-20km),0-3 Days
54491,0,17.0,Computer,1,17.0,Debit Card,Female,3.0,5,Laptop & Accessory,3,Married,3,0,12.0,2.0,2.0,1.0,177.57,1-2 Years,Medium (10-20km),0-3 Days
54492,0,1.0,Computer,3,7.0,E Wallet,Male,4.0,4,Laptop & Accessory,4,Married,2,1,14.0,1.0,2.0,5.0,188.49,0-6 Months,Near (<10km),4-7 Days
54493,0,28.0,Computer,1,27.0,Debit Card,Female,3.0,4,Laptop & Accessory,3,Single,5,0,13.0,1.0,2.0,4.0,173.69,2+ Years,Far (>20km),4-7 Days
54494,0,17.0,Mobile Phone,1,14.0,Debit Card,Female,3.0,4,Fashion,5,Married,10,0,17.0,2.0,2.0,3.0,224.85,1-2 Years,Medium (10-20km),0-3 Days
54495,0,19.0,Mobile Phone,1,15.0,UPI,Male,4.0,4,Laptop & Accessory,1,Married,11,0,15.0,9.0,10.0,9.0,161.97,1-2 Years,Medium (10-20km),8-15 Days
54496,0,14.0,Mobile Phone,3,7.0,Credit Card,Male,3.0,6,Laptop & Accessory,1,Married,4,1,23.0,2.0,2.0,3.0,199.57,1-2 Years,Near (<10km),0-3 Days
54497,1,1.0,Mobile Phone,1,15.0,UPI,Male,4.0,6,Mobile Phone,5,Married,3,1,12.0,1.0,2.0,8.0,146.19,0-6 Months,Medium (10-20km),8-15 Days
54498,0,3.0,Mobile Phone,1,16.0,UPI,Male,2.0,5,Mobile Phone,1,Single,2,0,18.0,2.0,3.0,3.0,164.83,0-6 Months,Medium (10-20km),0-3 Days
54499,0,4.0,Mobile Phone,3,12.0,E Wallet,Female,2.0,5,Laptop & Accessory,3,Married,3,0,14.0,2.0,2.0,3.0,186.18,0-6 Months,Medium (10-20km),0-3 Days
54500,0,1.0,Mobile Phone,3,15.0,E Wallet,Female,3.0,4,Laptop & Accessory,4,Married,3,0,19.0,1.0,2.0,8.0,187.14,0-6 Months,Medium (10-20km),8-15 Days
54501,0,11.0,Mobile Phone,1,12.0,Credit Card,Male,4.0,4,Laptop & Accessory,1,Married,9,0,17.0,2.0,2.0,5.0,188.47,6-12 Months,Medium (10-20km),4-7 Days
54502,0,12.0,Mobile Phone,1,22.0,Debit Card,Male,4.0,5,Fashion,1,Married,2,1,15.0,3.0,2.0,10.0,240.10000000000002,6-12 Months,Far (>20km),8-15 Days
54503,0,5.0,Mobile Phone,1,14.0,Credit Card,Female,3.0,4,Fashion,1,Single,3,1,15.0,5.0,5.0,11.0,196.43,0-6 Months,Medium (10-20km),8-15 Days
54504,0,3.0,Mobile Phone,3,17.0,E Wallet,Female,3.0,5,Laptop & Accessory,4,Married,3,1,15.0,2.0,2.0,8.0,207.68,0-6 Months,Medium (10-20km),8-15 Days
54505,0,9.0,Mobile Phone,1,12.0,Cash on Delivery,Male,4.0,4,Fashion,4,Single,2,0,14.0,2.0,2.0,14.0,205.95,6-12 Months,Medium (10-20km),8-15 Days
54506,0,1.0,Mobile Phone,1,33.0,Debit Card,Male,3.0,4,Mobile Phone,1,Married,3,0,13.0,1.0,2.0,3.0,154.04,0-6 Months,Far (>20km),0-3 Days
54507,0,15.0,Mobile Phone,1,13.0,Credit Card,Male,4.0,5,Laptop & Accessory,4,Single,8,1,16.0,2.0,2.0,3.0,185.32,1-2 Years,Medium (10-20km),0-3 Days
54508,0,21.0,Computer,3,11.0,Credit Card,Male,4.0,4,Laptop & Accessory,3,Single,5,0,20.0,1.0,2.0,1.0,154.76,1-2 Years,Medium (10-20km),0-3 Days
54509,0,16.0,Mobile Phone,1,30.0,Debit Card,Female,3.0,4,Grocery,1,Single,4,0,15.0,1.0,2.0,1.0,284.92,1-2 Years,Far (>20km),0-3 Days
54510,0,3.0,Computer,3,9.0,Debit Card,Male,4.0,4,Laptop & Accessory,3,Married,3,0,15.0,2.0,2.0,3.0,171.49,0-6 Months,Near (<10km),0-3 Days
54511,0,16.0,Mobile Phone,2,9.0,Cash on Delivery,Male,3.0,4,Mobile Phone,3,Married,2,1,12.0,2.0,2.0,1.0,151.96,1-2 Years,Near (<10km),0-3 Days
54512,0,6.0,Mobile Phone,1,9.0,Credit Card,Female,4.0,4,Mobile Phone,4,Married,3,0,14.0,1.0,2.0,8.0,148.7,0-6 Months,Near (<10km),8-15 Days
54513,0,22.0,Mobile Phone,3,36.0,Credit Card,Female,4.0,4,Fashion,3,Married,5,0,22.0,1.0,2.0,1.0,250.04000000000002,1-2 Years,Far (>20km),0-3 Days
54514,0,11.0,Mobile Phone,1,13.0,Credit Card,Male,3.0,2,Laptop & Accessory,5,Married,6,1,14.0,7.0,7.0,8.0,184.74,6-12 Months,Medium (10-20km),8-15 Days
54515,0,4.0,Computer,3,32.0,Cash on Delivery,Female,3.0,4,Laptop & Accessory,3,Married,9,1,13.0,3.0,3.0,3.0,172.36,0-6 Months,Far (>20km),0-3 Days
54516,0,1.0,Mobile Phone,3,7.0,Debit Card,Male,3.0,4,Laptop & Accessory,3,Married,3,0,18.0,1.0,8.0,8.0,177.96,0-6 Months,Near (<10km),8-15 Days
54517,0,16.0,Mobile Phone,1,9.0,UPI,Male,4.0,5,Laptop & Accessory,1,Single,5,0,24.0,2.0,2.0,1.0,192.81,1-2 Years,Near (<10km),0-3 Days
54518,1,1.0,Computer,3,7.0,Cash on Delivery,Female,4.0,5,Mobile Phone,4,Single,3,1,12.0,2.0,2.0,3.0,146.74,0-6 Months,Near (<10km),0-3 Days
54519,0,10.0,Computer,3,7.0,Credit Card,Female,3.0,4,Laptop & Accessory,1,Single,6,0,16.0,2.0,2.0,1.0,191.53,6-12 Months,Near (<10km),0-3 Days
54520,0,10.0,Computer,3,10.0,Credit Card,Male,3.0,5,Fashion,1,Married,6,0,12.0,1.0,2.0,3.0,221.99,6-12 Months,Near (<10km),0-3 Days
54521,0,31.0,Mobile Phone,1,7.0,Credit Card,Male,3.0,4,Laptop & Accessory,3,Married,4,0,12.0,1.0,2.0,3.0,192.55,2+ Years,Near (<10km),0-3 Days
54522,0,14.0,Mobile Phone,1,17.0,Debit Card,Female,3.0,2,Mobile Phone,3,Married,5,1,14.0,1.0,2.0,8.0,147.13,1-2 Years,Medium (10-20km),8-15 Days
54523,0,1.0,Computer,3,16.0,Credit Card,Male,3.0,4,Mobile Phone,1,Single,3,0,25.0,3.0,3.0,3.0,151.1,0-6 Months,Medium (10-20km),0-3 Days
54524,1,1.0,Mobile Phone,3,12.0,E Wallet,Female,3.0,4,Mobile Phone,3,Single,3,1,14.0,1.0,2.0,1.0,153.51,0-6 Months,Medium (10-20km),0-3 Days
54525,0,11.0,Mobile Phone,1,17.0,Credit Card,Female,4.0,4,Mobile Phone,5,Married,8,0,21.0,2.0,2.0,4.0,159.52,6-12 Months,Medium (10-20km),4-7 Days
54526,0,20.0,Computer,1,14.0,Credit Card,Female,2.0,4,Laptop & Accessory,3,Married,4,0,15.0,2.0,2.0,1.0,177.58,1-2 Years,Medium (10-20km),0-3 Days
54527,1,5.0,Computer,3,11.0,E Wallet,Male,3.0,4,Laptop & Accessory,4,Single,3,0,19.0,5.0,8.0,3.0,218.55,0-6 Months,Medium (10-20km),0-3 Days
54528,0,24.0,Mobile Phone,1,17.0,Cash on Delivery,Male,4.0,5,Fashion,1,Single,8,0,16.0,2.0,2.0,3.0,229.96,1-2 Years,Medium (10-20km),0-3 Days
54529,1,4.0,Mobile Phone,3,29.0,E Wallet,Male,4.0,5,Laptop & Accessory,3,Married,4,1,13.0,2.0,2.0,1.0,188.8,0-6 Months,Far (>20km),0-3 Days
54530,0,5.0,Mobile Phone,1,16.0,Debit Card,Male,3.0,5,Mobile Phone,4,Single,2,1,17.0,3.0,3.0,3.0,151.57,0-6 Months,Medium (10-20km),0-3 Days
54531,1,1.0,Mobile Phone,3,19.0,Debit Card,Female,3.0,2,Mobile Phone,4,Single,3,0,16.0,1.0,2.0,1.0,152.16,0-6 Months,Medium (10-20km),0-3 Days
54532,0,3.0,Mobile Phone,1,30.0,Debit Card,Male,3.0,4,Mobile Phone,1,Single,11,0,17.0,1.0,2.0,3.0,147.01,0-6 Months,Far (>20km),0-3 Days
54533,0,9.0,Mobile Phone,1,16.0,Debit Card,Male,4.0,5,Laptop & Accessory,4,Single,11,0,20.0,1.0,2.0,1.0,190.4,6-12 Months,Medium (10-20km),0-3 Days
54534,0,1.0,Mobile Phone,1,7.0,Credit Card,Male,3.0,4,Mobile Phone,4,Married,3,0,12.0,1.0,2.0,5.0,163.16,0-6 Months,Near (<10km),4-7 Days
54535,0,2.0,Mobile Phone,3,16.0,Debit Card,Male,4.0,4,Laptop & Accessory,1,Single,3,0,17.0,2.0,2.0,8.0,177.53,0-6 Months,Medium (10-20km),8-15 Days
54536,0,23.0,Mobile Phone,1,14.0,UPI,Male,3.0,5,Fashion,3,Single,10,0,25.0,2.0,2.0,1.0,234.64999999999998,1-2 Years,Medium (10-20km),0-3 Days
54537,0,25.0,Mobile Phone,3,21.0,Debit Card,Female,3.0,4,Laptop & Accessory,1,Married,6,0,12.0,2.0,2.0,8.0,174.36,2+ Years,Far (>20km),8-15 Days
54538,0,10.0,Mobile Phone,1,9.0,Debit Card,Female,4.0,4,Mobile Phone,3,Married,6,0,14.0,3.0,3.0,3.0,150.43,6-12 Months,Near (<10km),0-3 Days
54539,1,1.0,Computer,3,26.0,E Wallet,Male,4.0,2,Laptop & Accessory,1,Single,10,1,14.0,1.0,2.0,5.0,178.04,0-6 Months,Far (>20km),4-7 Days
54540,0,29.0,Mobile Phone,1,9.0,Debit Card,Female,4.0,4,Grocery,1,Single,4,1,14.0,1.0,2.0,3.0,291.59,2+ Years,Near (<10km),0-3 Days
54541,0,1.0,Mobile Phone,3,17.0,E Wallet,Female,4.0,4,Laptop & Accessory,3,Married,3,1,13.0,1.0,2.0,4.0,167.6,0-6 Months,Medium (10-20km),4-7 Days
54542,0,4.0,Mobile Phone,3,9.0,Cash on Delivery,Male,4.0,4,Mobile Phone,4,Married,3,0,19.0,2.0,2.0,1.0,149.76,0-6 Months,Near (<10km),0-3 Days
54543,1,1.0,Computer,1,10.0,Cash on Delivery,Male,4.0,4,Mobile Phone,5,Single,2,0,23.0,1.0,2.0,5.0,156.02,0-6 Months,Near (<10km),4-7 Days
54544,0,1.0,Mobile Phone,1,18.0,Credit Card,Female,3.0,4,Mobile Phone,4,Married,3,0,14.0,2.0,2.0,3.0,147.44,0-6 Months,Medium (10-20km),0-3 Days
54545,0,10.0,Mobile Phone,3,9.0,Credit Card,Male,4.0,5,Fashion,3,Married,3,0,14.0,9.0,10.0,1.0,200.96,6-12 Months,Near (<10km),0-3 Days
54546,1,1.0,Computer,1,11.0,Cash on Delivery,Male,3.0,4,Mobile Phone,1,Single,11,1,24.0,2.0,2.0,1.0,147.85,0-6 Months,Medium (10-20km),0-3 Days
54547,0,11.0,Mobile Phone,1,21.0,Debit Card,Female,4.0,4,Mobile Phone,5,Married,3,0,13.0,11.0,13.0,18.0,155.34,6-12 Months,Far (>20km),15+ Days
54548,0,14.0,Mobile Phone,3,9.0,E Wallet,Female,3.0,4,Laptop & Accessory,4,Married,9,0,13.0,1.0,2.0,4.0,182.15,1-2 Years,Near (<10km),4-7 Days
54549,0,16.0,Mobile Phone,1,7.0,Debit Card,Female,4.0,4,Mobile Phone,5,Married,5,0,17.0,1.0,2.0,3.0,150.76,1-2 Years,Near (<10km),0-3 Days
54550,0,11.0,Mobile Phone,1,17.0,Debit Card,Male,3.0,4,Laptop & Accessory,4,Single,4,1,13.0,1.0,2.0,2.0,166.97,6-12 Months,Medium (10-20km),0-3 Days
54551,0,17.0,Mobile Phone,1,19.0,Debit Card,Male,3.0,5,Grocery,4,Married,3,0,12.0,1.0,4.0,10.0,268.36,1-2 Years,Medium (10-20km),8-15 Days
54552,0,14.0,Mobile Phone,1,9.0,Credit Card,Female,4.0,5,Laptop & Accessory,3,Married,8,0,23.0,2.0,2.0,1.0,159.48,1-2 Years,Near (<10km),0-3 Days
54553,0,28.0,Mobile Phone,1,12.0,Credit Card,Male,3.0,4,Others,5,Married,6,0,15.0,2.0,2.0,3.0,319.06,2+ Years,Medium (10-20km),0-3 Days
54554,0,8.0,Computer,3,11.0,E Wallet,Female,4.0,4,Laptop & Accessory,3,Married,11,0,16.0,1.0,2.0,3.0,190.38,6-12 Months,Medium (10-20km),0-3 Days
54555,0,5.0,Mobile Phone,1,14.0,Credit Card,Female,3.0,4,Laptop & Accessory,5,Married,3,0,13.0,4.0,4.0,13.0,168.06,0-6 Months,Medium (10-20km),8-15 Days
54556,0,17.0,Computer,1,28.0,Credit Card,Male,4.0,4,Mobile Phone,1,Married,9,0,21.0,2.0,2.0,3.0,147.58,1-2 Years,Far (>20km),0-3 Days
54557,0,17.0,Mobile Phone,1,15.0,UPI,Female,4.0,4,Laptop & Accessory,3,Married,6,1,15.0,2.0,2.0,3.0,170.22,1-2 Years,Medium (10-20km),0-3 Days
54558,0,1.0,Mobile Phone,3,11.0,Debit Card,Female,4.0,5,Laptop & Accessory,1,Single,3,1,12.0,1.0,2.0,4.0,169.87,0-6 Months,Medium (10-20km),4-7 Days
54559,0,11.0,Computer,1,32.0,Credit Card,Female,4.0,4,Laptop & Accessory,3,Married,5,1,16.0,5.0,11.0,8.0,169.49,6-12 Months,Far (>20km),8-15 Days
54560,0,5.0,Mobile Phone,1,7.0,Debit Card,Male,4.0,5,Mobile Phone,5,Married,3,0,13.0,4.0,4.0,3.0,147.18,0-6 Months,Near (<10km),0-3 Days
54561,0,13.0,Computer,1,7.0,Debit Card,Male,3.0,4,Others,3,Married,3,1,15.0,1.0,2.0,7.0,316.97,1-2 Years,Near (<10km),4-7 Days
54562,0,30.0,Computer,3,13.0,Debit Card,Female,3.0,2,Grocery,5,Married,11,0,12.0,7.0,2.0,8.0,257.12,2+ Years,Medium (10-20km),8-15 Days
54563,0,4.0,Mobile Phone,3,19.0,Cash on Delivery,Female,3.0,4,Laptop & Accessory,3,Single,2,0,12.0,4.0,5.0,5.0,190.77,0-6 Months,Medium (10-20km),4-7 Days
54564,0,15.0,Mobile Phone,3,7.0,E Wallet,Male,3.0,2,Fashion,5,Married,3,0,17.0,2.0,2.0,8.0,208.92,1-2 Years,Near (<10km),8-15 Days
54565,0,2.0,Mobile Phone,1,24.0,Credit Card,Male,4.0,4,Laptop & Accessory,5,Married,3,0,13.0,1.0,2.0,9.0,170.58,0-6 Months,Far (>20km),8-15 Days
54566,1,1.0,Mobile Phone,1,10.0,Credit Card,Male,4.0,4,Mobile Phone,5,Married,7,0,14.0,2.0,2.0,3.0,165.31,0-6 Months,Near (<10km),0-3 Days
54567,0,26.0,Mobile Phone,1,10.0,Credit Card,Male,3.0,5,Fashion,3,Married,4,1,15.0,2.0,2.0,5.0,204.69,2+ Years,Near (<10km),4-7 Days
54568,0,19.0,Mobile Phone,1,17.0,Debit Card,Male,4.0,4,Mobile Phone,1,Married,5,0,22.0,1.0,2.0,3.0,151.54,1-2 Years,Medium (10-20km),0-3 Days
54569,0,26.0,Mobile Phone,1,11.0,Debit Card,Female,2.0,4,Grocery,1,Married,4,0,14.0,1.0,2.0,5.0,290.55,2+ Years,Medium (10-20km),4-7 Days
54570,0,16.0,Computer,1,36.0,Debit Card,Female,4.0,4,Laptop & Accessory,3,Married,4,0,12.0,2.0,2.0,3.0,170.56,1-2 Years,Far (>20km),0-3 Days
54571,0,4.0,Mobile Phone,1,9.0,Debit Card,Female,3.0,6,Laptop & Accessory,1,Single,4,0,21.0,2.0,2.0,3.0,185.91,0-6 Months,Near (<10km),0-3 Days
54572,0,31.0,Mobile Phone,1,14.0,Debit Card,Female,3.0,4,Others,5,Married,7,0,15.0,2.0,12.0,11.0,320.66,2+ Years,Medium (10-20km),8-15 Days
54573,0,20.0,Mobile Phone,1,25.0,Credit Card,Female,3.0,4,Laptop & Accessory,3,Married,4,0,15.0,2.0,2.0,9.0,173.1,1-2 Years,Far (>20km),8-15 Days
54574,0,16.0,Computer,1,35.0,Cash on Delivery,Female,3.0,5,Laptop & Accessory,1,Married,2,0,12.0,1.0,2.0,5.0,170.23,1-2 Years,Far (>20km),4-7 Days
54575,1,1.0,Mobile Phone,3,7.0,Cash on Delivery,Female,4.0,4,Mobile Phone,4,Single,3,1,17.0,1.0,2.0,5.0,157.02,0-6 Months,Near (<10km),4-7 Days
54576,1,1.0,Computer,3,13.0,E Wallet,Female,3.0,6,Mobile Phone,3,Married,2,0,17.0,1.0,2.0,1.0,148.51,0-6 Months,Medium (10-20km),0-3 Days
54577,0,12.0,Computer,1,9.0,Debit Card,Male,3.0,4,Mobile Phone,1,Married,3,1,24.0,2.0,2.0,1.0,142.02,6-12 Months,Near (<10km),0-3 Days
54578,0,14.0,Mobile Phone,3,9.0,Debit Card,Female,4.0,4,Others,3,Married,2,0,15.0,2.0,2.0,13.0,305.41,1-2 Years,Near (<10km),8-15 Days
54579,0,1.0,Mobile Phone,1,30.0,Debit Card,Female,3.0,4,Mobile Phone,1,Married,3,0,23.0,1.0,2.0,3.0,153.86,0-6 Months,Far (>20km),0-3 Days
54580,0,4.0,Computer,1,10.0,Debit Card,Male,3.0,4,Mobile Phone,1,Married,6,0,16.0,2.0,2.0,5.0,145.97,0-6 Months,Near (<10km),4-7 Days
54581,0,3.0,Mobile Phone,1,10.0,Credit Card,Male,4.0,5,Fashion,3,Married,3,0,19.0,1.0,2.0,8.0,244.35000000000002,0-6 Months,Near (<10km),8-15 Days
54582,1,1.0,Mobile Phone,1,32.0,Cash on Delivery,Female,4.0,5,Mobile Phone,4,Married,7,0,17.0,2.0,2.0,2.0,150.46,0-6 Months,Far (>20km),0-3 Days
54583,1,1.0,Mobile Phone,2,9.0,Cash on Delivery,Male,3.0,5,Mobile Phone,1,Single,3,0,13.0,1.0,2.0,1.0,150.64,0-6 Months,Near (<10km),0-3 Days
54584,0,4.0,Computer,3,29.0,UPI,Female,4.0,4,Fashion,5,Married,2,0,12.0,4.0,8.0,9.0,209.12,0-6 Months,Far (>20km),8-15 Days
54585,0,31.0,Mobile Phone,3,36.0,E Wallet,Male,3.0,5,Grocery,1,Married,5,0,13.0,1.0,2.0,1.0,266.18,2+ Years,Far (>20km),0-3 Days
54586,0,24.0,Mobile Phone,1,36.0,Debit Card,Male,3.0,5,Grocery,3,Married,2,0,15.0,16.0,16.0,8.0,295.46,1-2 Years,Far (>20km),8-15 Days
54587,0,4.0,Computer,1,9.0,Credit Card,Female,3.0,4,Mobile Phone,1,Single,2,0,15.0,2.0,7.0,8.0,150.64,0-6 Months,Near (<10km),8-15 Days
54588,0,31.0,Computer,3,35.0,E Wallet,Female,4.0,5,Fashion,5,Married,6,0,20.0,4.0,14.0,3.0,227.66,2+ Years,Far (>20km),0-3 Days
54589,0,21.0,Mobile Phone,1,9.0,Credit Card,Female,4.0,4,Laptop & Accessory,1,Married,7,0,14.0,1.0,2.0,5.0,175.7,1-2 Years,Near (<10km),4-7 Days
54590,0,20.0,Mobile Phone,1,9.0,Debit Card,Male,3.0,4,Grocery,3,Married,8,0,15.0,2.0,2.0,2.0,303.61,1-2 Years,Near (<10km),0-3 Days
54591,0,9.0,Mobile Phone,1,29.0,Debit Card,Male,3.0,6,Mobile Phone,3,Single,2,0,16.0,2.0,5.0,4.0,167.3,6-12 Months,Far (>20km),4-7 Days
54592,0,28.0,Mobile Phone,1,6.0,Debit Card,Female,3.0,4,Laptop & Accessory,3,Single,9,0,12.0,1.0,2.0,1.0,162.8,2+ Years,Near (<10km),0-3 Days
54593,0,8.0,Mobile Phone,1,9.0,Debit Card,Male,4.0,5,Mobile Phone,3,Married,5,0,13.0,4.0,6.0,8.0,152.68,6-12 Months,Near (<10km),8-15 Days
54594,0,6.0,Mobile Phone,3,17.0,E Wallet,Female,4.0,5,Fashion,1,Married,4,1,20.0,1.0,2.0,3.0,215.71,0-6 Months,Medium (10-20km),0-3 Days
54595,0,5.0,Mobile Phone,1,16.0,Debit Card,Male,3.0,4,Fashion,4,Married,3,0,26.0,1.0,2.0,9.0,231.48000000000002,0-6 Months,Medium (10-20km),8-15 Days
54596,1,1.0,Mobile Phone,1,22.0,Credit Card,Male,3.0,4,Fashion,3,Married,9,1,13.0,1.0,8.0,8.0,261.1,0-6 Months,Far (>20km),8-15 Days
54597,1,1.0,Mobile Phone,1,17.0,Credit Card,Male,3.0,6,Mobile Phone,1,Married,9,0,14.0,1.0,2.0,4.0,159.08,0-6 Months,Medium (10-20km),4-7 Days
54598,0,4.0,Mobile Phone,3,14.0,E Wallet,Male,3.0,4,Mobile Phone,4,Single,2,0,15.0,1.0,2.0,3.0,154.83,0-6 Months,Medium (10-20km),0-3 Days
54599,0,9.0,Mobile Phone,1,23.0,Debit Card,Male,4.0,4,Fashion,3,Married,6,1,13.0,1.0,2.0,1.0,201.32,6-12 Months,Far (>20km),0-3 Days
54600,1,1.0,Computer,1,27.0,Debit Card,Male,4.0,4,Fashion,3,Married,5,0,13.0,2.0,2.0,3.0,223.24,0-6 Months,Far (>20km),0-3 Days
54601,1,1.0,Computer,2,30.0,UPI,Female,3.0,4,Fashion,5,Married,11,1,16.0,2.0,2.0,3.0,224.5,0-6 Months,Far (>20km),0-3 Days
54602,0,16.0,Computer,1,12.0,UPI,Male,4.0,4,Mobile Phone,3,Married,6,0,18.0,1.0,3.0,1.0,145.93,1-2 Years,Medium (10-20km),0-3 Days
54603,0,10.0,Computer,3,17.0,Credit Card,Male,3.0,4,Fashion,1,Single,3,0,15.0,9.0,10.0,3.0,224.8,6-12 Months,Medium (10-20km),0-3 Days
54604,1,1.0,Computer,1,11.0,Cash on Delivery,Male,4.0,5,Mobile Phone,3,Single,7,0,17.0,1.0,2.0,3.0,163.94,0-6 Months,Medium (10-20km),0-3 Days
54605,0,22.0,Mobile Phone,3,9.0,E Wallet,Female,3.0,4,Laptop & Accessory,1,Married,4,0,15.0,7.0,7.0,8.0,165.51,1-2 Years,Near (<10km),8-15 Days
54606,0,29.0,Mobile Phone,3,25.0,Debit Card,Female,3.0,4,Grocery,4,Single,5,0,15.0,2.0,8.0,9.0,293.35,2+ Years,Far (>20km),8-15 Days
54607,0,15.0,Computer,3,17.0,Debit Card,Male,3.0,4,Laptop & Accessory,1,Single,9,0,15.0,1.0,2.0,11.0,187.3,1-2 Years,Medium (10-20km),8-15 Days
54608,0,9.0,Mobile Phone,3,7.0,E Wallet,Male,3.0,4,Laptop & Accessory,3,Married,11,0,12.0,1.0,7.0,10.0,172.17,6-12 Months,Near (<10km),8-15 Days
54609,0,14.0,Mobile Phone,1,13.0,Debit Card,Female,4.0,4,Grocery,3,Single,9,0,16.0,5.0,2.0,14.0,257.37,1-2 Years,Medium (10-20km),8-15 Days
54610,0,13.0,Computer,1,15.0,Debit Card,Female,3.0,4,Mobile Phone,3,Married,3,0,12.0,2.0,2.0,8.0,162.55,1-2 Years,Medium (10-20km),8-15 Days
54611,0,5.0,Mobile Phone,3,9.0,Debit Card,Male,4.0,4,Laptop & Accessory,1,Single,6,1,14.0,2.0,2.0,6.0,190.82,0-6 Months,Near (<10km),4-7 Days
54612,0,16.0,Mobile Phone,1,31.0,Credit Card,Male,3.0,4,Fashion,5,Married,3,1,22.0,6.0,6.0,9.0,199.06,1-2 Years,Far (>20km),8-15 Days
54613,0,19.0,Mobile Phone,3,9.0,UPI,Male,4.0,4,Laptop & Accessory,4,Married,2,0,20.0,4.0,4.0,8.0,173.05,1-2 Years,Near (<10km),8-15 Days
54614,1,1.0,Computer,2,24.0,Debit Card,Female,3.0,4,Mobile Phone,3,Married,2,1,12.0,1.0,2.0,1.0,152.41,0-6 Months,Far (>20km),0-3 Days
54615,0,3.0,Mobile Phone,1,26.0,Cash on Delivery,Male,3.0,4,Laptop & Accessory,1,Married,6,0,13.0,2.0,2.0,3.0,167.62,0-6 Months,Far (>20km),0-3 Days
54616,0,7.0,Mobile Phone,1,7.0,Credit Card,Female,4.0,2,Grocery,3,Married,6,0,20.0,1.0,2.0,6.0,286.84,6-12 Months,Near (<10km),4-7 Days
54617,0,5.0,Mobile Phone,3,14.0,Debit Card,Male,3.0,5,Fashion,1,Married,11,0,22.0,2.0,2.0,2.0,240.57,0-6 Months,Medium (10-20km),0-3 Days
54618,1,1.0,Computer,3,12.0,E Wallet,Male,4.0,4,Mobile Phone,4,Single,3,1,15.0,2.0,2.0,1.0,143.78,0-6 Months,Medium (10-20km),0-3 Days
54619,0,14.0,Computer,3,35.0,UPI,Male,3.0,6,Fashion,5,Married,5,0,16.0,1.0,2.0,2.0,234.32,1-2 Years,Far (>20km),0-3 Days
54620,0,15.0,Computer,1,9.0,UPI,Female,4.0,5,Laptop & Accessory,3,Single,4,1,18.0,1.0,2.0,8.0,193.11,1-2 Years,Near (<10km),8-15 Days
54621,0,1.0,Mobile Phone,3,36.0,Credit Card,Male,3.0,4,Laptop & Accessory,3,Married,7,0,13.0,1.0,2.0,1.0,168.06,0-6 Months,Far (>20km),0-3 Days
54622,0,9.0,Mobile Phone,3,7.0,Credit Card,Female,4.0,4,Laptop & Accessory,3,Single,3,0,17.0,2.0,2.0,4.0,173.59,6-12 Months,Near (<10km),4-7 Days
54623,0,8.0,Mobile Phone,3,28.0,Debit Card,Male,4.0,2,Laptop & Accessory,1,Single,3,0,13.0,1.0,6.0,8.0,178.37,6-12 Months,Far (>20km),8-15 Days
54624,1,1.0,Mobile Phone,1,31.0,Cash on Delivery,Male,4.0,6,Mobile Phone,1,Single,3,1,19.0,1.0,2.0,1.0,148.4,0-6 Months,Far (>20km),0-3 Days
54625,0,11.0,Mobile Phone,1,7.0,Cash on Delivery,Female,3.0,4,Fashion,1,Single,6,0,18.0,2.0,2.0,3.0,199.91,6-12 Months,Near (<10km),0-3 Days
54626,0,20.0,Computer,1,25.0,Credit Card,Female,3.0,4,Fashion,3,Married,7,0,12.0,1.0,2.0,3.0,230.27,1-2 Years,Far (>20km),0-3 Days
54627,0,15.0,Mobile Phone,3,9.0,Debit Card,Female,4.0,4,Grocery,5,Married,9,0,17.0,1.0,12.0,9.0,290.95,1-2 Years,Near (<10km),8-15 Days
54628,0,11.0,Computer,3,16.0,Credit Card,Male,4.0,4,Fashion,4,Married,3,0,14.0,2.0,8.0,3.0,213.34,6-12 Months,Medium (10-20km),0-3 Days
54629,0,26.0,Mobile Phone,1,13.0,Cash on Delivery,Male,4.0,4,Laptop & Accessory,5,Married,5,1,13.0,3.0,7.0,10.0,180.77,2+ Years,Medium (10-20km),8-15 Days
54630,1,1.0,Computer,3,18.0,UPI,Male,3.0,2,Laptop & Accessory,3,Married,10,0,13.0,2.0,2.0,3.0,172.07,0-6 Months,Medium (10-20km),0-3 Days
54631,0,1.0,Computer,3,31.0,Credit Card,Male,3.0,4,Mobile Phone,1,Married,2,0,14.0,2.0,3.0,2.0,149.0,0-6 Months,Far (>20km),0-3 Days
54632,0,12.0,Mobile Phone,1,17.0,Credit Card,Female,4.0,4,Laptop & Accessory,3,Married,5,0,20.0,1.0,2.0,3.0,223.24,6-12 Months,Medium (10-20km),0-3 Days
54633,0,11.0,Mobile Phone,1,7.0,Debit Card,Female,4.0,4,Laptop & Accessory,4,Married,8,0,13.0,5.0,5.0,4.0,189.47,6-12 Months,Near (<10km),4-7 Days
54634,0,23.0,Mobile Phone,1,25.0,Debit Card,Male,3.0,5,Others,3,Married,3,1,15.0,2.0,2.0,10.0,320.02,1-2 Years,Far (>20km),8-15 Days
54635,0,1.0,Mobile Phone,1,30.0,Credit Card,Male,3.0,2,Mobile Phone,1,Married,3,1,12.0,1.0,2.0,5.0,152.25,0-6 Months,Far (>20km),4-7 Days
54636,0,1.0,Mobile Phone,3,35.0,E Wallet,Male,4.0,4,Laptop & Accessory,4,Married,3,0,21.0,1.0,2.0,5.0,187.72,0-6 Months,Far (>20km),4-7 Days
54637,0,1.0,Mobile Phone,1,24.0,UPI,Male,4.0,5,Mobile Phone,4,Married,3,0,22.0,2.0,2.0,1.0,146.27,0-6 Months,Far (>20km),0-3 Days
54638,0,24.0,Computer,2,10.0,Credit Card,Male,4.0,4,Others,4,Married,3,0,15.0,2.0,11.0,8.0,307.0,1-2 Years,Near (<10km),8-15 Days
54639,0,1.0,Mobile Phone,3,20.0,Credit Card,Male,3.0,4,Mobile Phone,3,Married,3,0,12.0,2.0,2.0,7.0,145.96,0-6 Months,Medium (10-20km),4-7 Days
54640,1,1.0,Computer,1,14.0,Debit Card,Female,3.0,4,Mobile Phone,3,Married,3,1,17.0,1.0,2.0,3.0,153.86,0-6 Months,Medium (10-20km),0-3 Days
54641,1,1.0,Computer,3,19.0,Debit Card,Male,4.0,5,Mobile Phone,5,Married,3,0,19.0,2.0,2.0,1.0,145.33,0-6 Months,Medium (10-20km),0-3 Days
54642,0,8.0,Mobile Phone,1,7.0,Debit Card,Male,3.0,5,Mobile Phone,1,Married,3,1,14.0,2.0,2.0,4.0,161.22,6-12 Months,Near (<10km),4-7 Days
54643,1,1.0,Mobile Phone,3,20.0,Credit Card,Male,3.0,4,Laptop & Accessory,5,Married,4,0,18.0,1.0,2.0,3.0,167.33,0-6 Months,Medium (10-20km),0-3 Days
54644,0,9.0,Mobile Phone,1,32.0,UPI,Male,3.0,5,Laptop & Accessory,1,Single,6,0,15.0,2.0,2.0,3.0,161.81,6-12 Months,Far (>20km),0-3 Days
54645,0,5.0,Mobile Phone,3,13.0,Credit Card,Male,4.0,2,Laptop & Accessory,1,Married,6,0,23.0,6.0,6.0,8.0,179.6,0-6 Months,Medium (10-20km),8-15 Days
54646,0,1.0,Mobile Phone,1,13.0,Credit Card,Female,4.0,5,Mobile Phone,3,Married,2,0,13.0,1.0,2.0,4.0,146.87,0-6 Months,Medium (10-20km),4-7 Days
54647,0,11.0,Mobile Phone,3,9.0,E Wallet,Male,4.0,4,Laptop & Accessory,3,Married,6,1,12.0,1.0,2.0,3.0,221.02,6-12 Months,Near (<10km),0-3 Days
54648,0,1.0,Mobile Phone,1,7.0,Debit Card,Female,3.0,5,Mobile Phone,4,Single,3,0,14.0,1.0,2.0,1.0,153.36,0-6 Months,Near (<10km),0-3 Days
54649,0,16.0,Mobile Phone,1,9.0,Debit Card,Female,3.0,4,Laptop & Accessory,1,Married,3,0,14.0,1.0,3.0,3.0,165.89,1-2 Years,Near (<10km),0-3 Days
54650,0,17.0,Mobile Phone,1,13.0,UPI,Male,3.0,5,Grocery,1,Married,6,1,15.0,1.0,2.0,1.0,291.27,1-2 Years,Medium (10-20km),0-3 Days
54651,0,12.0,Mobile Phone,1,7.0,Debit Card,Female,3.0,4,Mobile Phone,5,Single,5,0,18.0,1.0,2.0,1.0,151.19,6-12 Months,Near (<10km),0-3 Days
54652,0,17.0,Computer,1,16.0,Credit Card,Male,4.0,4,Laptop & Accessory,3,Married,5,1,14.0,2.0,5.0,8.0,181.79,1-2 Years,Medium (10-20km),8-15 Days
54653,0,22.0,Mobile Phone,1,7.0,Debit Card,Female,3.0,5,Grocery,5,Married,9,0,12.0,1.0,2.0,3.0,279.02,1-2 Years,Near (<10km),0-3 Days
54654,0,18.0,Mobile Phone,2,7.0,Debit Card,Female,3.0,5,Laptop & Accessory,3,Single,6,0,12.0,2.0,2.0,3.0,184.85,1-2 Years,Near (<10km),0-3 Days
54655,0,8.0,Mobile Phone,3,21.0,Cash on Delivery,Female,3.0,4,Mobile Phone,3,Married,3,1,19.0,2.0,2.0,7.0,150.79,6-12 Months,Far (>20km),4-7 Days
54656,1,1.0,Mobile Phone,3,9.0,E Wallet,Male,3.0,4,Mobile Phone,5,Married,2,0,12.0,2.0,2.0,3.0,155.41,0-6 Months,Near (<10km),0-3 Days
54657,0,1.0,Mobile Phone,3,29.0,Cash on Delivery,Male,3.0,4,Mobile Phone,3,Single,3,0,12.0,1.0,2.0,3.0,159.47,0-6 Months,Far (>20km),0-3 Days
54658,0,18.0,Mobile Phone,1,10.0,UPI,Male,3.0,4,Others,1,Married,6,1,15.0,1.0,2.0,2.0,320.13,1-2 Years,Near (<10km),0-3 Days
54659,0,1.0,Mobile Phone,1,13.0,Credit Card,Male,4.0,4,Mobile Phone,3,Married,2,0,21.0,2.0,3.0,3.0,152.73,0-6 Months,Medium (10-20km),0-3 Days
54660,0,7.0,Mobile Phone,3,15.0,E Wallet,Male,3.0,4,Laptop & Accessory,3,Married,2,0,13.0,1.0,2.0,3.0,196.04,6-12 Months,Medium (10-20km),0-3 Days
54661,0,6.0,Mobile Phone,1,16.0,Debit Card,Female,4.0,4,Laptop & Accessory,1,Married,3,1,13.0,2.0,2.0,6.0,188.22,0-6 Months,Medium (10-20km),4-7 Days
54662,0,4.0,Computer,1,10.0,Credit Card,Female,4.0,4,Mobile Phone,3,Married,3,0,21.0,2.0,2.0,1.0,145.83,0-6 Months,Near (<10km),0-3 Days
54663,0,27.0,Mobile Phone,3,7.0,Credit Card,Female,3.0,4,Laptop & Accessory,5,Single,9,0,21.0,5.0,9.0,11.0,208.81,2+ Years,Near (<10km),8-15 Days
54664,0,8.0,Mobile Phone,1,7.0,Debit Card,Male,3.0,4,Mobile Phone,1,Married,3,0,13.0,2.0,9.0,9.0,151.91,6-12 Months,Near (<10km),8-15 Days
54665,1,9.0,Computer,3,33.0,Debit Card,Female,4.0,4,Laptop & Accessory,5,Married,4,0,15.0,1.0,2.0,1.0,167.86,6-12 Months,Far (>20km),0-3 Days
54666,0,1.0,Mobile Phone,1,13.0,Debit Card,Female,4.0,4,Mobile Phone,1,Married,3,1,14.0,1.0,2.0,3.0,81.0,0-6 Months,Medium (10-20km),0-3 Days
54667,0,11.0,Mobile Phone,1,10.0,UPI,Male,3.0,4,Fashion,3,Married,3,0,16.0,8.0,8.0,3.0,219.34,6-12 Months,Near (<10km),0-3 Days
54668,0,3.0,Mobile Phone,3,10.0,Credit Card,Female,4.0,4,Laptop & Accessory,3,Married,3,0,15.0,1.0,2.0,3.0,180.61,0-6 Months,Near (<10km),0-3 Days
54669,0,9.0,Mobile Phone,1,13.0,Debit Card,Male,3.0,6,Laptop & Accessory,1,Single,3,0,14.0,1.0,12.0,9.0,191.46,6-12 Months,Medium (10-20km),8-15 Days
54670,0,7.0,Computer,1,13.0,Debit Card,Male,2.0,4,Laptop & Accessory,1,Married,5,0,24.0,4.0,5.0,8.0,202.25,6-12 Months,Medium (10-20km),8-15 Days
54671,0,28.0,Mobile Phone,2,26.0,Credit Card,Male,3.0,4,Fashion,4,Married,4,0,16.0,3.0,2.0,2.0,232.25,2+ Years,Far (>20km),0-3 Days
54672,0,10.0,Mobile Phone,1,16.0,Credit Card,Male,3.0,5,Laptop & Accessory,4,Married,4,1,12.0,1.0,2.0,3.0,213.47,6-12 Months,Medium (10-20km),0-3 Days
54673,0,1.0,Mobile Phone,1,10.0,Credit Card,Male,3.0,5,Mobile Phone,1,Single,2,0,14.0,2.0,2.0,2.0,145.45,0-6 Months,Near (<10km),0-3 Days
54674,1,1.0,Mobile Phone,1,17.0,Credit Card,Male,3.0,4,Mobile Phone,3,Single,3,1,12.0,2.0,2.0,2.0,135.09,0-6 Months,Medium (10-20km),0-3 Days
54675,1,1.0,Computer,1,10.0,Debit Card,Male,4.0,4,Mobile Phone,5,Single,3,1,12.0,6.0,10.0,8.0,158.48,0-6 Months,Near (<10km),8-15 Days
54676,0,9.0,Computer,1,10.0,Debit Card,Male,3.0,5,Mobile Phone,3,Married,3,0,19.0,2.0,2.0,1.0,137.81,6-12 Months,Near (<10km),0-3 Days
54677,0,1.0,Mobile Phone,1,11.0,Credit Card,Male,3.0,2,Mobile Phone,5,Married,4,0,17.0,1.0,2.0,3.0,153.19,0-6 Months,Medium (10-20km),0-3 Days
54678,0,1.0,Mobile Phone,3,15.0,Debit Card,Male,3.0,2,Laptop & Accessory,4,Married,2,0,23.0,2.0,2.0,3.0,173.51,0-6 Months,Medium (10-20km),0-3 Days
54679,0,12.0,Mobile Phone,3,14.0,E Wallet,Female,3.0,5,Laptop & Accessory,1,Single,2,0,21.0,2.0,2.0,6.0,165.28,6-12 Months,Medium (10-20km),4-7 Days
54680,0,3.0,Computer,1,7.0,Debit Card,Male,4.0,6,Mobile Phone,1,Married,3,0,19.0,1.0,3.0,9.0,152.2,0-6 Months,Near (<10km),8-15 Days
54681,0,22.0,Mobile Phone,3,9.0,E Wallet,Male,3.0,2,Laptop & Accessory,4,Married,5,0,13.0,1.0,3.0,3.0,206.2,1-2 Years,Near (<10km),0-3 Days
54682,0,1.0,Computer,3,10.0,Credit Card,Female,4.0,2,Laptop & Accessory,1,Married,3,1,21.0,2.0,2.0,5.0,171.47,0-6 Months,Near (<10km),4-7 Days
54683,0,11.0,Mobile Phone,1,17.0,Debit Card,Male,4.0,2,Mobile Phone,1,Single,5,0,18.0,2.0,2.0,1.0,171.8,6-12 Months,Medium (10-20km),0-3 Days
54684,0,24.0,Mobile Phone,1,35.0,Credit Card,Male,4.0,2,Mobile Phone,3,Married,3,1,12.0,1.0,4.0,9.0,157.21,1-2 Years,Far (>20km),8-15 Days
54685,0,8.0,Mobile Phone,1,16.0,Credit Card,Female,3.0,5,Fashion,4,Single,3,0,15.0,5.0,8.0,3.0,211.21,6-12 Months,Medium (10-20km),0-3 Days
54686,1,1.0,Mobile Phone,3,10.0,Debit Card,Female,4.0,4,Laptop & Accessory,3,Single,11,0,15.0,2.0,3.0,1.0,170.77,0-6 Months,Near (<10km),0-3 Days
54687,0,13.0,Mobile Phone,1,9.0,Cash on Delivery,Female,4.0,5,Laptop & Accessory,3,Single,3,0,12.0,2.0,12.0,11.0,170.53,1-2 Years,Near (<10km),8-15 Days
54688,0,6.0,Mobile Phone,3,17.0,E Wallet,Male,3.0,4,Laptop & Accessory,1,Single,3,0,13.0,2.0,2.0,9.0,178.96,0-6 Months,Medium (10-20km),8-15 Days
54689,1,14.0,Computer,3,15.0,Cash on Delivery,Male,3.0,4,Laptop & Accessory,3,Married,5,1,15.0,1.0,2.0,4.0,192.96,1-2 Years,Medium (10-20km),4-7 Days
54690,0,12.0,Mobile Phone,1,7.0,Debit Card,Female,3.0,2,Laptop & Accessory,1,Single,2,0,14.0,1.0,2.0,9.0,201.25,6-12 Months,Near (<10km),8-15 Days
54691,0,1.0,Mobile Phone,1,7.0,Debit Card,Female,4.0,4,Fashion,5,Married,3,0,12.0,1.0,2.0,8.0,199.12,0-6 Months,Near (<10km),8-15 Days
54692,0,6.0,Mobile Phone,1,10.0,Debit Card,Female,3.0,4,Fashion,1,Single,5,0,16.0,7.0,2.0,8.0,236.58999999999997,0-6 Months,Near (<10km),8-15 Days
54693,0,21.0,Mobile Phone,3,21.0,E Wallet,Male,3.0,4,Laptop & Accessory,5,Single,4,0,13.0,2.0,2.0,8.0,174.6,1-2 Years,Far (>20km),8-15 Days
54694,0,14.0,Computer,3,12.0,Debit Card,Male,3.0,5,Fashion,5,Married,7,1,22.0,1.0,2.0,3.0,229.75,1-2 Years,Medium (10-20km),0-3 Days
54695,0,27.0,Mobile Phone,1,14.0,Debit Card,Male,3.0,2,Grocery,3,Married,5,0,20.0,1.0,2.0,4.0,273.14,2+ Years,Medium (10-20km),4-7 Days
54696,0,15.0,Mobile Phone,2,17.0,UPI,Male,4.0,5,Others,1,Married,5,0,15.0,4.0,13.0,7.0,316.41,1-2 Years,Medium (10-20km),4-7 Days
54697,0,31.0,Mobile Phone,3,23.0,E Wallet,Male,3.0,4,Laptop & Accessory,5,Single,10,0,15.0,3.0,3.0,3.0,179.05,2+ Years,Far (>20km),0-3 Days
54698,0,1.0,Computer,1,17.0,Debit Card,Male,3.0,4,Fashion,5,Married,3,0,22.0,1.0,2.0,3.0,212.93,0-6 Months,Medium (10-20km),0-3 Days
54699,0,15.0,Mobile Phone,2,7.0,UPI,Male,3.0,5,Others,3,Married,3,0,15.0,2.0,3.0,11.0,316.89,1-2 Years,Near (<10km),8-15 Days
54700,0,24.0,Mobile Phone,3,15.0,E Wallet,Male,3.0,4,Mobile Phone,4,Married,9,0,16.0,1.0,3.0,3.0,163.75,1-2 Years,Medium (10-20km),0-3 Days
54701,1,1.0,Mobile Phone,1,7.0,Debit Card,Female,4.0,6,Mobile Phone,4,Single,9,1,14.0,2.0,4.0,8.0,147.16,0-6 Months,Near (<10km),8-15 Days
54702,0,10.0,Computer,1,15.0,Debit Card,Female,4.0,2,Fashion,5,Married,11,0,15.0,1.0,2.0,6.0,242.13,6-12 Months,Medium (10-20km),4-7 Days
54703,0,12.0,Mobile Phone,1,7.0,Debit Card,Female,3.0,4,Fashion,3,Single,6,1,15.0,1.0,2.0,1.0,203.61,6-12 Months,Near (<10km),0-3 Days
54704,0,18.0,Computer,1,31.0,Credit Card,Male,3.0,6,Mobile Phone,3,Single,4,0,15.0,1.0,2.0,5.0,162.08,1-2 Years,Far (>20km),4-7 Days
54705,0,21.0,Computer,3,10.0,Credit Card,Female,3.0,4,Grocery,3,Married,11,1,13.0,1.0,12.0,14.0,262.7,1-2 Years,Near (<10km),8-15 Days
54706,0,4.0,Mobile Phone,3,34.0,E Wallet,Male,4.0,4,Laptop & Accessory,1,Married,9,0,24.0,3.0,8.0,8.0,178.04,0-6 Months,Far (>20km),8-15 Days
54707,0,3.0,Mobile Phone,3,17.0,Debit Card,Male,4.0,4,Mobile Phone,3,Single,3,0,12.0,2.0,2.0,1.0,151.42,0-6 Months,Medium (10-20km),0-3 Days
54708,1,6.0,Computer,1,26.0,Credit Card,Male,3.0,2,Mobile Phone,3,Married,8,1,13.0,1.0,3.0,3.0,152.59,0-6 Months,Far (>20km),0-3 Days
54709,0,17.0,Computer,3,22.0,Debit Card,Male,3.0,5,Laptop & Accessory,1,Married,5,0,19.0,2.0,3.0,3.0,193.04,1-2 Years,Far (>20km),0-3 Days
54710,0,8.0,Mobile Phone,1,15.0,Credit Card,Female,4.0,4,Laptop & Accessory,3,Single,5,0,12.0,1.0,5.0,4.0,186.42,6-12 Months,Medium (10-20km),4-7 Days
54711,0,1.0,Mobile Phone,1,16.0,Credit Card,Male,3.0,4,Mobile Phone,5,Married,3,0,15.0,2.0,2.0,3.0,150.0,0-6 Months,Medium (10-20km),0-3 Days
54712,0,13.0,Mobile Phone,2,10.0,UPI,Female,3.0,2,Laptop & Accessory,4,Married,11,0,16.0,1.0,4.0,7.0,188.89,1-2 Years,Near (<10km),4-7 Days
54713,0,30.0,Mobile Phone,1,16.0,Credit Card,Male,3.0,4,Grocery,1,Married,9,0,12.0,1.0,2.0,2.0,236.02999999999997,2+ Years,Medium (10-20km),0-3 Days
54714,0,14.0,Mobile Phone,1,9.0,Credit Card,Female,3.0,5,Mobile Phone,1,Single,2,1,21.0,1.0,3.0,4.0,148.42,1-2 Years,Near (<10km),4-7 Days
54715,0,1.0,Mobile Phone,1,14.0,Credit Card,Female,3.0,5,Laptop & Accessory,5,Single,10,0,20.0,2.0,2.0,8.0,193.11,0-6 Months,Medium (10-20km),8-15 Days
54716,0,3.0,Mobile Phone,3,17.0,E Wallet,Male,3.0,4,Mobile Phone,4,Married,3,0,15.0,3.0,3.0,3.0,147.97,0-6 Months,Medium (10-20km),0-3 Days
54717,0,27.0,Mobile Phone,1,13.0,Debit Card,Male,3.0,4,Laptop & Accessory,1,Single,4,0,18.0,3.0,3.0,3.0,149.5,2+ Years,Medium (10-20km),0-3 Days
54718,0,9.0,Computer,1,9.0,Debit Card,Female,4.0,4,Laptop & Accessory,5,Married,4,0,12.0,2.0,2.0,1.0,175.93,6-12 Months,Near (<10km),0-3 Days
54719,0,6.0,Computer,1,31.0,Debit Card,Male,4.0,4,Laptop & Accessory,1,Married,3,0,16.0,2.0,5.0,8.0,178.09,0-6 Months,Far (>20km),8-15 Days
54720,0,12.0,Mobile Phone,1,9.0,Credit Card,Male,4.0,4,Mobile Phone,3,Married,8,1,14.0,1.0,2.0,2.0,155.57,6-12 Months,Near (<10km),0-3 Days
54721,0,8.0,Mobile Phone,1,15.0,Debit Card,Female,3.0,4,Laptop & Accessory,5,Married,5,0,15.0,2.0,2.0,1.0,176.21,6-12 Months,Medium (10-20km),0-3 Days
54722,0,26.0,Mobile Phone,3,10.0,E Wallet,Male,3.0,5,Grocery,5,Married,3,0,15.0,2.0,2.0,17.0,293.56,2+ Years,Near (<10km),15+ Days
54723,1,1.0,Mobile Phone,1,7.0,UPI,Male,4.0,4,Mobile Phone,1,Single,3,1,14.0,7.0,8.0,9.0,151.86,0-6 Months,Near (<10km),8-15 Days
54724,0,1.0,Mobile Phone,3,33.0,Credit Card,Female,3.0,4,Laptop & Accessory,1,Single,3,0,24.0,1.0,2.0,5.0,186.8,0-6 Months,Far (>20km),4-7 Days
54725,0,19.0,Mobile Phone,3,9.0,Cash on Delivery,Male,3.0,6,Laptop & Accessory,3,Single,2,0,14.0,2.0,4.0,2.0,191.32,1-2 Years,Near (<10km),0-3 Days
54726,0,1.0,Mobile Phone,1,17.0,Credit Card,Male,4.0,2,Mobile Phone,3,Single,3,0,19.0,1.0,2.0,3.0,160.05,0-6 Months,Medium (10-20km),0-3 Days
54727,1,11.0,Computer,3,34.0,Debit Card,Female,4.0,2,Laptop & Accessory,3,Single,6,1,13.0,1.0,2.0,4.0,188.97,6-12 Months,Far (>20km),4-7 Days
54728,0,8.0,Mobile Phone,3,9.0,UPI,Male,3.0,4,Laptop & Accessory,1,Single,3,0,23.0,1.0,2.0,5.0,187.74,6-12 Months,Near (<10km),4-7 Days
54729,1,19.0,Mobile Phone,1,9.0,Credit Card,Male,4.0,4,Others,5,Married,7,1,14.0,2.0,2.0,5.0,323.59,1-2 Years,Near (<10km),4-7 Days
54730,0,10.0,Computer,3,15.0,Debit Card,Male,4.0,5,Fashion,5,Single,3,0,16.0,1.0,2.0,10.0,200.87,6-12 Months,Medium (10-20km),8-15 Days
54731,0,26.0,Computer,1,26.0,Credit Card,Male,3.0,4,Mobile Phone,1,Married,2,0,19.0,2.0,2.0,3.0,167.58,2+ Years,Far (>20km),0-3 Days
54732,0,1.0,Computer,1,7.0,Debit Card,Female,4.0,6,Mobile Phone,1,Married,5,0,15.0,3.0,3.0,1.0,168.64,0-6 Months,Near (<10km),0-3 Days
54733,0,3.0,Mobile Phone,1,34.0,Credit Card,Female,4.0,4,Laptop & Accessory,3,Married,6,0,13.0,1.0,2.0,2.0,168.35,0-6 Months,Far (>20km),0-3 Days
54734,1,1.0,Mobile Phone,3,15.0,Cash on Delivery,Male,3.0,5,Laptop & Accessory,5,Single,8,0,18.0,1.0,2.0,3.0,178.26,0-6 Months,Medium (10-20km),0-3 Days
54735,0,8.0,Mobile Phone,1,7.0,Debit Card,Female,4.0,2,Mobile Phone,1,Single,4,0,17.0,2.0,2.0,4.0,157.8,6-12 Months,Near (<10km),4-7 Days
54736,0,28.0,Mobile Phone,1,26.0,Credit Card,Female,4.0,4,Laptop & Accessory,5,Married,11,1,12.0,1.0,2.0,5.0,179.85,2+ Years,Far (>20km),4-7 Days
54737,0,1.0,Computer,3,15.0,E Wallet,Male,3.0,4,Laptop & Accessory,1,Married,2,0,20.0,2.0,2.0,2.0,168.42,0-6 Months,Medium (10-20km),0-3 Days
54738,0,11.0,Mobile Phone,1,17.0,Debit Card,Female,3.0,4,Mobile Phone,5,Married,2,1,14.0,5.0,5.0,4.0,152.82,6-12 Months,Medium (10-20km),4-7 Days
54739,0,12.0,Computer,1,9.0,Debit Card,Female,4.0,2,Laptop & Accessory,5,Single,8,1,13.0,1.0,5.0,13.0,184.8,6-12 Months,Near (<10km),8-15 Days
54740,0,8.0,Mobile Phone,1,9.0,Credit Card,Female,3.0,5,Mobile Phone,5,Single,3,0,12.0,2.0,2.0,4.0,168.81,6-12 Months,Near (<10km),4-7 Days
54741,0,9.0,Mobile Phone,3,15.0,Debit Card,Female,4.0,4,Mobile Phone,1,Married,3,0,17.0,2.0,2.0,3.0,150.72,6-12 Months,Medium (10-20km),0-3 Days
54742,0,4.0,Mobile Phone,1,7.0,Debit Card,Male,3.0,6,Mobile Phone,3,Married,5,0,22.0,2.0,2.0,3.0,163.33,0-6 Months,Near (<10km),0-3 Days
54743,0,14.0,Computer,1,9.0,Credit Card,Female,3.0,2,Laptop & Accessory,4,Married,3,0,25.0,1.0,4.0,8.0,167.44,1-2 Years,Near (<10km),8-15 Days
54744,0,8.0,Mobile Phone,3,15.0,Debit Card,Female,4.0,4,Laptop & Accessory,5,Married,7,0,18.0,2.0,2.0,3.0,190.0,6-12 Months,Medium (10-20km),0-3 Days
54745,0,16.0,Computer,1,15.0,Debit Card,Male,4.0,4,Others,1,Married,3,0,15.0,6.0,15.0,10.0,309.3,1-2 Years,Medium (10-20km),8-15 Days
54746,1,1.0,Mobile Phone,1,13.0,Debit Card,Male,4.0,2,Mobile Phone,5,Married,3,1,22.0,1.0,2.0,1.0,141.01,0-6 Months,Medium (10-20km),0-3 Days
54747,0,1.0,Computer,1,16.0,Debit Card,Male,3.0,5,Mobile Phone,4,Married,3,0,12.0,1.0,2.0,1.0,151.94,0-6 Months,Medium (10-20km),0-3 Days
54748,0,26.0,Mobile Phone,1,18.0,Debit Card,Female,3.0,4,Laptop & Accessory,3,Married,10,0,21.0,2.0,2.0,5.0,156.49,2+ Years,Medium (10-20km),4-7 Days
54749,0,24.0,Mobile Phone,1,9.0,Credit Card,Male,4.0,4,Grocery,3,Married,7,0,15.0,1.0,2.0,4.0,301.39,1-2 Years,Near (<10km),4-7 Days
54750,1,1.0,Mobile Phone,1,7.0,Debit Card,Female,3.0,5,Mobile Phone,5,Married,3,1,12.0,1.0,2.0,1.0,148.19,0-6 Months,Near (<10km),0-3 Days
54751,0,7.0,Mobile Phone,1,14.0,Credit Card,Male,3.0,4,Fashion,3,Married,2,0,12.0,2.0,2.0,8.0,241.91000000000003,6-12 Months,Medium (10-20km),8-15 Days
54752,1,1.0,Mobile Phone,3,23.0,E Wallet,Female,4.0,4,Laptop & Accessory,5,Single,7,0,16.0,2.0,2.0,3.0,178.24,0-6 Months,Far (>20km),0-3 Days
54753,0,21.0,Mobile Phone,1,9.0,UPI,Female,3.0,4,Grocery,1,Married,3,1,15.0,4.0,4.0,1.0,292.52,1-2 Years,Near (<10km),0-3 Days
54754,0,10.0,Mobile Phone,1,7.0,UPI,Female,3.0,4,Laptop & Accessory,4,Married,2,0,16.0,2.0,2.0,6.0,177.28,6-12 Months,Near (<10km),4-7 Days
54755,0,3.0,Mobile Phone,1,30.0,Debit Card,Male,3.0,2,Mobile Phone,3,Married,3,0,25.0,2.0,2.0,8.0,152.0,0-6 Months,Far (>20km),8-15 Days
54756,1,21.0,Mobile Phone,1,9.0,Debit Card,Male,3.0,4,Others,4,Single,9,1,15.0,8.0,14.0,9.0,317.46,1-2 Years,Near (<10km),8-15 Days
54757,0,9.0,Mobile Phone,1,7.0,Debit Card,Female,3.0,2,Mobile Phone,3,Single,5,0,14.0,3.0,3.0,3.0,150.06,6-12 Months,Near (<10km),0-3 Days
54758,0,16.0,Mobile Phone,1,7.0,Debit Card,Female,3.0,5,Laptop & Accessory,1,Married,11,1,14.0,1.0,2.0,3.0,185.62,1-2 Years,Near (<10km),0-3 Days
54759,1,1.0,Mobile Phone,1,9.0,Credit Card,Male,3.0,4,Mobile Phone,3,Single,8,0,18.0,3.0,3.0,2.0,168.82,0-6 Months,Near (<10km),0-3 Days
54760,0,10.0,Mobile Phone,2,20.0,UPI,Male,3.0,4,Mobile Phone,4,Married,6,0,14.0,2.0,2.0,5.0,146.43,6-12 Months,Medium (10-20km),4-7 Days
54761,0,6.0,Mobile Phone,1,11.0,Debit Card,Female,4.0,5,Laptop & Accessory,3,Married,3,0,13.0,6.0,7.0,9.0,186.62,0-6 Months,Medium (10-20km),8-15 Days
54762,0,14.0,Computer,1,23.0,Credit Card,Male,3.0,5,Laptop & Accessory,3,Single,8,0,15.0,1.0,2.0,1.0,175.94,1-2 Years,Far (>20km),0-3 Days
54763,0,4.0,Mobile Phone,1,9.0,Credit Card,Female,3.0,5,Laptop & Accessory,1,Single,7,1,25.0,2.0,2.0,1.0,193.77,0-6 Months,Near (<10km),0-3 Days
54764,0,19.0,Mobile Phone,1,9.0,Debit Card,Female,4.0,5,Mobile Phone,3,Single,3,0,15.0,2.0,2.0,1.0,147.74,1-2 Years,Near (<10km),0-3 Days
54765,0,16.0,Mobile Phone,1,36.0,Debit Card,Male,4.0,4,Laptop & Accessory,4,Married,3,0,14.0,6.0,8.0,9.0,169.34,1-2 Years,Far (>20km),8-15 Days
54766,0,12.0,Computer,1,19.0,Debit Card,Male,1.0,5,Laptop & Accessory,5,Married,4,0,16.0,2.0,2.0,3.0,187.88,6-12 Months,Medium (10-20km),0-3 Days
54767,0,8.0,Computer,1,23.0,Debit Card,Female,4.0,5,Mobile Phone,1,Single,3,0,17.0,2.0,2.0,4.0,150.53,6-12 Months,Far (>20km),4-7 Days
54768,1,13.0,Mobile Phone,3,18.0,E Wallet,Female,3.0,4,Fashion,1,Married,3,0,19.0,1.0,8.0,8.0,201.54,1-2 Years,Medium (10-20km),8-15 Days
54769,1,19.0,Mobile Phone,3,9.0,Credit Card,Male,3.0,4,Laptop & Accessory,1,Single,6,0,17.0,2.0,8.0,4.0,176.6,1-2 Years,Near (<10km),4-7 Days
54770,0,17.0,Mobile Phone,1,21.0,Debit Card,Male,4.0,4,Grocery,5,Married,8,0,15.0,2.0,2.0,1.0,296.59,1-2 Years,Far (>20km),0-3 Days
54771,0,1.0,Mobile Phone,1,12.0,Cash on Delivery,Male,3.0,5,Fashion,1,Married,3,1,17.0,2.0,2.0,9.0,253.07999999999998,0-6 Months,Medium (10-20km),8-15 Days
54772,0,9.0,Mobile Phone,1,14.0,UPI,Male,3.0,4,Fashion,3,Single,5,0,22.0,1.0,2.0,3.0,227.21,6-12 Months,Medium (10-20km),0-3 Days
54773,0,2.0,Mobile Phone,3,9.0,E Wallet,Female,3.0,4,Laptop & Accessory,4,Married,3,1,21.0,7.0,8.0,6.0,172.79,0-6 Months,Near (<10km),4-7 Days
54774,0,8.0,Mobile Phone,2,10.0,UPI,Male,3.0,4,Mobile Phone,1,Married,2,0,20.0,2.0,2.0,3.0,162.37,6-12 Months,Near (<10km),0-3 Days
54775,1,1.0,Computer,1,12.0,Credit Card,Female,3.0,5,Mobile Phone,3,Married,3,1,15.0,1.0,2.0,8.0,148.66,0-6 Months,Medium (10-20km),8-15 Days
54776,0,1.0,Computer,1,10.0,Credit Card,Male,3.0,4,Mobile Phone,1,Married,3,0,12.0,1.0,2.0,1.0,142.06,0-6 Months,Near (<10km),0-3 Days
54777,0,25.0,Mobile Phone,3,33.0,E Wallet,Female,4.0,4,Grocery,3,Married,4,0,15.0,1.0,5.0,18.0,288.07,2+ Years,Far (>20km),15+ Days
54778,0,18.0,Mobile Phone,1,11.0,Credit Card,Male,3.0,4,Laptop & Accessory,4,Single,11,0,13.0,2.0,3.0,4.0,184.33,1-2 Years,Medium (10-20km),4-7 Days
54779,0,1.0,Mobile Phone,1,9.0,Credit Card,Male,4.0,2,Mobile Phone,5,Single,9,0,14.0,1.0,2.0,2.0,159.24,0-6 Months,Near (<10km),0-3 Days
54780,0,7.0,Mobile Phone,3,7.0,Credit Card,Male,3.0,2,Laptop & Accessory,5,Married,3,0,23.0,1.0,2.0,9.0,165.37,6-12 Months,Near (<10km),8-15 Days
54781,0,9.0,Mobile Phone,1,34.0,Credit Card,Female,3.0,5,Mobile Phone,5,Single,3,0,12.0,1.0,2.0,2.0,150.59,6-12 Months,Far (>20km),0-3 Days
54782,0,10.0,Mobile Phone,3,7.0,Debit Card,Male,3.0,4,Laptop & Accessory,1,Married,3,1,15.0,4.0,5.0,12.0,187.01,6-12 Months,Near (<10km),8-15 Days
54783,0,6.0,Mobile Phone,3,20.0,Debit Card,Male,4.0,4,Laptop & Accessory,1,Married,4,0,12.0,1.0,2.0,4.0,169.03,0-6 Months,Medium (10-20km),4-7 Days
54784,0,4.0,Computer,1,12.0,Debit Card,Male,4.0,5,Mobile Phone,1,Married,11,0,13.0,1.0,2.0,4.0,162.61,0-6 Months,Medium (10-20km),4-7 Days
54785,0,27.0,Mobile Phone,3,14.0,E Wallet,Female,4.0,5,Fashion,1,Married,9,1,19.0,1.0,2.0,5.0,234.33999999999997,2+ Years,Medium (10-20km),4-7 Days
54786,0,19.0,Mobile Phone,3,16.0,E Wallet,Male,4.0,4,Fashion,5,Married,6,1,13.0,1.0,2.0,3.0,232.61,1-2 Years,Medium (10-20km),0-3 Days
54787,0,6.0,Mobile Phone,1,15.0,Credit Card,Female,4.0,2,Laptop & Accessory,3,Married,7,0,13.0,2.0,2.0,4.0,176.75,0-6 Months,Medium (10-20km),4-7 Days
54788,0,26.0,Computer,1,32.0,Credit Card,Female,3.0,5,Grocery,1,Married,5,0,23.0,1.0,2.0,1.0,263.26,2+ Years,Far (>20km),0-3 Days
54789,0,11.0,Mobile Phone,3,23.0,E Wallet,Male,4.0,5,Laptop & Accessory,3,Married,6,0,20.0,2.0,2.0,1.0,188.34,6-12 Months,Far (>20km),0-3 Days
54790,0,2.0,Mobile Phone,2,15.0,Credit Card,Male,4.0,5,Mobile Phone,1,Married,3,0,14.0,2.0,2.0,5.0,174.36,0-6 Months,Medium (10-20km),4-7 Days
54791,0,1.0,Mobile Phone,1,7.0,Debit Card,Male,3.0,5,Laptop & Accessory,1,Married,8,0,23.0,3.0,3.0,3.0,172.75,0-6 Months,Near (<10km),0-3 Days
54792,0,18.0,Mobile Phone,1,15.0,Debit Card,Male,4.0,2,Mobile Phone,1,Married,4,1,25.0,2.0,2.0,3.0,153.18,1-2 Years,Medium (10-20km),0-3 Days
54793,0,16.0,Computer,1,9.0,Credit Card,Male,3.0,4,Mobile Phone,1,Single,7,1,15.0,2.0,3.0,3.0,150.15,1-2 Years,Near (<10km),0-3 Days
54794,0,10.0,Mobile Phone,2,15.0,Debit Card,Male,4.0,5,Mobile Phone,5,Married,2,0,22.0,1.0,2.0,4.0,148.42,6-12 Months,Medium (10-20km),4-7 Days
54795,0,1.0,Mobile Phone,3,10.0,UPI,Male,4.0,4,Laptop & Accessory,5,Married,3,1,19.0,1.0,2.0,4.0,166.94,0-6 Months,Near (<10km),4-7 Days
54796,0,9.0,Mobile Phone,1,16.0,Debit Card,Female,4.0,5,Fashion,3,Married,3,1,21.0,4.0,2.0,16.0,231.85000000000002,6-12 Months,Medium (10-20km),15+ Days
54797,1,1.0,Computer,1,32.0,Debit Card,Female,4.0,4,Mobile Phone,4,Married,3,1,20.0,7.0,8.0,9.0,145.22,0-6 Months,Far (>20km),8-15 Days
54798,0,6.0,Computer,1,7.0,Debit Card,Male,4.0,4,Mobile Phone,1,Married,2,0,13.0,2.0,2.0,3.0,148.14,0-6 Months,Near (<10km),0-3 Days
54799,0,1.0,Mobile Phone,3,11.0,E Wallet,Male,3.0,5,Laptop & Accessory,5,Married,3,0,13.0,2.0,2.0,4.0,167.56,0-6 Months,Medium (10-20km),4-7 Days
54800,0,23.0,Mobile Phone,1,7.0,Cash on Delivery,Female,3.0,4,Mobile Phone,5,Married,4,0,17.0,1.0,2.0,3.0,160.8,1-2 Years,Near (<10km),0-3 Days
54801,0,1.0,Computer,1,11.0,Debit Card,Male,3.0,5,Mobile Phone,1,Married,2,0,18.0,1.0,4.0,5.0,156.62,0-6 Months,Medium (10-20km),4-7 Days
54802,0,6.0,Computer,3,12.0,Debit Card,Male,3.0,4,Laptop & Accessory,4,Married,3,0,15.0,3.0,6.0,4.0,190.24,0-6 Months,Medium (10-20km),4-7 Days
54803,0,12.0,Mobile Phone,3,16.0,E Wallet,Male,4.0,5,Mobile Phone,4,Married,2,0,20.0,1.0,2.0,3.0,153.99,6-12 Months,Medium (10-20km),0-3 Days
54804,0,16.0,Mobile Phone,1,10.0,Debit Card,Female,4.0,2,Laptop & Accessory,1,Married,4,1,14.0,2.0,2.0,4.0,177.31,1-2 Years,Near (<10km),4-7 Days
54805,0,5.0,Mobile Phone,1,18.0,Debit Card,Male,3.0,4,Mobile Phone,1,Married,5,1,20.0,1.0,2.0,3.0,148.56,0-6 Months,Medium (10-20km),0-3 Days
54806,1,1.0,Mobile Phone,3,7.0,Credit Card,Female,3.0,5,Mobile Phone,3,Married,8,1,20.0,2.0,2.0,3.0,153.0,0-6 Months,Near (<10km),0-3 Days
54807,0,27.0,Mobile Phone,3,15.0,E Wallet,Male,4.0,4,Grocery,1,Married,7,0,15.0,3.0,2.0,3.0,243.36,2+ Years,Medium (10-20km),0-3 Days
54808,0,9.0,Mobile Phone,1,32.0,Cash on Delivery,Male,4.0,5,Fashion,4,Married,5,0,17.0,3.0,2.0,9.0,234.02999999999997,6-12 Months,Far (>20km),8-15 Days
54809,0,11.0,Computer,3,28.0,Credit Card,Female,3.0,4,Mobile Phone,1,Married,7,0,16.0,2.0,2.0,1.0,154.73,6-12 Months,Far (>20km),0-3 Days
54810,0,27.0,Mobile Phone,1,30.0,Debit Card,Female,4.0,4,Grocery,1,Single,8,0,19.0,1.0,4.0,9.0,267.75,2+ Years,Far (>20km),8-15 Days
54811,0,17.0,Computer,1,7.0,Debit Card,Female,3.0,4,Laptop & Accessory,1,Married,6,0,14.0,2.0,3.0,3.0,180.62,1-2 Years,Near (<10km),0-3 Days
54812,0,21.0,Mobile Phone,3,9.0,E Wallet,Female,3.0,4,Laptop & Accessory,1,Married,2,1,23.0,4.0,8.0,8.0,170.37,1-2 Years,Near (<10km),8-15 Days
54813,0,11.0,Computer,3,26.0,Credit Card,Male,3.0,4,Fashion,4,Single,3,1,14.0,1.0,2.0,10.0,201.42,6-12 Months,Far (>20km),8-15 Days
54814,0,24.0,Computer,1,9.0,Debit Card,Male,4.0,4,Grocery,5,Married,3,0,15.0,14.0,15.0,8.0,304.24,1-2 Years,Near (<10km),8-15 Days
54815,0,13.0,Mobile Phone,2,9.0,Debit Card,Female,3.0,5,Laptop & Accessory,1,Married,10,0,12.0,2.0,2.0,5.0,177.04,1-2 Years,Near (<10km),4-7 Days
54816,0,7.0,Mobile Phone,2,10.0,UPI,Male,3.0,4,Mobile Phone,4,Married,5,1,12.0,1.0,2.0,4.0,147.77,6-12 Months,Near (<10km),4-7 Days
54817,1,1.0,Mobile Phone,1,32.0,Debit Card,Male,3.0,4,Mobile Phone,1,Single,3,1,25.0,1.0,2.0,2.0,152.95,0-6 Months,Far (>20km),0-3 Days
54818,0,3.0,Mobile Phone,1,14.0,Credit Card,Female,4.0,5,Mobile Phone,1,Married,8,0,15.0,2.0,2.0,4.0,150.32,0-6 Months,Medium (10-20km),4-7 Days
54819,0,18.0,Mobile Phone,1,16.0,Debit Card,Male,4.0,4,Mobile Phone,5,Married,3,1,14.0,6.0,8.0,2.0,150.59,1-2 Years,Medium (10-20km),0-3 Days
54820,0,2.0,Mobile Phone,3,12.0,Credit Card,Male,4.0,4,Laptop & Accessory,1,Single,3,0,15.0,1.0,2.0,3.0,174.08,0-6 Months,Medium (10-20km),0-3 Days
54821,1,21.0,Computer,1,9.0,Debit Card,Male,3.0,5,Mobile Phone,1,Married,11,1,15.0,2.0,2.0,1.0,148.8,1-2 Years,Near (<10km),0-3 Days
54822,0,17.0,Mobile Phone,1,15.0,Debit Card,Female,3.0,4,Laptop & Accessory,4,Married,6,0,22.0,2.0,2.0,1.0,172.65,1-2 Years,Medium (10-20km),0-3 Days
54823,1,1.0,Mobile Phone,3,9.0,Credit Card,Female,3.0,5,Mobile Phone,3,Single,3,0,14.0,2.0,2.0,3.0,145.44,0-6 Months,Near (<10km),0-3 Days
54824,1,1.0,Mobile Phone,1,25.0,UPI,Female,4.0,4,Mobile Phone,1,Single,3,0,20.0,2.0,2.0,1.0,151.93,0-6 Months,Far (>20km),0-3 Days
54825,0,10.0,Mobile Phone,1,21.0,Debit Card,Male,4.0,4,Laptop & Accessory,1,Married,2,1,18.0,3.0,5.0,12.0,190.86,6-12 Months,Far (>20km),8-15 Days
54826,0,21.0,Mobile Phone,3,9.0,Debit Card,Female,4.0,5,Mobile Phone,1,Single,3,1,19.0,1.0,2.0,3.0,157.94,1-2 Years,Near (<10km),0-3 Days
54827,1,1.0,Mobile Phone,1,10.0,Debit Card,Female,3.0,4,Laptop & Accessory,3,Married,2,1,20.0,2.0,2.0,3.0,166.71,0-6 Months,Near (<10km),0-3 Days
54828,1,5.0,Mobile Phone,1,9.0,Debit Card,Female,3.0,6,Mobile Phone,1,Married,6,1,14.0,1.0,2.0,1.0,152.78,0-6 Months,Near (<10km),0-3 Days
54829,0,2.0,Mobile Phone,1,16.0,Credit Card,Female,4.0,4,Mobile Phone,3,Married,7,0,19.0,1.0,3.0,3.0,148.77,0-6 Months,Medium (10-20km),0-3 Days
54830,1,3.0,Mobile Phone,1,13.0,Credit Card,Male,4.0,4,Mobile Phone,5,Married,9,1,22.0,2.0,3.0,3.0,149.04,0-6 Months,Medium (10-20km),0-3 Days
54831,0,1.0,Mobile Phone,1,11.0,Debit Card,Female,4.0,4,Mobile Phone,3,Single,3,0,20.0,1.0,2.0,1.0,148.18,0-6 Months,Medium (10-20km),0-3 Days
54832,0,8.0,Mobile Phone,1,17.0,Debit Card,Male,3.0,4,Mobile Phone,4,Married,3,0,15.0,2.0,2.0,1.0,145.08,6-12 Months,Medium (10-20km),0-3 Days
54833,0,16.0,Mobile Phone,3,21.0,Credit Card,Female,4.0,5,Laptop & Accessory,3,Single,9,0,18.0,2.0,2.0,4.0,187.44,1-2 Years,Far (>20km),4-7 Days
54834,0,7.0,Mobile Phone,1,7.0,UPI,Male,4.0,5,Mobile Phone,5,Single,5,1,12.0,2.0,2.0,3.0,152.99,6-12 Months,Near (<10km),0-3 Days
54835,0,31.0,Mobile Phone,1,12.0,Cash on Delivery,Female,3.0,5,Fashion,4,Married,4,1,14.0,2.0,2.0,3.0,230.52,2+ Years,Medium (10-20km),0-3 Days
54836,0,5.0,Mobile Phone,3,14.0,Debit Card,Male,3.0,5,Mobile Phone,3,Married,5,0,16.0,3.0,6.0,3.0,148.29,0-6 Months,Medium (10-20km),0-3 Days
54837,0,9.0,Mobile Phone,1,28.0,Debit Card,Female,3.0,4,Laptop & Accessory,1,Married,3,1,26.0,1.0,2.0,8.0,165.14,6-12 Months,Far (>20km),8-15 Days
54838,0,23.0,Mobile Phone,1,15.0,UPI,Female,3.0,4,Fashion,4,Married,6,0,12.0,1.0,2.0,8.0,199.03,1-2 Years,Medium (10-20km),8-15 Days
54839,0,22.0,Mobile Phone,1,27.0,Credit Card,Male,3.0,4,Mobile Phone,3,Married,6,0,18.0,2.0,2.0,1.0,147.59,1-2 Years,Far (>20km),0-3 Days
54840,0,5.0,Computer,3,27.0,E Wallet,Female,3.0,4,Laptop & Accessory,3,Married,3,0,14.0,2.0,2.0,1.0,194.32,0-6 Months,Far (>20km),0-3 Days
54841,0,10.0,Mobile Phone,1,14.0,UPI,Male,4.0,4,Mobile Phone,1,Single,4,0,19.0,2.0,2.0,2.0,171.78,6-12 Months,Medium (10-20km),0-3 Days
54842,0,12.0,Mobile Phone,1,7.0,Cash on Delivery,Female,4.0,4,Fashion,5,Married,3,0,14.0,5.0,6.0,12.0,260.82,6-12 Months,Near (<10km),8-15 Days
54843,0,6.0,Computer,1,7.0,Debit Card,Female,4.0,5,Mobile Phone,4,Married,8,0,21.0,1.0,2.0,3.0,148.32,0-6 Months,Near (<10km),0-3 Days
54844,1,1.0,Mobile Phone,3,26.0,E Wallet,Male,3.0,5,Mobile Phone,4,Married,3,1,19.0,1.0,2.0,1.0,149.13,0-6 Months,Far (>20km),0-3 Days
54845,0,14.0,Mobile Phone,3,17.0,E Wallet,Male,4.0,5,Fashion,4,Married,4,0,13.0,1.0,2.0,3.0,222.05,1-2 Years,Medium (10-20km),0-3 Days
54846,0,1.0,Computer,3,7.0,Credit Card,Male,3.0,5,Laptop & Accessory,5,Single,3,0,13.0,1.0,2.0,8.0,167.94,0-6 Months,Near (<10km),8-15 Days
54847,0,15.0,Mobile Phone,1,13.0,Credit Card,Male,3.0,4,Mobile Phone,5,Single,4,1,14.0,2.0,3.0,18.0,172.21,1-2 Years,Medium (10-20km),15+ Days
54848,0,10.0,Mobile Phone,1,9.0,Credit Card,Male,4.0,4,Mobile Phone,3,Single,6,0,22.0,2.0,4.0,10.0,150.19,6-12 Months,Near (<10km),8-15 Days
54849,1,1.0,Mobile Phone,3,28.0,UPI,Male,3.0,5,Mobile Phone,4,Single,3,1,14.0,2.0,2.0,1.0,146.21,0-6 Months,Far (>20km),0-3 Days
54850,1,1.0,Mobile Phone,1,11.0,Cash on Delivery,Male,3.0,4,Mobile Phone,5,Single,3,0,20.0,2.0,2.0,1.0,154.73,0-6 Months,Medium (10-20km),0-3 Days
54851,0,5.0,Mobile Phone,1,19.0,Credit Card,Female,3.0,4,Laptop & Accessory,1,Married,2,1,12.0,7.0,9.0,6.0,183.55,0-6 Months,Medium (10-20km),4-7 Days
54852,0,14.0,Computer,1,16.0,Credit Card,Male,3.0,4,Mobile Phone,4,Married,10,1,15.0,1.0,2.0,1.0,161.17,1-2 Years,Medium (10-20km),0-3 Days
54853,0,6.0,Mobile Phone,1,10.0,Credit Card,Female,4.0,4,Laptop & Accessory,5,Married,3,0,13.0,2.0,7.0,4.0,192.25,0-6 Months,Near (<10km),4-7 Days
54854,1,1.0,Mobile Phone,3,10.0,Debit Card,Male,3.0,5,Fashion,1,Married,3,1,12.0,4.0,4.0,3.0,228.25,0-6 Months,Near (<10km),0-3 Days
54855,0,7.0,Mobile Phone,1,7.0,Debit Card,Female,3.0,5,Laptop & Accessory,1,Single,2,0,15.0,2.0,2.0,5.0,194.49,6-12 Months,Near (<10km),4-7 Days
54856,1,1.0,Mobile Phone,3,7.0,Debit Card,Male,3.0,5,Fashion,3,Married,7,0,12.0,6.0,12.0,3.0,231.08999999999997,0-6 Months,Near (<10km),0-3 Days
54857,0,19.0,Computer,1,11.0,Debit Card,Male,3.0,4,Laptop & Accessory,4,Married,3,0,13.0,2.0,2.0,9.0,169.47,1-2 Years,Medium (10-20km),8-15 Days
54858,0,3.0,Computer,3,27.0,Cash on Delivery,Female,3.0,4,Mobile Phone,1,Married,3,0,16.0,1.0,2.0,3.0,146.57,0-6 Months,Far (>20km),0-3 Days
54859,0,9.0,Mobile Phone,3,25.0,Credit Card,Female,3.0,4,Laptop & Accessory,3,Married,3,0,17.0,2.0,2.0,1.0,171.01,6-12 Months,Far (>20km),0-3 Days
54860,0,26.0,Mobile Phone,1,7.0,Debit Card,Male,4.0,4,Grocery,1,Married,4,0,15.0,4.0,8.0,9.0,295.99,2+ Years,Near (<10km),8-15 Days
54861,1,21.0,Mobile Phone,1,9.0,Cash on Delivery,Male,3.0,4,Mobile Phone,3,Single,6,0,25.0,1.0,2.0,1.0,149.79,1-2 Years,Near (<10km),0-3 Days
54862,0,27.0,Mobile Phone,3,9.0,Credit Card,Male,3.0,4,Grocery,3,Married,8,0,14.0,1.0,16.0,3.0,273.52,2+ Years,Near (<10km),0-3 Days
54863,0,4.0,Mobile Phone,3,15.0,UPI,Male,4.0,4,Fashion,3,Married,7,0,12.0,3.0,8.0,8.0,197.64,0-6 Months,Medium (10-20km),8-15 Days
54864,0,12.0,Computer,3,17.0,Cash on Delivery,Female,3.0,4,Laptop & Accessory,1,Single,3,1,14.0,2.0,2.0,4.0,181.66,6-12 Months,Medium (10-20km),4-7 Days
54865,0,9.0,Mobile Phone,3,10.0,Debit Card,Male,4.0,4,Fashion,1,Married,8,0,14.0,1.0,2.0,9.0,203.23,6-12 Months,Near (<10km),8-15 Days
54866,0,13.0,Mobile Phone,3,9.0,Debit Card,Male,3.0,2,Fashion,3,Single,2,0,19.0,1.0,2.0,8.0,203.8,1-2 Years,Near (<10km),8-15 Days
54867,1,4.0,Computer,3,31.0,Debit Card,Female,4.0,2,Grocery,4,Single,6,1,17.0,2.0,2.0,1.0,256.94,0-6 Months,Far (>20km),0-3 Days
54868,0,21.0,Computer,1,23.0,Credit Card,Male,4.0,2,Laptop & Accessory,3,Married,3,1,20.0,2.0,3.0,8.0,175.67,1-2 Years,Far (>20km),8-15 Days
54869,0,10.0,Computer,3,15.0,Cash on Delivery,Male,3.0,4,Laptop & Accessory,1,Married,6,0,14.0,2.0,2.0,8.0,175.79,6-12 Months,Medium (10-20km),8-15 Days
54870,1,1.0,Computer,1,16.0,Credit Card,Male,3.0,5,Mobile Phone,5,Single,2,1,23.0,1.0,2.0,3.0,148.21,0-6 Months,Medium (10-20km),0-3 Days
54871,0,7.0,Computer,3,24.0,Debit Card,Male,3.0,4,Grocery,3,Single,3,0,15.0,6.0,7.0,1.0,299.44,6-12 Months,Far (>20km),0-3 Days
54872,1,1.0,Mobile Phone,1,17.0,Debit Card,Female,4.0,5,Mobile Phone,5,Single,8,1,21.0,2.0,2.0,1.0,149.04,0-6 Months,Medium (10-20km),0-3 Days
54873,0,7.0,Mobile Phone,1,20.0,Debit Card,Female,3.0,4,Mobile Phone,1,Single,5,0,19.0,2.0,2.0,3.0,159.52,6-12 Months,Medium (10-20km),0-3 Days
54874,0,19.0,Mobile Phone,1,7.0,Credit Card,Female,4.0,4,Mobile Phone,1,Married,5,0,15.0,2.0,2.0,3.0,147.7,1-2 Years,Near (<10km),0-3 Days
54875,0,24.0,Mobile Phone,1,7.0,Credit Card,Male,4.0,4,Grocery,1,Married,11,0,15.0,1.0,2.0,4.0,298.99,1-2 Years,Near (<10km),4-7 Days
54876,0,7.0,Computer,1,7.0,UPI,Female,3.0,2,Laptop & Accessory,4,Married,3,1,14.0,2.0,2.0,3.0,179.88,6-12 Months,Near (<10km),0-3 Days
54877,0,15.0,Computer,1,16.0,Credit Card,Male,4.0,4,Others,3,Married,4,0,15.0,1.0,2.0,12.0,319.19,1-2 Years,Medium (10-20km),8-15 Days
54878,0,1.0,Mobile Phone,1,23.0,Cash on Delivery,Female,3.0,4,Mobile Phone,4,Married,11,0,15.0,3.0,3.0,3.0,153.11,0-6 Months,Far (>20km),0-3 Days
54879,0,19.0,Computer,1,30.0,Debit Card,Male,3.0,4,Laptop & Accessory,5,Married,3,1,16.0,2.0,2.0,9.0,161.33,1-2 Years,Far (>20km),8-15 Days
54880,0,21.0,Mobile Phone,3,11.0,Debit Card,Female,3.0,4,Laptop & Accessory,1,Single,3,1,18.0,2.0,2.0,8.0,166.63,1-2 Years,Medium (10-20km),8-15 Days
54881,1,1.0,Mobile Phone,1,29.0,Debit Card,Female,3.0,4,Mobile Phone,3,Married,6,1,12.0,1.0,2.0,2.0,146.32,0-6 Months,Far (>20km),0-3 Days
54882,0,24.0,Mobile Phone,1,31.0,Debit Card,Male,4.0,4,Grocery,3,Married,5,1,19.0,1.0,2.0,6.0,264.73,1-2 Years,Far (>20km),4-7 Days
54883,0,12.0,Computer,1,17.0,Credit Card,Male,4.0,4,Mobile Phone,3,Married,2,0,18.0,1.0,2.0,3.0,151.84,6-12 Months,Medium (10-20km),0-3 Days
54884,0,20.0,Mobile Phone,1,14.0,Credit Card,Male,4.0,4,Fashion,3,Married,8,0,14.0,2.0,2.0,8.0,233.45,1-2 Years,Medium (10-20km),8-15 Days
54885,0,1.0,Mobile Phone,1,24.0,Credit Card,Female,3.0,5,Laptop & Accessory,3,Married,3,0,16.0,1.0,4.0,3.0,168.77,0-6 Months,Far (>20km),0-3 Days
54886,1,1.0,Mobile Phone,1,21.0,UPI,Male,3.0,5,Mobile Phone,4,Married,3,1,25.0,2.0,2.0,3.0,162.43,0-6 Months,Far (>20km),0-3 Days
54887,0,5.0,Computer,1,7.0,Debit Card,Female,4.0,4,Laptop & Accessory,5,Married,3,0,13.0,2.0,2.0,4.0,166.48,0-6 Months,Near (<10km),4-7 Days
54888,0,1.0,Computer,1,12.0,Debit Card,Male,4.0,4,Mobile Phone,1,Single,3,0,16.0,1.0,2.0,1.0,135.51,0-6 Months,Medium (10-20km),0-3 Days
54889,0,28.0,Mobile Phone,1,24.0,Cash on Delivery,Female,3.0,4,Fashion,3,Married,10,0,12.0,1.0,2.0,9.0,232.39,2+ Years,Far (>20km),8-15 Days
54890,0,9.0,Mobile Phone,1,32.0,Credit Card,Female,3.0,4,Fashion,3,Married,3,1,12.0,1.0,11.0,3.0,228.88,6-12 Months,Far (>20km),0-3 Days
54891,0,4.0,Mobile Phone,1,15.0,Debit Card,Female,4.0,2,Fashion,5,Married,2,1,13.0,1.0,2.0,8.0,239.16000000000003,0-6 Months,Medium (10-20km),8-15 Days
54892,1,1.0,Mobile Phone,1,18.0,Credit Card,Female,4.0,5,Mobile Phone,5,Single,3,1,16.0,2.0,2.0,1.0,151.0,0-6 Months,Medium (10-20km),0-3 Days
54893,1,1.0,Computer,1,12.0,Credit Card,Female,3.0,4,Mobile Phone,4,Single,2,0,18.0,1.0,2.0,3.0,149.22,0-6 Months,Medium (10-20km),0-3 Days
54894,0,1.0,Mobile Phone,1,9.0,Credit Card,Male,3.0,2,Laptop & Accessory,1,Married,3,0,13.0,2.0,2.0,4.0,179.72,0-6 Months,Near (<10km),4-7 Days
54895,0,1.0,Mobile Phone,1,15.0,Debit Card,Male,4.0,6,Mobile Phone,5,Married,3,0,16.0,1.0,2.0,2.0,149.51,0-6 Months,Medium (10-20km),0-3 Days
54896,0,22.0,Mobile Phone,1,13.0,Debit Card,Male,4.0,5,Laptop & Accessory,3,Single,4,0,14.0,1.0,3.0,3.0,167.4,1-2 Years,Medium (10-20km),0-3 Days
54897,0,22.0,Mobile Phone,1,11.0,Debit Card,Male,4.0,5,Fashion,3,Single,9,0,15.0,2.0,2.0,9.0,234.99,1-2 Years,Medium (10-20km),8-15 Days
54898,0,15.0,Mobile Phone,1,14.0,Credit Card,Female,3.0,4,Laptop & Accessory,3,Single,8,0,15.0,3.0,3.0,2.0,175.03,1-2 Years,Medium (10-20km),0-3 Days
54899,0,13.0,Mobile Phone,1,7.0,Debit Card,Female,4.0,5,Grocery,1,Married,3,0,17.0,10.0,2.0,9.0,252.42000000000002,1-2 Years,Near (<10km),8-15 Days
54900,0,1.0,Mobile Phone,1,9.0,Debit Card,Female,3.0,4,Laptop & Accessory,1,Married,2,0,19.0,3.0,3.0,3.0,167.27,0-6 Months,Near (<10km),0-3 Days
54901,0,9.0,Mobile Phone,1,17.0,UPI,Male,3.0,4,Mobile Phone,1,Married,3,0,21.0,1.0,2.0,3.0,164.17,6-12 Months,Medium (10-20km),0-3 Days
54902,0,1.0,Mobile Phone,3,12.0,E Wallet,Male,3.0,4,Others,3,Married,8,0,15.0,1.0,2.0,1.0,308.03,0-6 Months,Medium (10-20km),0-3 Days
54903,0,24.0,Mobile Phone,1,16.0,Debit Card,Male,4.0,4,Mobile Phone,1,Married,6,0,19.0,2.0,2.0,1.0,148.8,1-2 Years,Medium (10-20km),0-3 Days
54904,0,31.0,Mobile Phone,1,9.0,Debit Card,Female,4.0,5,Grocery,1,Single,5,1,14.0,1.0,5.0,4.0,262.26,2+ Years,Near (<10km),4-7 Days
54905,1,1.0,Mobile Phone,1,18.0,Credit Card,Female,4.0,6,Laptop & Accessory,4,Married,7,0,16.0,2.0,2.0,1.0,172.77,0-6 Months,Medium (10-20km),0-3 Days
54906,0,29.0,Computer,1,25.0,Credit Card,Male,4.0,4,Laptop & Accessory,4,Married,5,1,15.0,3.0,7.0,8.0,188.85,2+ Years,Far (>20km),8-15 Days
54907,0,15.0,Computer,1,14.0,Debit Card,Female,3.0,6,Others,3,Married,3,0,23.0,6.0,6.0,11.0,324.73,1-2 Years,Medium (10-20km),8-15 Days
54908,0,12.0,Mobile Phone,3,10.0,Debit Card,Male,3.0,4,Laptop & Accessory,1,Single,10,1,13.0,2.0,2.0,1.0,193.61,6-12 Months,Near (<10km),0-3 Days
54909,1,1.0,Computer,3,36.0,Credit Card,Male,4.0,6,Laptop & Accessory,5,Single,10,0,19.0,2.0,3.0,3.0,174.69,0-6 Months,Far (>20km),0-3 Days
54910,1,16.0,Mobile Phone,3,9.0,E Wallet,Female,3.0,6,Others,1,Married,3,0,16.0,4.0,7.0,10.0,323.45,1-2 Years,Near (<10km),8-15 Days
54911,0,18.0,Mobile Phone,3,35.0,Credit Card,Female,3.0,2,Grocery,1,Married,5,1,19.0,5.0,2.0,12.0,258.2,1-2 Years,Far (>20km),8-15 Days
54912,0,24.0,Computer,3,7.0,Debit Card,Female,4.0,4,Laptop & Accessory,3,Married,2,0,13.0,1.0,2.0,14.0,188.47,1-2 Years,Near (<10km),8-15 Days
54913,1,1.0,Mobile Phone,1,23.0,Debit Card,Female,3.0,2,Mobile Phone,5,Single,3,0,17.0,4.0,16.0,15.0,152.43,0-6 Months,Far (>20km),8-15 Days
54914,0,13.0,Computer,1,29.0,Credit Card,Female,3.0,4,Fashion,5,Single,3,1,14.0,2.0,2.0,9.0,233.8,1-2 Years,Far (>20km),8-15 Days
54915,0,7.0,Computer,3,15.0,Debit Card,Female,3.0,5,Mobile Phone,1,Single,2,0,20.0,1.0,3.0,3.0,148.42,6-12 Months,Medium (10-20km),0-3 Days
54916,0,19.0,Mobile Phone,3,18.0,Debit Card,Female,3.0,4,Grocery,1,Married,5,0,15.0,1.0,2.0,2.0,301.5,1-2 Years,Medium (10-20km),0-3 Days
54917,0,6.0,Computer,1,36.0,Credit Card,Female,4.0,4,Mobile Phone,3,Single,11,0,13.0,7.0,8.0,8.0,165.25,0-6 Months,Far (>20km),8-15 Days
54918,0,8.0,Mobile Phone,3,7.0,E Wallet,Male,4.0,2,Laptop & Accessory,1,Married,2,0,12.0,1.0,2.0,3.0,222.25,6-12 Months,Near (<10km),0-3 Days
54919,0,31.0,Mobile Phone,3,7.0,Cash on Delivery,Male,4.0,4,Fashion,1,Married,5,1,15.0,2.0,2.0,5.0,244.04000000000002,2+ Years,Near (<10km),4-7 Days
54920,0,19.0,Mobile Phone,2,31.0,Credit Card,Male,3.0,4,Mobile Phone,4,Single,3,0,17.0,1.0,2.0,5.0,146.77,1-2 Years,Far (>20km),4-7 Days
54921,0,27.0,Computer,3,9.0,E Wallet,Female,3.0,5,Fashion,4,Married,4,0,13.0,6.0,7.0,13.0,200.25,2+ Years,Near (<10km),8-15 Days
54922,1,1.0,Mobile Phone,1,22.0,UPI,Male,3.0,4,Laptop & Accessory,3,Married,9,0,15.0,1.0,2.0,1.0,173.34,0-6 Months,Far (>20km),0-3 Days
54923,1,1.0,Computer,1,9.0,Debit Card,Male,3.0,4,Mobile Phone,5,Married,8,1,15.0,1.0,2.0,3.0,145.42,0-6 Months,Near (<10km),0-3 Days
54924,0,8.0,Mobile Phone,3,17.0,Debit Card,Female,3.0,4,Mobile Phone,3,Married,3,1,20.0,1.0,2.0,1.0,147.2,6-12 Months,Medium (10-20km),0-3 Days
54925,0,2.0,Mobile Phone,3,17.0,Credit Card,Male,4.0,4,Mobile Phone,4,Married,3,0,23.0,1.0,2.0,1.0,135.52,0-6 Months,Medium (10-20km),0-3 Days
54926,0,12.0,Computer,1,10.0,UPI,Male,3.0,4,Mobile Phone,3,Married,5,0,17.0,3.0,3.0,3.0,153.21,6-12 Months,Near (<10km),0-3 Days
54927,0,24.0,Mobile Phone,1,9.0,Credit Card,Male,4.0,4,Others,3,Married,4,1,15.0,5.0,8.0,8.0,317.37,1-2 Years,Near (<10km),8-15 Days
54928,0,11.0,Mobile Phone,1,10.0,UPI,Female,3.0,4,Laptop & Accessory,4,Single,5,0,16.0,2.0,2.0,2.0,166.07,6-12 Months,Near (<10km),0-3 Days
54929,0,14.0,Mobile Phone,3,33.0,E Wallet,Male,4.0,4,Laptop & Accessory,5,Married,3,0,15.0,4.0,8.0,6.0,208.96,1-2 Years,Far (>20km),4-7 Days
54930,0,1.0,Computer,1,7.0,Credit Card,Female,4.0,5,Mobile Phone,3,Married,3,0,14.0,1.0,2.0,4.0,145.07,0-6 Months,Near (<10km),4-7 Days
54931,0,20.0,Mobile Phone,1,7.0,Credit Card,Male,3.0,4,Others,1,Married,11,0,15.0,2.0,3.0,3.0,321.27,1-2 Years,Near (<10km),0-3 Days
54932,0,28.0,Mobile Phone,3,9.0,Debit Card,Female,3.0,5,Fashion,3,Married,8,0,12.0,7.0,2.0,1.0,231.86,2+ Years,Near (<10km),0-3 Days
54933,0,30.0,Computer,1,16.0,Credit Card,Female,4.0,4,Mobile Phone,3,Married,4,0,20.0,2.0,2.0,4.0,154.42,2+ Years,Medium (10-20km),4-7 Days
54934,0,10.0,Mobile Phone,1,19.0,Credit Card,Female,3.0,5,Fashion,1,Single,2,0,12.0,6.0,8.0,3.0,213.58,6-12 Months,Medium (10-20km),0-3 Days
54935,0,29.0,Computer,1,9.0,Credit Card,Male,3.0,5,Grocery,5,Single,9,0,15.0,3.0,7.0,3.0,292.56,2+ Years,Near (<10km),0-3 Days
54936,0,17.0,Mobile Phone,3,32.0,Credit Card,Male,4.0,5,Fashion,1,Married,7,0,14.0,2.0,2.0,1.0,232.98000000000002,1-2 Years,Far (>20km),0-3 Days
54937,1,1.0,Computer,3,16.0,E Wallet,Female,3.0,4,Mobile Phone,1,Single,3,1,15.0,2.0,2.0,3.0,148.23,0-6 Months,Medium (10-20km),0-3 Days
54938,1,1.0,Mobile Phone,1,17.0,Debit Card,Female,3.0,5,Mobile Phone,5,Single,3,0,14.0,1.0,2.0,1.0,139.16,0-6 Months,Medium (10-20km),0-3 Days
54939,0,20.0,Mobile Phone,1,15.0,Debit Card,Female,4.0,5,Laptop & Accessory,5,Married,10,1,24.0,2.0,2.0,8.0,171.15,1-2 Years,Medium (10-20km),8-15 Days
54940,1,15.0,Mobile Phone,1,11.0,Debit Card,Male,3.0,4,Mobile Phone,3,Married,11,1,13.0,1.0,3.0,8.0,149.61,1-2 Years,Medium (10-20km),8-15 Days
54941,1,1.0,Computer,1,31.0,Cash on Delivery,Male,4.0,5,Fashion,5,Single,3,0,13.0,2.0,2.0,3.0,212.22,0-6 Months,Far (>20km),0-3 Days
54942,0,1.0,Mobile Phone,1,7.0,Credit Card,Male,3.0,5,Mobile Phone,5,Married,3,0,17.0,2.0,2.0,4.0,164.55,0-6 Months,Near (<10km),4-7 Days
54943,0,4.0,Mobile Phone,1,27.0,UPI,Male,3.0,4,Laptop & Accessory,5,Married,2,0,16.0,1.0,2.0,3.0,224.57,0-6 Months,Far (>20km),0-3 Days
54944,0,15.0,Mobile Phone,1,14.0,Cash on Delivery,Female,3.0,2,Mobile Phone,3,Married,3,0,14.0,1.0,2.0,9.0,158.76,1-2 Years,Medium (10-20km),8-15 Days
54945,0,12.0,Mobile Phone,1,24.0,Debit Card,Female,4.0,5,Fashion,3,Married,2,0,19.0,2.0,2.0,3.0,213.23,6-12 Months,Far (>20km),0-3 Days
54946,0,14.0,Mobile Phone,1,27.0,Cash on Delivery,Male,4.0,4,Fashion,1,Married,6,0,21.0,4.0,12.0,3.0,228.22,1-2 Years,Far (>20km),0-3 Days
54947,0,1.0,Computer,1,15.0,Debit Card,Male,3.0,6,Mobile Phone,3,Married,3,0,20.0,2.0,2.0,3.0,171.21,0-6 Months,Medium (10-20km),0-3 Days
54948,0,29.0,Computer,1,9.0,Debit Card,Male,4.0,4,Fashion,4,Married,5,0,19.0,1.0,2.0,3.0,234.76,2+ Years,Near (<10km),0-3 Days
54949,0,2.0,Mobile Phone,1,17.0,UPI,Female,3.0,4,Laptop & Accessory,3,Single,5,0,14.0,1.0,2.0,8.0,161.6,0-6 Months,Medium (10-20km),8-15 Days
54950,1,8.0,Mobile Phone,2,7.0,Credit Card,Male,4.0,5,Fashion,5,Married,11,0,15.0,3.0,4.0,3.0,229.82,6-12 Months,Near (<10km),0-3 Days
54951,0,7.0,Mobile Phone,1,12.0,Debit Card,Male,3.0,5,Fashion,1,Married,6,0,16.0,2.0,2.0,3.0,196.19,6-12 Months,Medium (10-20km),0-3 Days
54952,1,1.0,Mobile Phone,3,11.0,Cash on Delivery,Male,3.0,4,Fashion,5,Single,2,1,23.0,3.0,5.0,3.0,220.82,0-6 Months,Medium (10-20km),0-3 Days
54953,1,1.0,Computer,1,36.0,Credit Card,Female,3.0,5,Laptop & Accessory,3,Single,3,0,23.0,3.0,4.0,9.0,170.08,0-6 Months,Far (>20km),8-15 Days
54954,0,2.0,Mobile Phone,1,22.0,Debit Card,Male,3.0,4,Mobile Phone,3,Married,3,0,17.0,1.0,3.0,3.0,147.07,0-6 Months,Far (>20km),0-3 Days
54955,0,8.0,Computer,1,10.0,Debit Card,Male,3.0,4,Laptop & Accessory,1,Single,2,0,18.0,2.0,2.0,5.0,202.56,6-12 Months,Near (<10km),4-7 Days
54956,0,11.0,Mobile Phone,3,17.0,Debit Card,Female,3.0,5,Laptop & Accessory,1,Married,4,1,15.0,2.0,2.0,1.0,191.94,6-12 Months,Medium (10-20km),0-3 Days
54957,1,1.0,Mobile Phone,1,11.0,Cash on Delivery,Male,3.0,4,Mobile Phone,1,Married,3,1,16.0,5.0,6.0,7.0,161.91,0-6 Months,Medium (10-20km),4-7 Days
54958,1,1.0,Mobile Phone,1,28.0,Credit Card,Male,3.0,4,Mobile Phone,3,Married,3,0,21.0,2.0,2.0,1.0,148.77,0-6 Months,Far (>20km),0-3 Days
54959,1,1.0,Mobile Phone,1,32.0,Credit Card,Male,3.0,5,Mobile Phone,4,Single,6,1,21.0,2.0,3.0,3.0,148.13,0-6 Months,Far (>20km),0-3 Days
54960,0,16.0,Mobile Phone,1,9.0,Credit Card,Male,3.0,4,Grocery,5,Married,2,0,15.0,6.0,14.0,8.0,301.65,1-2 Years,Near (<10km),8-15 Days
54961,1,1.0,Computer,1,7.0,Credit Card,Male,3.0,5,Mobile Phone,4,Married,3,0,16.0,2.0,2.0,1.0,150.96,0-6 Months,Near (<10km),0-3 Days
54962,1,14.0,Computer,3,7.0,UPI,Male,3.0,4,Laptop & Accessory,3,Single,5,1,15.0,2.0,2.0,1.0,172.28,1-2 Years,Near (<10km),0-3 Days
54963,0,7.0,Computer,3,14.0,Debit Card,Female,2.0,4,Laptop & Accessory,4,Married,2,0,18.0,1.0,2.0,3.0,168.02,6-12 Months,Medium (10-20km),0-3 Days
54964,0,8.0,Computer,1,10.0,Debit Card,Male,3.0,5,Mobile Phone,1,Married,5,0,18.0,1.0,2.0,1.0,154.79,6-12 Months,Near (<10km),0-3 Days
54965,0,22.0,Computer,1,7.0,Credit Card,Male,3.0,2,Grocery,1,Single,4,0,15.0,1.0,3.0,2.0,293.85,1-2 Years,Near (<10km),0-3 Days
54966,0,19.0,Computer,3,16.0,Debit Card,Female,4.0,5,Laptop & Accessory,3,Married,3,0,14.0,5.0,5.0,13.0,180.93,1-2 Years,Medium (10-20km),8-15 Days
54967,0,26.0,Mobile Phone,1,6.0,Debit Card,Male,3.0,4,Fashion,4,Single,9,0,20.0,3.0,5.0,3.0,229.45,2+ Years,Near (<10km),0-3 Days
54968,0,12.0,Mobile Phone,3,17.0,E Wallet,Male,4.0,5,Fashion,3,Married,2,1,15.0,2.0,3.0,3.0,212.4,6-12 Months,Medium (10-20km),0-3 Days
54969,0,3.0,Mobile Phone,1,35.0,Debit Card,Female,4.0,4,Mobile Phone,1,Married,6,0,23.0,2.0,2.0,8.0,150.14,0-6 Months,Far (>20km),8-15 Days
54970,0,2.0,Mobile Phone,1,10.0,Credit Card,Female,4.0,4,Fashion,4,Married,2,0,18.0,1.0,2.0,8.0,201.55,0-6 Months,Near (<10km),8-15 Days
54971,0,20.0,Mobile Phone,3,10.0,E Wallet,Male,3.0,4,Grocery,3,Married,5,0,15.0,5.0,5.0,10.0,299.65,1-2 Years,Near (<10km),8-15 Days
54972,0,12.0,Mobile Phone,3,9.0,E Wallet,Male,3.0,4,Fashion,4,Single,9,0,17.0,2.0,2.0,1.0,198.51,6-12 Months,Near (<10km),0-3 Days
54973,0,17.0,Computer,1,34.0,Debit Card,Female,3.0,4,Fashion,5,Married,10,0,12.0,2.0,2.0,2.0,233.2,1-2 Years,Far (>20km),0-3 Days
54974,1,3.0,Computer,1,9.0,Debit Card,Male,3.0,4,Grocery,1,Married,9,0,12.0,11.0,2.0,6.0,246.69,0-6 Months,Near (<10km),4-7 Days
54975,0,14.0,Mobile Phone,1,21.0,Credit Card,Male,3.0,5,Others,3,Single,3,0,15.0,4.0,5.0,10.0,321.26,1-2 Years,Far (>20km),8-15 Days
54976,0,1.0,Mobile Phone,1,7.0,Cash on Delivery,Female,4.0,5,Mobile Phone,4,Single,3,1,12.0,2.0,3.0,3.0,145.7,0-6 Months,Near (<10km),0-3 Days
54977,0,13.0,Computer,1,16.0,Debit Card,Male,4.0,4,Laptop & Accessory,4,Single,11,0,16.0,2.0,2.0,4.0,192.82,1-2 Years,Medium (10-20km),4-7 Days
54978,0,10.0,Computer,1,25.0,Debit Card,Male,4.0,4,Laptop & Accessory,1,Single,4,0,21.0,1.0,2.0,10.0,202.79,6-12 Months,Far (>20km),8-15 Days
54979,0,5.0,Computer,3,27.0,Debit Card,Male,4.0,2,Mobile Phone,1,Married,2,0,13.0,3.0,3.0,3.0,152.91,0-6 Months,Far (>20km),0-3 Days
54980,0,2.0,Mobile Phone,1,9.0,Debit Card,Male,4.0,5,Mobile Phone,4,Married,2,0,18.0,1.0,2.0,5.0,157.01,0-6 Months,Near (<10km),4-7 Days
54981,0,9.0,Computer,3,18.0,E Wallet,Male,3.0,4,Laptop & Accessory,1,Married,3,0,12.0,2.0,2.0,3.0,174.68,6-12 Months,Medium (10-20km),0-3 Days
54982,0,23.0,Mobile Phone,3,15.0,Cash on Delivery,Male,3.0,5,Grocery,4,Married,8,0,18.0,2.0,2.0,4.0,256.2,1-2 Years,Medium (10-20km),4-7 Days
54983,0,8.0,Computer,1,9.0,Debit Card,Male,4.0,4,Laptop & Accessory,3,Single,4,0,12.0,2.0,2.0,3.0,165.33,6-12 Months,Near (<10km),0-3 Days
54984,0,3.0,Computer,1,17.0,Debit Card,Female,4.0,4,Mobile Phone,4,Married,2,0,15.0,1.0,2.0,2.0,157.91,0-6 Months,Medium (10-20km),0-3 Days
54985,0,16.0,Mobile Phone,1,36.0,Credit Card,Male,3.0,6,Laptop & Accessory,1,Single,6,0,20.0,2.0,2.0,1.0,167.72,1-2 Years,Far (>20km),0-3 Days
54986,0,3.0,Mobile Phone,1,15.0,Credit Card,Male,4.0,5,Laptop & Accessory,1,Married,3,1,16.0,2.0,2.0,3.0,175.56,0-6 Months,Medium (10-20km),0-3 Days
54987,0,12.0,Mobile Phone,2,7.0,UPI,Male,3.0,2,Mobile Phone,3,Married,3,0,14.0,4.0,6.0,1.0,153.44,6-12 Months,Near (<10km),0-3 Days
54988,0,2.0,Computer,1,13.0,Debit Card,Male,3.0,5,Mobile Phone,3,Married,3,1,15.0,2.0,2.0,3.0,152.03,0-6 Months,Medium (10-20km),0-3 Days
54989,1,1.0,Computer,1,15.0,Credit Card,Male,4.0,4,Mobile Phone,3,Single,3,0,13.0,2.0,2.0,1.0,144.04,0-6 Months,Medium (10-20km),0-3 Days
54990,1,1.0,Mobile Phone,3,16.0,E Wallet,Female,4.0,4,Laptop & Accessory,5,Single,5,1,18.0,1.0,2.0,4.0,207.24,0-6 Months,Medium (10-20km),4-7 Days
54991,0,15.0,Mobile Phone,1,19.0,Debit Card,Male,3.0,4,Mobile Phone,1,Married,5,1,12.0,2.0,2.0,1.0,172.66,1-2 Years,Medium (10-20km),0-3 Days
54992,1,1.0,Computer,1,22.0,Credit Card,Male,4.0,4,Mobile Phone,3,Married,3,0,13.0,2.0,3.0,3.0,151.1,0-6 Months,Far (>20km),0-3 Days
54993,0,11.0,Mobile Phone,1,32.0,Credit Card,Female,3.0,5,Laptop & Accessory,1,Married,9,0,14.0,2.0,2.0,4.0,182.31,6-12 Months,Far (>20km),4-7 Days
54994,0,1.0,Mobile Phone,1,13.0,Debit Card,Male,3.0,5,Mobile Phone,3,Married,3,0,14.0,2.0,3.0,3.0,150.39,0-6 Months,Medium (10-20km),0-3 Days
54995,0,8.0,Mobile Phone,3,16.0,Debit Card,Female,4.0,4,Laptop & Accessory,3,Married,3,0,21.0,1.0,2.0,4.0,182.14,6-12 Months,Medium (10-20km),4-7 Days
54996,0,9.0,Mobile Phone,2,15.0,Cash on Delivery,Male,4.0,4,Mobile Phone,3,Single,3,0,18.0,1.0,2.0,5.0,168.23,6-12 Months,Medium (10-20km),4-7 Days
54997,1,1.0,Mobile Phone,3,30.0,Debit Card,Female,3.0,5,Fashion,5,Married,3,0,14.0,2.0,4.0,11.0,198.36,0-6 Months,Far (>20km),8-15 Days
54998,0,14.0,Computer,1,16.0,Credit Card,Female,3.0,4,Fashion,3,Single,11,0,18.0,2.0,2.0,14.0,259.99,1-2 Years,Medium (10-20km),8-15 Days
54999,1,6.0,Computer,3,19.0,Debit Card,Male,3.0,4,Grocery,5,Single,2,1,13.0,1.0,14.0,15.0,262.58,0-6 Months,Medium (10-20km),8-15 Days
55000,0,16.0,Mobile Phone,3,11.0,E Wallet,Male,3.0,4,Laptop & Accessory,5,Single,9,0,14.0,2.0,2.0,6.0,176.55,1-2 Years,Medium (10-20km),4-7 Days
55001,0,9.0,Mobile Phone,1,7.0,Credit Card,Male,3.0,5,Mobile Phone,3,Married,8,0,13.0,2.0,2.0,8.0,147.58,6-12 Months,Near (<10km),8-15 Days
55002,0,1.0,Mobile Phone,1,31.0,Credit Card,Male,3.0,4,Mobile Phone,4,Single,10,0,23.0,1.0,2.0,3.0,160.97,0-6 Months,Far (>20km),0-3 Days
55003,1,1.0,Mobile Phone,1,19.0,Debit Card,Female,4.0,4,Mobile Phone,1,Married,3,1,12.0,2.0,2.0,1.0,150.15,0-6 Months,Medium (10-20km),0-3 Days
55004,0,1.0,Mobile Phone,1,10.0,Credit Card,Male,3.0,2,Mobile Phone,1,Married,3,0,23.0,2.0,2.0,8.0,169.2,0-6 Months,Near (<10km),8-15 Days
55005,0,4.0,Mobile Phone,3,17.0,E Wallet,Male,4.0,5,Laptop & Accessory,3,Married,3,0,19.0,1.0,2.0,5.0,190.78,0-6 Months,Medium (10-20km),4-7 Days
55006,0,14.0,Computer,1,33.0,Credit Card,Female,4.0,5,Laptop & Accessory,1,Married,5,1,14.0,1.0,2.0,1.0,169.22,1-2 Years,Far (>20km),0-3 Days
55007,0,9.0,Mobile Phone,1,9.0,Debit Card,Male,3.0,5,Fashion,4,Married,4,0,19.0,3.0,7.0,3.0,227.74,6-12 Months,Near (<10km),0-3 Days
55008,0,8.0,Computer,1,8.0,Credit Card,Male,4.0,5,Laptop & Accessory,5,Single,2,0,21.0,1.0,5.0,10.0,178.43,6-12 Months,Near (<10km),8-15 Days
55009,0,9.0,Computer,1,11.0,UPI,Male,3.0,5,Mobile Phone,1,Married,3,0,14.0,2.0,3.0,3.0,148.76,6-12 Months,Medium (10-20km),0-3 Days
55010,1,7.0,Mobile Phone,3,16.0,E Wallet,Female,3.0,6,Laptop & Accessory,3,Single,10,0,14.0,1.0,2.0,4.0,178.46,6-12 Months,Medium (10-20km),4-7 Days
55011,0,6.0,Computer,3,9.0,Debit Card,Female,4.0,4,Mobile Phone,5,Married,3,0,13.0,2.0,2.0,1.0,153.27,0-6 Months,Near (<10km),0-3 Days
55012,0,30.0,Mobile Phone,1,11.0,Cash on Delivery,Female,4.0,4,Others,5,Married,6,0,14.0,5.0,5.0,3.0,324.43,2+ Years,Medium (10-20km),0-3 Days
55013,0,3.0,Mobile Phone,1,13.0,Credit Card,Female,3.0,4,Mobile Phone,1,Married,3,0,14.0,1.0,2.0,9.0,156.31,0-6 Months,Medium (10-20km),8-15 Days
55014,0,1.0,Mobile Phone,1,16.0,Debit Card,Male,3.0,4,Mobile Phone,5,Single,3,0,26.0,1.0,2.0,1.0,150.52,0-6 Months,Medium (10-20km),0-3 Days
55015,0,19.0,Mobile Phone,1,14.0,Credit Card,Female,3.0,4,Mobile Phone,3,Married,6,1,20.0,1.0,2.0,3.0,169.77,1-2 Years,Medium (10-20km),0-3 Days
55016,0,11.0,Mobile Phone,1,8.0,Debit Card,Female,3.0,5,Laptop & Accessory,1,Married,3,0,14.0,1.0,4.0,12.0,189.74,6-12 Months,Near (<10km),8-15 Days
55017,0,1.0,Mobile Phone,1,6.0,Debit Card,Male,3.0,5,Mobile Phone,3,Single,3,0,13.0,1.0,2.0,3.0,155.33,0-6 Months,Near (<10km),0-3 Days
55018,1,8.0,Mobile Phone,1,17.0,Debit Card,Male,4.0,4,Mobile Phone,3,Single,3,1,12.0,2.0,2.0,3.0,154.36,6-12 Months,Medium (10-20km),0-3 Days
55019,0,27.0,Mobile Phone,1,14.0,Credit Card,Female,3.0,4,Others,3,Married,5,0,15.0,4.0,5.0,8.0,311.06,2+ Years,Medium (10-20km),8-15 Days
55020,0,3.0,Mobile Phone,1,22.0,Debit Card,Female,4.0,6,Mobile Phone,1,Married,2,1,19.0,2.0,2.0,4.0,146.68,0-6 Months,Far (>20km),4-7 Days
55021,1,1.0,Computer,1,10.0,Debit Card,Male,3.0,5,Mobile Phone,1,Married,2,1,12.0,1.0,2.0,1.0,153.53,0-6 Months,Near (<10km),0-3 Days
55022,0,20.0,Mobile Phone,3,9.0,E Wallet,Female,4.0,4,Grocery,5,Married,10,0,15.0,7.0,16.0,10.0,295.48,1-2 Years,Near (<10km),8-15 Days
55023,0,18.0,Computer,1,24.0,Debit Card,Male,4.0,6,Mobile Phone,3,Single,4,0,14.0,2.0,2.0,1.0,147.9,1-2 Years,Far (>20km),0-3 Days
55024,0,7.0,Mobile Phone,2,9.0,UPI,Male,4.0,4,Mobile Phone,3,Married,3,0,14.0,2.0,2.0,5.0,161.0,6-12 Months,Near (<10km),4-7 Days
55025,1,5.0,Computer,1,12.0,Debit Card,Male,4.0,5,Mobile Phone,5,Married,8,0,18.0,1.0,2.0,1.0,146.07,0-6 Months,Medium (10-20km),0-3 Days
55026,0,4.0,Mobile Phone,3,36.0,Debit Card,Male,4.0,4,Laptop & Accessory,5,Married,10,0,20.0,2.0,2.0,4.0,166.15,0-6 Months,Far (>20km),4-7 Days
55027,0,14.0,Computer,3,9.0,Credit Card,Male,4.0,4,Laptop & Accessory,4,Married,7,0,13.0,2.0,2.0,1.0,168.27,1-2 Years,Near (<10km),0-3 Days
55028,0,24.0,Computer,1,9.0,Credit Card,Female,2.0,4,Grocery,5,Married,4,0,15.0,1.0,3.0,3.0,303.56,1-2 Years,Near (<10km),0-3 Days
55029,0,2.0,Mobile Phone,1,26.0,Credit Card,Male,4.0,5,Mobile Phone,5,Married,3,0,13.0,2.0,4.0,4.0,156.96,0-6 Months,Far (>20km),4-7 Days
55030,0,20.0,Mobile Phone,1,22.0,Debit Card,Male,3.0,4,Others,4,Married,7,0,15.0,2.0,2.0,4.0,315.81,1-2 Years,Far (>20km),4-7 Days
55031,0,9.0,Mobile Phone,3,24.0,Debit Card,Male,4.0,4,Laptop & Accessory,5,Married,5,1,16.0,1.0,2.0,3.0,214.66,6-12 Months,Far (>20km),0-3 Days
55032,1,1.0,Mobile Phone,1,24.0,Debit Card,Female,4.0,4,Mobile Phone,4,Married,3,0,14.0,2.0,2.0,1.0,147.1,0-6 Months,Far (>20km),0-3 Days
55033,0,7.0,Computer,3,32.0,Credit Card,Female,3.0,4,Laptop & Accessory,3,Married,3,0,13.0,1.0,2.0,2.0,170.39,6-12 Months,Far (>20km),0-3 Days
55034,0,10.0,Mobile Phone,1,13.0,Debit Card,Male,3.0,6,Mobile Phone,3,Married,3,0,15.0,2.0,2.0,8.0,152.41,6-12 Months,Medium (10-20km),8-15 Days
55035,0,4.0,Mobile Phone,1,14.0,Debit Card,Male,3.0,4,Laptop & Accessory,3,Married,3,0,14.0,5.0,9.0,10.0,159.91,0-6 Months,Medium (10-20km),8-15 Days
55036,0,18.0,Mobile Phone,1,36.0,UPI,Male,3.0,4,Laptop & Accessory,1,Single,3,0,26.0,7.0,14.0,18.0,170.41,1-2 Years,Far (>20km),15+ Days
55037,0,1.0,Mobile Phone,3,28.0,E Wallet,Male,3.0,2,Mobile Phone,1,Single,3,0,18.0,3.0,3.0,3.0,151.78,0-6 Months,Far (>20km),0-3 Days
55038,0,20.0,Mobile Phone,1,9.0,Cash on Delivery,Male,3.0,4,Laptop & Accessory,1,Married,4,0,12.0,1.0,2.0,5.0,198.79,1-2 Years,Near (<10km),4-7 Days
55039,0,16.0,Computer,2,9.0,Credit Card,Male,4.0,2,Laptop & Accessory,5,Married,9,0,17.0,2.0,2.0,4.0,187.72,1-2 Years,Near (<10km),4-7 Days
55040,0,31.0,Mobile Phone,3,14.0,E Wallet,Male,3.0,2,Laptop & Accessory,1,Married,2,1,19.0,1.0,2.0,10.0,177.2,2+ Years,Medium (10-20km),8-15 Days
55041,0,6.0,Computer,1,20.0,UPI,Female,4.0,5,Mobile Phone,4,Married,3,0,21.0,3.0,3.0,3.0,159.0,0-6 Months,Medium (10-20km),0-3 Days
55042,0,6.0,Computer,1,9.0,Debit Card,Female,3.0,4,Laptop & Accessory,3,Single,6,1,15.0,2.0,2.0,8.0,174.98,0-6 Months,Near (<10km),8-15 Days
55043,0,10.0,Mobile Phone,1,8.0,Cash on Delivery,Female,4.0,6,Fashion,5,Married,4,1,22.0,8.0,8.0,3.0,227.52,6-12 Months,Near (<10km),0-3 Days
55044,0,7.0,Mobile Phone,1,16.0,Credit Card,Male,3.0,4,Mobile Phone,1,Married,2,0,14.0,1.0,5.0,11.0,152.81,6-12 Months,Medium (10-20km),8-15 Days
55045,0,14.0,Mobile Phone,3,17.0,Cash on Delivery,Female,3.0,5,Laptop & Accessory,4,Married,9,0,13.0,2.0,2.0,4.0,193.52,1-2 Years,Medium (10-20km),4-7 Days
55046,0,1.0,Mobile Phone,3,17.0,Debit Card,Male,3.0,4,Laptop & Accessory,1,Single,2,0,15.0,2.0,2.0,2.0,174.5,0-6 Months,Medium (10-20km),0-3 Days
55047,0,4.0,Mobile Phone,1,8.0,Credit Card,Male,4.0,4,Mobile Phone,4,Married,2,1,22.0,4.0,6.0,8.0,160.79,0-6 Months,Near (<10km),8-15 Days
55048,0,16.0,Computer,1,33.0,Credit Card,Female,3.0,4,Fashion,5,Married,5,1,18.0,1.0,2.0,1.0,256.91,1-2 Years,Far (>20km),0-3 Days
55049,0,9.0,Computer,3,15.0,E Wallet,Female,4.0,5,Fashion,1,Married,6,1,12.0,4.0,5.0,3.0,228.77,6-12 Months,Medium (10-20km),0-3 Days
55050,0,1.0,Mobile Phone,1,21.0,Debit Card,Male,3.0,4,Mobile Phone,5,Married,3,1,15.0,6.0,7.0,9.0,147.35,0-6 Months,Far (>20km),8-15 Days
55051,0,28.0,Computer,1,8.0,Debit Card,Female,3.0,4,Fashion,3,Married,9,0,18.0,1.0,2.0,3.0,230.02,2+ Years,Near (<10km),0-3 Days
55052,0,18.0,Mobile Phone,1,9.0,Debit Card,Female,4.0,2,Mobile Phone,1,Married,3,0,14.0,2.0,8.0,8.0,145.11,1-2 Years,Near (<10km),8-15 Days
55053,1,1.0,Computer,1,17.0,Credit Card,Female,4.0,5,Mobile Phone,4,Single,3,1,26.0,1.0,2.0,1.0,143.59,0-6 Months,Medium (10-20km),0-3 Days
55054,0,3.0,Mobile Phone,1,8.0,Debit Card,Female,4.0,4,Mobile Phone,1,Married,3,0,16.0,2.0,2.0,3.0,162.6,0-6 Months,Near (<10km),0-3 Days
55055,0,28.0,Mobile Phone,1,10.0,Debit Card,Male,3.0,4,Grocery,1,Married,5,0,15.0,1.0,2.0,10.0,302.79,2+ Years,Near (<10km),8-15 Days
55056,0,5.0,Mobile Phone,1,18.0,Credit Card,Male,4.0,4,Laptop & Accessory,5,Married,3,1,13.0,2.0,2.0,2.0,193.33,0-6 Months,Medium (10-20km),0-3 Days
55057,0,5.0,Mobile Phone,1,31.0,Credit Card,Female,4.0,5,Laptop & Accessory,5,Single,3,0,20.0,2.0,2.0,9.0,193.12,0-6 Months,Far (>20km),8-15 Days
55058,0,31.0,Mobile Phone,3,10.0,Debit Card,Female,3.0,5,Laptop & Accessory,1,Single,7,0,18.0,1.0,2.0,6.0,176.71,2+ Years,Near (<10km),4-7 Days
55059,0,17.0,Mobile Phone,1,10.0,Debit Card,Male,4.0,6,Others,1,Married,5,0,15.0,2.0,2.0,8.0,322.4,1-2 Years,Near (<10km),8-15 Days
55060,0,23.0,Mobile Phone,1,11.0,Credit Card,Male,3.0,5,Others,3,Married,4,0,15.0,1.0,2.0,1.0,312.11,1-2 Years,Medium (10-20km),0-3 Days
55061,0,10.0,Computer,1,10.0,Cash on Delivery,Male,3.0,4,Mobile Phone,4,Married,3,0,13.0,1.0,2.0,8.0,161.92,6-12 Months,Near (<10km),8-15 Days
55062,0,22.0,Mobile Phone,1,9.0,Cash on Delivery,Male,4.0,2,Mobile Phone,4,Single,7,0,12.0,1.0,2.0,1.0,150.59,1-2 Years,Near (<10km),0-3 Days
55063,0,1.0,Mobile Phone,1,11.0,Debit Card,Male,4.0,4,Mobile Phone,3,Married,3,0,12.0,2.0,2.0,4.0,150.17,0-6 Months,Medium (10-20km),4-7 Days
55064,0,3.0,Mobile Phone,1,14.0,Debit Card,Male,3.0,4,Laptop & Accessory,1,Married,3,1,12.0,2.0,2.0,1.0,191.23,0-6 Months,Medium (10-20km),0-3 Days
55065,0,22.0,Mobile Phone,1,8.0,Debit Card,Male,4.0,5,Others,1,Single,8,0,15.0,2.0,2.0,1.0,307.65,1-2 Years,Near (<10km),0-3 Days
55066,0,3.0,Mobile Phone,1,8.0,Debit Card,Female,3.0,5,Grocery,1,Married,5,0,15.0,1.0,2.0,8.0,286.24,0-6 Months,Near (<10km),8-15 Days
55067,0,8.0,Mobile Phone,1,27.0,Cash on Delivery,Female,3.0,2,Mobile Phone,3,Married,2,0,18.0,2.0,2.0,1.0,150.85,6-12 Months,Far (>20km),0-3 Days
55068,0,18.0,Mobile Phone,3,12.0,E Wallet,Male,3.0,4,Others,4,Married,9,0,15.0,2.0,4.0,11.0,307.13,1-2 Years,Medium (10-20km),8-15 Days
55069,0,7.0,Mobile Phone,3,17.0,E Wallet,Male,3.0,2,Fashion,3,Married,2,1,15.0,1.0,2.0,9.0,208.8,6-12 Months,Medium (10-20km),8-15 Days
55070,0,1.0,Mobile Phone,1,32.0,Debit Card,Female,3.0,2,Mobile Phone,1,Single,3,1,13.0,1.0,2.0,2.0,154.94,0-6 Months,Far (>20km),0-3 Days
55071,0,1.0,Mobile Phone,1,8.0,Debit Card,Male,3.0,4,Mobile Phone,3,Married,3,0,23.0,2.0,2.0,2.0,137.23,0-6 Months,Near (<10km),0-3 Days
55072,1,1.0,Computer,3,31.0,Debit Card,Male,4.0,6,Mobile Phone,1,Single,3,1,15.0,2.0,2.0,1.0,136.18,0-6 Months,Far (>20km),0-3 Days
55073,0,1.0,Mobile Phone,1,11.0,Debit Card,Male,3.0,4,Mobile Phone,1,Single,3,1,21.0,3.0,3.0,3.0,153.75,0-6 Months,Medium (10-20km),0-3 Days
55074,1,9.0,Mobile Phone,3,9.0,E Wallet,Female,4.0,6,Others,4,Single,4,1,15.0,2.0,2.0,12.0,313.24,6-12 Months,Near (<10km),8-15 Days
55075,0,29.0,Computer,1,15.0,Credit Card,Male,3.0,5,Grocery,4,Married,3,1,16.0,3.0,16.0,1.0,260.77,2+ Years,Medium (10-20km),0-3 Days
55076,1,1.0,Computer,1,17.0,Debit Card,Female,3.0,5,Mobile Phone,3,Single,3,0,21.0,2.0,3.0,3.0,151.25,0-6 Months,Medium (10-20km),0-3 Days
55077,0,20.0,Mobile Phone,3,11.0,E Wallet,Female,3.0,5,Others,4,Married,4,0,15.0,2.0,2.0,9.0,312.89,1-2 Years,Medium (10-20km),8-15 Days
55078,0,8.0,Mobile Phone,3,9.0,E Wallet,Female,3.0,4,Laptop & Accessory,5,Single,2,1,13.0,2.0,2.0,3.0,170.38,6-12 Months,Near (<10km),0-3 Days
55079,0,25.0,Computer,3,16.0,Debit Card,Male,3.0,4,Others,4,Married,6,1,25.0,7.0,12.0,11.0,323.47,2+ Years,Medium (10-20km),8-15 Days
55080,0,31.0,Mobile Phone,1,25.0,Credit Card,Male,4.0,4,Fashion,1,Single,8,0,13.0,4.0,6.0,3.0,230.12,2+ Years,Far (>20km),0-3 Days
55081,0,8.0,Computer,1,26.0,Credit Card,Female,3.0,4,Laptop & Accessory,4,Married,6,0,14.0,1.0,6.0,11.0,169.44,6-12 Months,Far (>20km),8-15 Days
55082,0,2.0,Computer,1,8.0,Credit Card,Male,3.0,4,Mobile Phone,3,Single,2,1,12.0,2.0,2.0,3.0,146.54,0-6 Months,Near (<10km),0-3 Days
55083,0,18.0,Mobile Phone,1,11.0,Debit Card,Male,4.0,2,Others,5,Married,3,0,15.0,3.0,15.0,14.0,316.9,1-2 Years,Medium (10-20km),8-15 Days
55084,0,8.0,Computer,2,18.0,Debit Card,Male,3.0,5,Laptop & Accessory,4,Married,6,0,12.0,1.0,2.0,9.0,169.9,6-12 Months,Medium (10-20km),8-15 Days
55085,0,9.0,Mobile Phone,1,13.0,Debit Card,Male,4.0,4,Mobile Phone,3,Married,2,1,15.0,2.0,3.0,3.0,160.06,6-12 Months,Medium (10-20km),0-3 Days
55086,0,16.0,Mobile Phone,1,14.0,Credit Card,Female,4.0,2,Laptop & Accessory,4,Married,8,1,17.0,1.0,2.0,1.0,148.72,1-2 Years,Medium (10-20km),0-3 Days
55087,0,17.0,Mobile Phone,3,11.0,E Wallet,Female,3.0,5,Fashion,1,Single,5,0,15.0,11.0,16.0,3.0,227.31,1-2 Years,Medium (10-20km),0-3 Days
55088,0,10.0,Mobile Phone,1,9.0,Debit Card,Female,3.0,4,Laptop & Accessory,4,Single,11,1,12.0,5.0,6.0,13.0,179.1,6-12 Months,Near (<10km),8-15 Days
55089,1,8.0,Mobile Phone,1,22.0,Credit Card,Female,4.0,4,Fashion,1,Married,3,0,12.0,1.0,2.0,6.0,204.78,6-12 Months,Far (>20km),4-7 Days
55090,0,2.0,Computer,1,9.0,Debit Card,Male,3.0,5,Mobile Phone,1,Married,3,1,13.0,1.0,3.0,3.0,163.67,0-6 Months,Near (<10km),0-3 Days
55091,0,25.0,Computer,1,13.0,Credit Card,Female,3.0,5,Mobile Phone,3,Single,2,0,15.0,4.0,8.0,8.0,153.38,2+ Years,Medium (10-20km),8-15 Days
55092,0,4.0,Computer,1,16.0,Credit Card,Female,4.0,4,Laptop & Accessory,3,Single,9,1,19.0,1.0,2.0,8.0,171.95,0-6 Months,Medium (10-20km),8-15 Days
55093,1,1.0,Mobile Phone,1,14.0,Cash on Delivery,Female,3.0,4,Mobile Phone,3,Married,5,1,14.0,5.0,8.0,8.0,158.39,0-6 Months,Medium (10-20km),8-15 Days
55094,0,2.0,Mobile Phone,1,8.0,Cash on Delivery,Male,3.0,4,Mobile Phone,5,Single,4,0,12.0,2.0,2.0,3.0,145.8,0-6 Months,Near (<10km),0-3 Days
55095,0,1.0,Mobile Phone,1,8.0,Credit Card,Female,3.0,4,Mobile Phone,4,Single,3,0,19.0,2.0,3.0,2.0,145.96,0-6 Months,Near (<10km),0-3 Days
55096,0,6.0,Mobile Phone,3,15.0,Credit Card,Male,3.0,2,Laptop & Accessory,1,Married,3,0,16.0,1.0,2.0,9.0,187.09,0-6 Months,Medium (10-20km),8-15 Days
55097,0,19.0,Computer,1,32.0,Credit Card,Female,3.0,4,Others,4,Single,5,0,15.0,1.0,2.0,1.0,305.61,1-2 Years,Far (>20km),0-3 Days
55098,0,13.0,Mobile Phone,1,20.0,Credit Card,Female,4.0,5,Grocery,4,Married,8,1,15.0,11.0,16.0,3.0,296.23,1-2 Years,Medium (10-20km),0-3 Days
55099,0,31.0,Mobile Phone,1,30.0,Debit Card,Male,3.0,4,Mobile Phone,3,Married,3,0,13.0,2.0,3.0,3.0,148.72,2+ Years,Far (>20km),0-3 Days
55100,1,1.0,Mobile Phone,1,14.0,Debit Card,Male,4.0,4,Laptop & Accessory,3,Married,3,0,19.0,1.0,2.0,2.0,173.83,0-6 Months,Medium (10-20km),0-3 Days
55101,1,3.0,Mobile Phone,1,30.0,Credit Card,Male,4.0,4,Mobile Phone,5,Single,2,0,14.0,1.0,2.0,4.0,164.04,0-6 Months,Far (>20km),4-7 Days
55102,0,4.0,Mobile Phone,1,13.0,Cash on Delivery,Female,3.0,5,Laptop & Accessory,1,Married,2,0,13.0,6.0,7.0,8.0,171.27,0-6 Months,Medium (10-20km),8-15 Days
55103,0,10.0,Mobile Phone,1,17.0,Cash on Delivery,Female,4.0,4,Fashion,3,Married,5,0,13.0,2.0,2.0,8.0,195.94,6-12 Months,Medium (10-20km),8-15 Days
55104,0,20.0,Mobile Phone,2,8.0,Debit Card,Female,3.0,4,Mobile Phone,5,Single,8,0,13.0,3.0,6.0,8.0,159.23,1-2 Years,Near (<10km),8-15 Days
55105,0,2.0,Computer,1,8.0,Debit Card,Female,3.0,6,Laptop & Accessory,1,Married,2,0,12.0,8.0,8.0,6.0,191.74,0-6 Months,Near (<10km),4-7 Days
55106,0,24.0,Mobile Phone,1,35.0,Debit Card,Female,3.0,4,Grocery,5,Married,6,1,15.0,1.0,2.0,3.0,293.8,1-2 Years,Far (>20km),0-3 Days
55107,1,4.0,Mobile Phone,3,32.0,E Wallet,Male,3.0,5,Fashion,4,Single,4,1,13.0,2.0,2.0,3.0,215.94,0-6 Months,Far (>20km),0-3 Days
55108,1,16.0,Mobile Phone,3,12.0,Debit Card,Male,4.0,4,Fashion,4,Single,11,1,20.0,8.0,8.0,3.0,209.46,1-2 Years,Medium (10-20km),0-3 Days
55109,0,4.0,Mobile Phone,1,24.0,Credit Card,Female,4.0,4,Fashion,5,Married,3,1,24.0,2.0,2.0,9.0,244.16000000000003,0-6 Months,Far (>20km),8-15 Days
55110,0,13.0,Mobile Phone,1,25.0,Debit Card,Male,3.0,4,Laptop & Accessory,3,Single,2,0,12.0,2.0,2.0,8.0,170.34,1-2 Years,Far (>20km),8-15 Days
55111,0,5.0,Computer,3,9.0,Debit Card,Female,3.0,4,Fashion,3,Married,3,1,20.0,9.0,10.0,3.0,223.52,0-6 Months,Near (<10km),0-3 Days
55112,0,15.0,Computer,3,17.0,Credit Card,Male,3.0,6,Laptop & Accessory,4,Single,3,0,14.0,4.0,12.0,10.0,186.51,1-2 Years,Medium (10-20km),8-15 Days
55113,1,1.0,Computer,3,8.0,Debit Card,Female,3.0,4,Mobile Phone,4,Single,3,1,12.0,3.0,3.0,3.0,148.02,0-6 Months,Near (<10km),0-3 Days
55114,1,8.0,Mobile Phone,1,10.0,Debit Card,Male,3.0,4,Mobile Phone,5,Married,6,0,13.0,2.0,2.0,3.0,148.62,6-12 Months,Near (<10km),0-3 Days
55115,0,16.0,Computer,1,9.0,Debit Card,Male,3.0,4,Grocery,3,Married,2,1,15.0,1.0,3.0,11.0,303.61,1-2 Years,Near (<10km),8-15 Days
55116,0,29.0,Mobile Phone,1,9.0,Credit Card,Female,3.0,6,Others,3,Married,6,0,15.0,5.0,10.0,12.0,316.87,2+ Years,Near (<10km),8-15 Days
55117,0,30.0,Mobile Phone,2,15.0,Debit Card,Male,4.0,4,Others,4,Single,8,0,15.0,3.0,8.0,8.0,322.17,2+ Years,Medium (10-20km),8-15 Days
55118,0,14.0,Computer,1,23.0,Debit Card,Male,4.0,4,Mobile Phone,3,Married,11,0,17.0,2.0,2.0,1.0,160.44,1-2 Years,Far (>20km),0-3 Days
55119,0,8.0,Mobile Phone,1,16.0,Debit Card,Male,3.0,4,Fashion,1,Married,2,0,12.0,1.0,2.0,3.0,210.0,6-12 Months,Medium (10-20km),0-3 Days
55120,0,14.0,Mobile Phone,1,9.0,Debit Card,Male,4.0,4,Laptop & Accessory,1,Single,3,0,14.0,4.0,9.0,9.0,171.61,1-2 Years,Near (<10km),8-15 Days
55121,0,15.0,Computer,3,8.0,E Wallet,Female,4.0,4,Laptop & Accessory,5,Married,2,0,18.0,1.0,2.0,8.0,166.03,1-2 Years,Near (<10km),8-15 Days
55122,0,9.0,Computer,1,11.0,Debit Card,Male,3.0,4,Laptop & Accessory,3,Single,3,1,12.0,2.0,2.0,2.0,167.49,6-12 Months,Medium (10-20km),0-3 Days
55123,0,25.0,Mobile Phone,2,12.0,Debit Card,Male,3.0,4,Grocery,4,Married,3,1,12.0,1.0,2.0,11.0,265.26,2+ Years,Medium (10-20km),8-15 Days
55124,0,12.0,Mobile Phone,3,9.0,Debit Card,Female,3.0,4,Laptop & Accessory,5,Married,5,0,16.0,1.0,2.0,8.0,193.93,6-12 Months,Near (<10km),8-15 Days
55125,0,8.0,Mobile Phone,3,22.0,Credit Card,Female,4.0,4,Laptop & Accessory,5,Single,3,0,13.0,5.0,10.0,7.0,186.25,6-12 Months,Far (>20km),4-7 Days
55126,0,1.0,Mobile Phone,1,26.0,Credit Card,Male,4.0,4,Mobile Phone,1,Married,5,0,12.0,1.0,2.0,3.0,161.69,0-6 Months,Far (>20km),0-3 Days
55127,1,21.0,Mobile Phone,1,14.0,Credit Card,Female,3.0,5,Fashion,5,Married,9,1,15.0,2.0,6.0,3.0,225.08,1-2 Years,Medium (10-20km),0-3 Days
55128,0,14.0,Mobile Phone,1,8.0,Debit Card,Male,3.0,4,Mobile Phone,4,Married,5,0,23.0,2.0,2.0,4.0,148.87,1-2 Years,Near (<10km),4-7 Days
55129,0,10.0,Computer,3,14.0,E Wallet,Female,3.0,2,Laptop & Accessory,5,Married,4,0,17.0,6.0,7.0,14.0,171.39,6-12 Months,Medium (10-20km),8-15 Days
55130,0,22.0,Mobile Phone,1,11.0,Debit Card,Male,3.0,4,Fashion,1,Single,3,0,12.0,2.0,2.0,9.0,203.98,1-2 Years,Medium (10-20km),8-15 Days
55131,0,1.0,Mobile Phone,3,18.0,Credit Card,Female,4.0,2,Mobile Phone,1,Married,10,0,15.0,1.0,2.0,1.0,150.34,0-6 Months,Medium (10-20km),0-3 Days
55132,0,25.0,Mobile Phone,1,18.0,Cash on Delivery,Female,3.0,5,Grocery,4,Single,5,0,17.0,1.0,2.0,4.0,256.42,2+ Years,Medium (10-20km),4-7 Days
55133,0,1.0,Computer,1,8.0,Debit Card,Female,4.0,4,Mobile Phone,1,Single,3,0,16.0,2.0,2.0,1.0,141.11,0-6 Months,Near (<10km),0-3 Days
55134,0,9.0,Mobile Phone,1,8.0,Credit Card,Female,3.0,5,Laptop & Accessory,1,Married,2,0,13.0,1.0,2.0,1.0,178.63,6-12 Months,Near (<10km),0-3 Days
55135,0,1.0,Computer,3,9.0,Debit Card,Male,3.0,6,Laptop & Accessory,1,Single,5,0,21.0,1.0,2.0,1.0,175.71,0-6 Months,Near (<10km),0-3 Days
55136,1,19.0,Mobile Phone,3,20.0,E Wallet,Male,3.0,2,Grocery,3,Single,8,1,18.0,1.0,4.0,9.0,261.95,1-2 Years,Medium (10-20km),8-15 Days
55137,0,30.0,Mobile Phone,1,30.0,Debit Card,Male,4.0,4,Grocery,4,Married,6,1,13.0,14.0,2.0,10.0,259.02,2+ Years,Far (>20km),8-15 Days
55138,0,8.0,Computer,1,33.0,Cash on Delivery,Female,4.0,5,Mobile Phone,3,Married,3,0,21.0,2.0,2.0,1.0,145.29,6-12 Months,Far (>20km),0-3 Days
55139,0,14.0,Mobile Phone,1,9.0,Credit Card,Female,3.0,2,Laptop & Accessory,3,Married,7,0,21.0,7.0,12.0,9.0,188.77,1-2 Years,Near (<10km),8-15 Days
55140,0,8.0,Mobile Phone,1,36.0,Credit Card,Male,3.0,4,Laptop & Accessory,3,Married,6,0,14.0,6.0,8.0,8.0,179.29,6-12 Months,Far (>20km),8-15 Days
55141,1,1.0,Computer,3,9.0,Debit Card,Female,3.0,5,Mobile Phone,1,Single,9,0,15.0,1.0,2.0,1.0,152.85,0-6 Months,Near (<10km),0-3 Days
55142,1,1.0,Computer,3,25.0,E Wallet,Female,4.0,4,Laptop & Accessory,3,Married,2,1,19.0,1.0,4.0,3.0,171.14,0-6 Months,Far (>20km),0-3 Days
55143,0,12.0,Computer,1,14.0,Debit Card,Male,3.0,2,Mobile Phone,3,Married,3,0,12.0,1.0,2.0,4.0,151.1,6-12 Months,Medium (10-20km),4-7 Days
55144,0,8.0,Mobile Phone,1,9.0,Cash on Delivery,Female,4.0,4,Laptop & Accessory,1,Single,3,0,12.0,5.0,5.0,12.0,191.87,6-12 Months,Near (<10km),8-15 Days
55145,0,2.0,Mobile Phone,3,33.0,Debit Card,Male,3.0,5,Laptop & Accessory,5,Married,3,0,12.0,2.0,2.0,5.0,172.24,0-6 Months,Far (>20km),4-7 Days
55146,1,1.0,Mobile Phone,1,29.0,Credit Card,Male,4.0,4,Laptop & Accessory,3,Married,3,1,16.0,6.0,7.0,8.0,186.79,0-6 Months,Far (>20km),8-15 Days
55147,0,13.0,Mobile Phone,3,28.0,Debit Card,Male,3.0,5,Laptop & Accessory,1,Married,5,1,13.0,1.0,2.0,5.0,186.2,1-2 Years,Far (>20km),4-7 Days
55148,0,25.0,Computer,3,9.0,E Wallet,Male,3.0,4,Fashion,4,Married,4,0,12.0,4.0,4.0,3.0,230.96,2+ Years,Near (<10km),0-3 Days
55149,0,15.0,Computer,1,29.0,Debit Card,Female,4.0,4,Laptop & Accessory,1,Married,5,1,15.0,3.0,4.0,4.0,179.67,1-2 Years,Far (>20km),4-7 Days
55150,0,11.0,Mobile Phone,1,11.0,Debit Card,Male,3.0,4,Mobile Phone,3,Married,9,1,16.0,2.0,2.0,4.0,154.96,6-12 Months,Medium (10-20km),4-7 Days
55151,0,7.0,Computer,3,12.0,Debit Card,Male,4.0,4,Laptop & Accessory,1,Married,8,0,14.0,2.0,2.0,3.0,224.98,6-12 Months,Medium (10-20km),0-3 Days
55152,0,6.0,Mobile Phone,3,9.0,E Wallet,Male,3.0,4,Laptop & Accessory,4,Married,2,1,14.0,2.0,2.0,3.0,165.78,0-6 Months,Near (<10km),0-3 Days
55153,0,13.0,Computer,1,32.0,Debit Card,Male,4.0,4,Fashion,3,Married,5,0,22.0,1.0,2.0,6.0,234.2,1-2 Years,Far (>20km),4-7 Days
55154,0,1.0,Mobile Phone,3,25.0,Debit Card,Male,4.0,2,Laptop & Accessory,3,Married,4,0,12.0,2.0,2.0,3.0,187.32,0-6 Months,Far (>20km),0-3 Days
55155,0,26.0,Computer,1,35.0,Credit Card,Female,3.0,2,Grocery,3,Married,4,1,12.0,2.0,2.0,3.0,257.47,2+ Years,Far (>20km),0-3 Days
55156,0,17.0,Mobile Phone,1,13.0,Credit Card,Female,4.0,5,Laptop & Accessory,3,Single,3,1,15.0,1.0,2.0,9.0,165.81,1-2 Years,Medium (10-20km),8-15 Days
55157,0,1.0,Mobile Phone,3,17.0,E Wallet,Female,4.0,5,Laptop & Accessory,1,Married,3,1,12.0,2.0,5.0,5.0,182.69,0-6 Months,Medium (10-20km),4-7 Days
55158,1,1.0,Mobile Phone,1,24.0,Debit Card,Female,3.0,4,Mobile Phone,3,Single,3,1,14.0,5.0,8.0,8.0,148.94,0-6 Months,Far (>20km),8-15 Days
55159,0,1.0,Mobile Phone,1,9.0,Credit Card,Male,3.0,5,Mobile Phone,1,Single,2,0,13.0,2.0,2.0,2.0,164.04,0-6 Months,Near (<10km),0-3 Days
55160,0,16.0,Mobile Phone,2,17.0,UPI,Female,3.0,4,Grocery,5,Married,2,0,15.0,1.0,2.0,10.0,292.99,1-2 Years,Medium (10-20km),8-15 Days
55161,0,26.0,Mobile Phone,1,15.0,UPI,Female,3.0,4,Mobile Phone,5,Married,11,0,14.0,2.0,2.0,5.0,154.5,2+ Years,Medium (10-20km),4-7 Days
55162,0,11.0,Mobile Phone,1,18.0,Credit Card,Female,4.0,4,Mobile Phone,3,Single,6,0,19.0,2.0,2.0,3.0,161.29,6-12 Months,Medium (10-20km),0-3 Days
55163,0,9.0,Computer,1,25.0,Debit Card,Male,3.0,4,Fashion,1,Single,4,0,12.0,3.0,3.0,3.0,218.62,6-12 Months,Far (>20km),0-3 Days
55164,0,1.0,Mobile Phone,1,8.0,Cash on Delivery,Male,3.0,4,Mobile Phone,1,Married,6,0,12.0,1.0,2.0,3.0,157.29,0-6 Months,Near (<10km),0-3 Days
55165,0,1.0,Mobile Phone,1,14.0,UPI,Male,4.0,2,Mobile Phone,5,Single,2,0,13.0,1.0,2.0,8.0,160.78,0-6 Months,Medium (10-20km),8-15 Days
55166,0,3.0,Mobile Phone,2,24.0,UPI,Male,3.0,5,Fashion,5,Single,3,0,14.0,1.0,2.0,10.0,204.88,0-6 Months,Far (>20km),8-15 Days
55167,1,13.0,Computer,1,35.0,Debit Card,Male,4.0,5,Laptop & Accessory,5,Single,5,0,21.0,1.0,2.0,4.0,167.84,1-2 Years,Far (>20km),4-7 Days
55168,1,1.0,Computer,1,21.0,UPI,Female,3.0,4,Fashion,1,Single,2,1,13.0,5.0,8.0,8.0,200.53,0-6 Months,Far (>20km),8-15 Days
55169,0,28.0,Mobile Phone,1,8.0,Credit Card,Female,3.0,4,Grocery,1,Single,8,0,15.0,7.0,13.0,8.0,298.28,2+ Years,Near (<10km),8-15 Days
55170,0,31.0,Mobile Phone,1,8.0,Credit Card,Female,4.0,4,Others,5,Married,5,1,15.0,2.0,2.0,6.0,322.01,2+ Years,Near (<10km),4-7 Days
55171,0,29.0,Mobile Phone,1,8.0,Credit Card,Male,3.0,2,Grocery,1,Married,4,0,14.0,1.0,2.0,1.0,272.32,2+ Years,Near (<10km),0-3 Days
55172,0,10.0,Mobile Phone,3,10.0,E Wallet,Female,4.0,4,Laptop & Accessory,4,Single,5,1,17.0,1.0,2.0,3.0,217.78,6-12 Months,Near (<10km),0-3 Days
55173,1,1.0,Computer,3,8.0,Debit Card,Female,3.0,6,Mobile Phone,3,Single,3,0,13.0,1.0,2.0,1.0,138.59,0-6 Months,Near (<10km),0-3 Days
55174,0,4.0,Mobile Phone,3,14.0,E Wallet,Female,4.0,4,Laptop & Accessory,5,Married,9,0,15.0,2.0,2.0,3.0,172.79,0-6 Months,Medium (10-20km),0-3 Days
55175,0,5.0,Mobile Phone,1,15.0,Debit Card,Female,4.0,4,Grocery,4,Single,5,0,12.0,1.0,2.0,1.0,289.22,0-6 Months,Medium (10-20km),0-3 Days
55176,0,8.0,Computer,1,8.0,UPI,Male,4.0,4,Mobile Phone,5,Married,7,0,15.0,2.0,2.0,4.0,154.96,6-12 Months,Near (<10km),4-7 Days
55177,1,1.0,Mobile Phone,1,15.0,Debit Card,Female,3.0,5,Mobile Phone,4,Single,3,0,13.0,1.0,2.0,1.0,137.61,0-6 Months,Medium (10-20km),0-3 Days
55178,0,1.0,Mobile Phone,1,18.0,Debit Card,Male,4.0,4,Mobile Phone,5,Married,2,0,15.0,2.0,2.0,5.0,145.99,0-6 Months,Medium (10-20km),4-7 Days
55179,0,10.0,Mobile Phone,1,11.0,Debit Card,Male,3.0,5,Laptop & Accessory,1,Single,3,0,17.0,1.0,2.0,9.0,183.1,6-12 Months,Medium (10-20km),8-15 Days
55180,0,10.0,Mobile Phone,3,23.0,E Wallet,Female,4.0,5,Laptop & Accessory,5,Married,6,0,14.0,2.0,2.0,3.0,181.47,6-12 Months,Far (>20km),0-3 Days
55181,0,21.0,Mobile Phone,1,8.0,Cash on Delivery,Male,4.0,4,Mobile Phone,1,Married,9,0,13.0,2.0,2.0,3.0,159.2,1-2 Years,Near (<10km),0-3 Days
55182,1,1.0,Mobile Phone,3,16.0,Debit Card,Male,4.0,5,Mobile Phone,5,Married,5,0,13.0,3.0,3.0,3.0,169.0,0-6 Months,Medium (10-20km),0-3 Days
55183,0,11.0,Computer,1,12.0,Cash on Delivery,Male,3.0,2,Mobile Phone,3,Single,2,0,15.0,1.0,2.0,4.0,160.0,6-12 Months,Medium (10-20km),4-7 Days
55184,0,30.0,Mobile Phone,1,8.0,Debit Card,Female,3.0,4,Mobile Phone,5,Married,4,0,23.0,1.0,2.0,1.0,145.66,2+ Years,Near (<10km),0-3 Days
55185,0,21.0,Mobile Phone,1,9.0,Credit Card,Female,3.0,4,Grocery,3,Married,5,0,15.0,3.0,6.0,7.0,296.69,1-2 Years,Near (<10km),4-7 Days
55186,0,1.0,Mobile Phone,3,11.0,Credit Card,Female,3.0,4,Laptop & Accessory,3,Married,3,1,13.0,2.0,2.0,4.0,166.62,0-6 Months,Medium (10-20km),4-7 Days
55187,0,6.0,Mobile Phone,3,14.0,E Wallet,Male,4.0,4,Laptop & Accessory,1,Married,6,0,13.0,1.0,2.0,3.0,217.04,0-6 Months,Medium (10-20km),0-3 Days
55188,0,8.0,Mobile Phone,1,8.0,Debit Card,Female,3.0,5,Mobile Phone,4,Married,7,0,18.0,2.0,2.0,3.0,157.94,6-12 Months,Near (<10km),0-3 Days
55189,0,15.0,Mobile Phone,1,12.0,Credit Card,Male,3.0,2,Mobile Phone,3,Married,4,1,13.0,1.0,2.0,4.0,146.27,1-2 Years,Medium (10-20km),4-7 Days
55190,0,14.0,Computer,1,16.0,UPI,Male,3.0,4,Laptop & Accessory,3,Married,5,0,12.0,1.0,2.0,8.0,164.75,1-2 Years,Medium (10-20km),8-15 Days
55191,0,5.0,Mobile Phone,3,15.0,Debit Card,Male,3.0,4,Fashion,1,Married,3,0,19.0,3.0,2.0,10.0,232.93,0-6 Months,Medium (10-20km),8-15 Days
55192,1,10.0,Mobile Phone,3,16.0,E Wallet,Male,3.0,4,Fashion,1,Married,6,0,12.0,5.0,5.0,3.0,225.96,6-12 Months,Medium (10-20km),0-3 Days
55193,1,3.0,Computer,1,9.0,Debit Card,Female,3.0,5,Mobile Phone,5,Single,4,1,24.0,1.0,2.0,1.0,161.46,0-6 Months,Near (<10km),0-3 Days
55194,1,1.0,Computer,1,8.0,Debit Card,Female,4.0,2,Fashion,4,Single,3,0,12.0,2.0,5.0,8.0,199.46,0-6 Months,Near (<10km),8-15 Days
55195,0,19.0,Mobile Phone,1,27.0,Credit Card,Male,4.0,6,Fashion,5,Married,4,1,19.0,2.0,2.0,8.0,233.51,1-2 Years,Far (>20km),8-15 Days
55196,0,5.0,Mobile Phone,2,15.0,Credit Card,Female,4.0,2,Mobile Phone,4,Single,11,0,19.0,2.0,2.0,3.0,146.09,0-6 Months,Medium (10-20km),0-3 Days
55197,1,1.0,Computer,1,9.0,Debit Card,Male,4.0,4,Mobile Phone,1,Married,8,1,14.0,1.0,3.0,3.0,162.22,0-6 Months,Near (<10km),0-3 Days
55198,0,19.0,Mobile Phone,1,36.0,Cash on Delivery,Male,3.0,4,Fashion,1,Married,6,1,19.0,2.0,2.0,3.0,218.8,1-2 Years,Far (>20km),0-3 Days
55199,0,22.0,Mobile Phone,3,14.0,E Wallet,Male,4.0,4,Laptop & Accessory,5,Married,6,0,12.0,1.0,3.0,3.0,179.86,1-2 Years,Medium (10-20km),0-3 Days
55200,1,1.0,Mobile Phone,2,16.0,Cash on Delivery,Female,3.0,4,Mobile Phone,3,Married,3,0,16.0,3.0,3.0,3.0,152.42,0-6 Months,Medium (10-20km),0-3 Days
55201,0,14.0,Computer,1,15.0,Credit Card,Male,3.0,5,Fashion,4,Married,4,0,12.0,1.0,5.0,9.0,262.57,1-2 Years,Medium (10-20km),8-15 Days
55202,0,2.0,Mobile Phone,3,12.0,Credit Card,Male,3.0,4,Laptop & Accessory,5,Single,2,0,19.0,1.0,2.0,3.0,209.63,0-6 Months,Medium (10-20km),0-3 Days
55203,0,18.0,Computer,1,12.0,Debit Card,Male,3.0,5,Mobile Phone,3,Single,5,0,15.0,1.0,2.0,4.0,156.62,1-2 Years,Medium (10-20km),4-7 Days
55204,0,27.0,Mobile Phone,1,9.0,Credit Card,Male,3.0,2,Grocery,4,Single,6,0,13.0,1.0,9.0,9.0,290.98,2+ Years,Near (<10km),8-15 Days
55205,0,23.0,Mobile Phone,1,12.0,Cash on Delivery,Male,4.0,4,Laptop & Accessory,3,Married,4,0,15.0,1.0,2.0,3.0,191.51,1-2 Years,Medium (10-20km),0-3 Days
55206,0,14.0,Mobile Phone,1,9.0,Credit Card,Male,4.0,4,Mobile Phone,3,Married,4,0,15.0,2.0,2.0,3.0,148.45,1-2 Years,Near (<10km),0-3 Days
55207,0,18.0,Mobile Phone,1,27.0,Debit Card,Male,3.0,4,Mobile Phone,4,Single,3,0,14.0,2.0,2.0,4.0,159.2,1-2 Years,Far (>20km),4-7 Days
55208,0,7.0,Computer,3,14.0,Credit Card,Male,3.0,4,Laptop & Accessory,5,Married,2,0,15.0,2.0,2.0,4.0,168.73,6-12 Months,Medium (10-20km),4-7 Days
55209,0,8.0,Mobile Phone,3,10.0,UPI,Male,3.0,6,Laptop & Accessory,5,Single,5,0,19.0,3.0,4.0,13.0,172.59,6-12 Months,Near (<10km),8-15 Days
55210,0,4.0,Mobile Phone,3,23.0,Debit Card,Male,4.0,4,Laptop & Accessory,3,Married,10,0,16.0,2.0,3.0,3.0,178.01,0-6 Months,Far (>20km),0-3 Days
55211,0,16.0,Computer,1,16.0,Credit Card,Female,4.0,4,Mobile Phone,1,Single,3,0,14.0,1.0,6.0,9.0,161.73,1-2 Years,Medium (10-20km),8-15 Days
55212,0,18.0,Computer,3,8.0,E Wallet,Female,4.0,4,Laptop & Accessory,3,Married,9,0,13.0,1.0,2.0,1.0,172.68,1-2 Years,Near (<10km),0-3 Days
55213,0,4.0,Computer,1,14.0,Cash on Delivery,Male,4.0,4,Mobile Phone,3,Married,3,0,14.0,1.0,2.0,1.0,137.74,0-6 Months,Medium (10-20km),0-3 Days
55214,0,31.0,Mobile Phone,1,8.0,Debit Card,Male,4.0,2,Laptop & Accessory,3,Married,2,0,25.0,2.0,3.0,9.0,174.0,2+ Years,Near (<10km),8-15 Days
55215,0,23.0,Mobile Phone,1,14.0,Debit Card,Male,3.0,4,Fashion,4,Married,5,0,15.0,1.0,2.0,3.0,229.66,1-2 Years,Medium (10-20km),0-3 Days
55216,0,8.0,Computer,1,22.0,Credit Card,Male,4.0,4,Grocery,5,Married,9,0,15.0,3.0,7.0,10.0,295.07,6-12 Months,Far (>20km),8-15 Days
55217,1,1.0,Computer,3,8.0,Cash on Delivery,Male,4.0,4,Mobile Phone,3,Married,5,0,16.0,2.0,2.0,3.0,154.09,0-6 Months,Near (<10km),0-3 Days
55218,1,1.0,Computer,3,20.0,Cash on Delivery,Female,3.0,4,Laptop & Accessory,4,Single,7,0,12.0,2.0,2.0,1.0,182.65,0-6 Months,Medium (10-20km),0-3 Days
55219,1,1.0,Mobile Phone,3,31.0,Credit Card,Female,3.0,5,Laptop & Accessory,4,Single,2,1,24.0,5.0,11.0,11.0,170.99,0-6 Months,Far (>20km),8-15 Days
55220,0,9.0,Mobile Phone,3,14.0,Debit Card,Male,4.0,4,Mobile Phone,3,Married,3,0,14.0,1.0,2.0,1.0,149.04,6-12 Months,Medium (10-20km),0-3 Days
55221,1,1.0,Computer,1,16.0,Credit Card,Male,3.0,4,Mobile Phone,5,Single,4,1,12.0,1.0,2.0,1.0,156.72,0-6 Months,Medium (10-20km),0-3 Days
55222,0,1.0,Computer,3,20.0,Debit Card,Female,4.0,4,Mobile Phone,4,Married,3,0,14.0,1.0,2.0,1.0,145.33,0-6 Months,Medium (10-20km),0-3 Days
55223,0,18.0,Computer,1,9.0,Credit Card,Male,3.0,4,Fashion,3,Single,7,1,19.0,3.0,3.0,3.0,227.09,1-2 Years,Near (<10km),0-3 Days
55224,0,3.0,Mobile Phone,3,26.0,Debit Card,Male,4.0,5,Laptop & Accessory,3,Married,3,0,15.0,2.0,2.0,3.0,211.2,0-6 Months,Far (>20km),0-3 Days
55225,0,4.0,Mobile Phone,2,8.0,Debit Card,Male,3.0,4,Mobile Phone,3,Married,2,0,22.0,1.0,2.0,4.0,145.64,0-6 Months,Near (<10km),4-7 Days
55226,0,29.0,Mobile Phone,1,11.0,Debit Card,Male,2.0,4,Laptop & Accessory,3,Married,2,1,17.0,2.0,2.0,3.0,165.35,2+ Years,Medium (10-20km),0-3 Days
55227,0,7.0,Mobile Phone,1,11.0,Credit Card,Female,3.0,5,Mobile Phone,4,Married,10,0,12.0,2.0,2.0,3.0,163.38,6-12 Months,Medium (10-20km),0-3 Days
55228,0,21.0,Mobile Phone,3,21.0,Credit Card,Female,4.0,4,Laptop & Accessory,3,Married,5,1,18.0,2.0,2.0,3.0,170.91,1-2 Years,Far (>20km),0-3 Days
55229,1,1.0,Computer,1,9.0,Credit Card,Male,3.0,5,Mobile Phone,5,Single,9,0,12.0,2.0,2.0,1.0,150.61,0-6 Months,Near (<10km),0-3 Days
55230,0,2.0,Mobile Phone,1,8.0,Debit Card,Male,4.0,5,Mobile Phone,3,Married,3,0,15.0,1.0,2.0,1.0,140.63,0-6 Months,Near (<10km),0-3 Days
55231,0,2.0,Computer,3,14.0,Debit Card,Male,3.0,4,Laptop & Accessory,5,Single,2,0,15.0,2.0,2.0,4.0,173.98,0-6 Months,Medium (10-20km),4-7 Days
55232,0,23.0,Mobile Phone,1,10.0,Credit Card,Female,3.0,5,Laptop & Accessory,5,Married,6,0,26.0,1.0,2.0,3.0,172.89,1-2 Years,Near (<10km),0-3 Days
55233,0,3.0,Computer,1,9.0,Debit Card,Female,4.0,4,Mobile Phone,4,Married,2,0,14.0,2.0,2.0,3.0,156.8,0-6 Months,Near (<10km),0-3 Days
55234,0,2.0,Mobile Phone,1,36.0,Debit Card,Male,4.0,6,Laptop & Accessory,4,Married,3,0,15.0,1.0,2.0,8.0,190.49,0-6 Months,Far (>20km),8-15 Days
55235,0,7.0,Mobile Phone,1,15.0,Debit Card,Male,4.0,4,Laptop & Accessory,3,Single,4,1,18.0,2.0,2.0,1.0,188.88,6-12 Months,Medium (10-20km),0-3 Days
55236,0,6.0,Mobile Phone,1,17.0,Credit Card,Male,4.0,4,Fashion,1,Single,4,0,26.0,1.0,2.0,1.0,237.44,0-6 Months,Medium (10-20km),0-3 Days
55237,0,28.0,Computer,1,18.0,Credit Card,Female,3.0,4,Grocery,1,Married,5,0,21.0,1.0,2.0,13.0,285.32,2+ Years,Medium (10-20km),8-15 Days
55238,1,1.0,Mobile Phone,1,8.0,Cash on Delivery,Male,4.0,5,Mobile Phone,5,Single,8,0,14.0,2.0,2.0,8.0,148.62,0-6 Months,Near (<10km),8-15 Days
55239,0,18.0,Mobile Phone,1,35.0,Debit Card,Male,3.0,4,Grocery,5,Married,5,0,14.0,1.0,15.0,18.0,288.28,1-2 Years,Far (>20km),15+ Days
55240,0,13.0,Mobile Phone,1,13.0,Debit Card,Female,3.0,4,Fashion,4,Single,6,0,19.0,3.0,3.0,3.0,208.76,1-2 Years,Medium (10-20km),0-3 Days
55241,0,20.0,Mobile Phone,3,10.0,Debit Card,Female,3.0,4,Grocery,4,Married,10,0,13.0,1.0,6.0,2.0,291.06,1-2 Years,Near (<10km),0-3 Days
55242,0,9.0,Mobile Phone,1,23.0,Debit Card,Female,4.0,5,Fashion,4,Single,3,0,20.0,4.0,4.0,3.0,211.06,6-12 Months,Far (>20km),0-3 Days
55243,0,1.0,Mobile Phone,1,27.0,Debit Card,Male,4.0,4,Laptop & Accessory,3,Single,2,0,15.0,2.0,2.0,3.0,147.72,0-6 Months,Far (>20km),0-3 Days
55244,1,4.0,Mobile Phone,1,16.0,Debit Card,Male,3.0,4,Mobile Phone,5,Single,5,0,15.0,2.0,2.0,1.0,145.18,0-6 Months,Medium (10-20km),0-3 Days
55245,0,8.0,Mobile Phone,3,8.0,Cash on Delivery,Male,4.0,5,Fashion,3,Married,3,1,15.0,8.0,9.0,7.0,195.83,6-12 Months,Near (<10km),4-7 Days
55246,1,1.0,Computer,1,10.0,Debit Card,Female,3.0,4,Mobile Phone,3,Single,3,0,13.0,3.0,8.0,8.0,165.84,0-6 Months,Near (<10km),8-15 Days
55247,0,24.0,Computer,1,29.0,Credit Card,Male,3.0,6,Grocery,1,Single,3,1,14.0,1.0,14.0,10.0,269.11,1-2 Years,Far (>20km),8-15 Days
55248,0,8.0,Mobile Phone,3,14.0,Cash on Delivery,Male,3.0,4,Mobile Phone,3,Married,2,1,26.0,4.0,6.0,8.0,148.08,6-12 Months,Medium (10-20km),8-15 Days
55249,0,16.0,Mobile Phone,1,9.0,Credit Card,Male,4.0,5,Mobile Phone,4,Married,6,0,15.0,1.0,2.0,1.0,173.41,1-2 Years,Near (<10km),0-3 Days
55250,0,11.0,Mobile Phone,1,20.0,Credit Card,Male,3.0,4,Laptop & Accessory,1,Married,3,0,18.0,3.0,4.0,8.0,167.85,6-12 Months,Medium (10-20km),8-15 Days
55251,0,3.0,Mobile Phone,1,15.0,UPI,Female,3.0,6,Laptop & Accessory,5,Married,5,0,14.0,2.0,2.0,3.0,222.15,0-6 Months,Medium (10-20km),0-3 Days
55252,0,7.0,Mobile Phone,1,32.0,Debit Card,Male,3.0,5,Laptop & Accessory,4,Single,3,0,14.0,2.0,2.0,3.0,168.2,6-12 Months,Far (>20km),0-3 Days
55253,0,19.0,Mobile Phone,1,35.0,Cash on Delivery,Male,4.0,4,Mobile Phone,1,Married,6,0,21.0,2.0,2.0,4.0,146.32,1-2 Years,Far (>20km),4-7 Days
55254,0,16.0,Computer,1,9.0,Debit Card,Male,3.0,4,Fashion,1,Married,4,1,15.0,5.0,14.0,3.0,226.24,1-2 Years,Near (<10km),0-3 Days
55255,0,14.0,Mobile Phone,3,16.0,Credit Card,Male,3.0,4,Laptop & Accessory,5,Married,2,0,13.0,8.0,8.0,2.0,179.73,1-2 Years,Medium (10-20km),0-3 Days
55256,0,7.0,Mobile Phone,1,35.0,Debit Card,Male,4.0,4,Laptop & Accessory,3,Married,3,1,13.0,5.0,6.0,8.0,177.07,6-12 Months,Far (>20km),8-15 Days
55257,0,14.0,Mobile Phone,2,13.0,Credit Card,Male,3.0,4,Grocery,1,Single,3,1,22.0,1.0,8.0,8.0,289.37,1-2 Years,Medium (10-20km),8-15 Days
55258,0,1.0,Mobile Phone,1,28.0,Cash on Delivery,Male,3.0,5,Mobile Phone,5,Married,2,0,15.0,1.0,2.0,1.0,147.96,0-6 Months,Far (>20km),0-3 Days
55259,0,14.0,Computer,1,15.0,Debit Card,Male,4.0,4,Laptop & Accessory,1,Married,5,1,19.0,2.0,3.0,3.0,165.69,1-2 Years,Medium (10-20km),0-3 Days
55260,0,19.0,Mobile Phone,1,8.0,Cash on Delivery,Male,4.0,4,Fashion,4,Married,3,0,13.0,4.0,8.0,8.0,199.41,1-2 Years,Near (<10km),8-15 Days
55261,0,9.0,Mobile Phone,3,35.0,Debit Card,Female,4.0,5,Mobile Phone,3,Married,2,0,24.0,3.0,5.0,3.0,149.3,6-12 Months,Far (>20km),0-3 Days
55262,0,6.0,Mobile Phone,1,12.0,Debit Card,Female,4.0,5,Laptop & Accessory,4,Married,5,0,13.0,2.0,3.0,6.0,183.78,0-6 Months,Medium (10-20km),4-7 Days
55263,0,10.0,Mobile Phone,3,9.0,Debit Card,Male,4.0,4,Mobile Phone,1,Single,5,1,22.0,2.0,2.0,3.0,151.44,6-12 Months,Near (<10km),0-3 Days
55264,0,22.0,Mobile Phone,3,23.0,Debit Card,Female,4.0,4,Laptop & Accessory,3,Married,10,0,15.0,8.0,8.0,8.0,189.39,1-2 Years,Far (>20km),8-15 Days
55265,0,3.0,Mobile Phone,1,16.0,Debit Card,Male,4.0,2,Mobile Phone,3,Married,8,0,19.0,1.0,2.0,1.0,149.51,0-6 Months,Medium (10-20km),0-3 Days
55266,0,7.0,Mobile Phone,3,15.0,Debit Card,Male,3.0,4,Laptop & Accessory,5,Married,4,0,14.0,3.0,3.0,3.0,188.92,6-12 Months,Medium (10-20km),0-3 Days
55267,1,1.0,Mobile Phone,3,8.0,Debit Card,Male,4.0,5,Laptop & Accessory,5,Married,3,0,12.0,2.0,7.0,3.0,222.14,0-6 Months,Near (<10km),0-3 Days
55268,0,12.0,Computer,2,17.0,UPI,Male,4.0,4,Laptop & Accessory,3,Married,5,0,12.0,1.0,2.0,3.0,185.77,6-12 Months,Medium (10-20km),0-3 Days
55269,0,9.0,Mobile Phone,1,8.0,Credit Card,Male,4.0,5,Mobile Phone,5,Single,3,0,20.0,2.0,2.0,3.0,149.5,6-12 Months,Near (<10km),0-3 Days
55270,0,8.0,Mobile Phone,3,36.0,Cash on Delivery,Male,3.0,4,Fashion,4,Married,5,0,13.0,2.0,2.0,3.0,217.5,6-12 Months,Far (>20km),0-3 Days
55271,1,1.0,Mobile Phone,1,9.0,Debit Card,Female,4.0,4,Mobile Phone,5,Married,3,1,13.0,2.0,2.0,1.0,145.74,0-6 Months,Near (<10km),0-3 Days
55272,1,17.0,Mobile Phone,1,9.0,Cash on Delivery,Female,4.0,5,Fashion,1,Married,2,0,17.0,1.0,2.0,3.0,226.69,1-2 Years,Near (<10km),0-3 Days
55273,1,2.0,Mobile Phone,1,9.0,Credit Card,Male,3.0,4,Laptop & Accessory,4,Married,6,0,12.0,2.0,2.0,5.0,173.55,0-6 Months,Near (<10km),4-7 Days
55274,0,6.0,Computer,1,8.0,Cash on Delivery,Male,4.0,4,Laptop & Accessory,5,Married,6,0,15.0,1.0,2.0,3.0,165.87,0-6 Months,Near (<10km),0-3 Days
55275,0,22.0,Mobile Phone,1,22.0,UPI,Female,4.0,4,Mobile Phone,5,Married,10,0,13.0,7.0,8.0,7.0,148.67,1-2 Years,Far (>20km),4-7 Days
55276,0,8.0,Mobile Phone,1,14.0,Credit Card,Male,3.0,4,Mobile Phone,1,Single,3,0,14.0,1.0,2.0,1.0,154.72,6-12 Months,Medium (10-20km),0-3 Days
55277,0,29.0,Mobile Phone,3,33.0,E Wallet,Male,3.0,5,Others,1,Married,3,0,15.0,1.0,3.0,14.0,320.86,2+ Years,Far (>20km),8-15 Days
55278,0,8.0,Mobile Phone,1,8.0,Debit Card,Male,3.0,4,Laptop & Accessory,1,Married,11,0,18.0,1.0,3.0,2.0,179.84,6-12 Months,Near (<10km),0-3 Days
55279,0,1.0,Mobile Phone,1,10.0,Debit Card,Female,3.0,4,Mobile Phone,1,Married,3,0,22.0,2.0,2.0,1.0,145.61,0-6 Months,Near (<10km),0-3 Days
55280,0,12.0,Mobile Phone,3,21.0,Debit Card,Male,4.0,4,Laptop & Accessory,4,Married,2,0,12.0,4.0,8.0,3.0,224.24,6-12 Months,Far (>20km),0-3 Days
55281,0,12.0,Mobile Phone,3,23.0,Debit Card,Female,3.0,4,Laptop & Accessory,4,Single,4,0,13.0,2.0,2.0,3.0,166.98,6-12 Months,Far (>20km),0-3 Days
55282,0,10.0,Mobile Phone,3,8.0,Debit Card,Female,4.0,4,Laptop & Accessory,3,Single,8,0,14.0,2.0,2.0,1.0,193.15,6-12 Months,Near (<10km),0-3 Days
55283,0,3.0,Mobile Phone,1,10.0,Credit Card,Male,3.0,4,Mobile Phone,5,Single,3,1,19.0,1.0,2.0,6.0,172.23,0-6 Months,Near (<10km),4-7 Days
55284,0,9.0,Mobile Phone,1,17.0,Credit Card,Female,3.0,4,Laptop & Accessory,3,Single,5,1,17.0,1.0,2.0,5.0,186.42,6-12 Months,Medium (10-20km),4-7 Days
55285,0,13.0,Mobile Phone,3,13.0,Credit Card,Male,3.0,2,Fashion,3,Married,4,0,12.0,4.0,8.0,7.0,207.37,1-2 Years,Medium (10-20km),4-7 Days
55286,0,3.0,Computer,1,9.0,Debit Card,Male,3.0,4,Laptop & Accessory,1,Married,3,0,20.0,2.0,2.0,3.0,213.53,0-6 Months,Near (<10km),0-3 Days
55287,0,24.0,Mobile Phone,3,16.0,E Wallet,Male,3.0,4,Others,3,Married,6,1,15.0,1.0,2.0,1.0,318.31,1-2 Years,Medium (10-20km),0-3 Days
55288,0,1.0,Mobile Phone,1,17.0,Cash on Delivery,Male,3.0,2,Mobile Phone,3,Married,4,0,17.0,1.0,3.0,3.0,145.73,0-6 Months,Medium (10-20km),0-3 Days
55289,0,10.0,Computer,1,13.0,Debit Card,Male,4.0,2,Laptop & Accessory,5,Married,5,1,14.0,1.0,2.0,3.0,180.62,6-12 Months,Medium (10-20km),0-3 Days
55290,0,16.0,Mobile Phone,1,16.0,UPI,Male,4.0,5,Others,1,Single,10,0,15.0,2.0,2.0,2.0,321.13,1-2 Years,Medium (10-20km),0-3 Days
55291,0,9.0,Mobile Phone,1,35.0,Debit Card,Male,3.0,2,Laptop & Accessory,3,Married,3,0,18.0,7.0,7.0,9.0,159.07,6-12 Months,Far (>20km),8-15 Days
55292,0,8.0,Computer,1,17.0,Cash on Delivery,Male,4.0,5,Laptop & Accessory,3,Married,3,0,15.0,2.0,8.0,8.0,175.63,6-12 Months,Medium (10-20km),8-15 Days
55293,0,14.0,Mobile Phone,3,21.0,Debit Card,Female,3.0,4,Laptop & Accessory,5,Married,3,0,16.0,1.0,2.0,3.0,171.39,1-2 Years,Far (>20km),0-3 Days
55294,0,17.0,Mobile Phone,1,34.0,Cash on Delivery,Male,3.0,2,Mobile Phone,4,Married,7,0,13.0,2.0,2.0,3.0,173.76,1-2 Years,Far (>20km),0-3 Days
55295,0,9.0,Mobile Phone,1,14.0,Debit Card,Male,4.0,5,Mobile Phone,1,Married,3,0,19.0,2.0,2.0,2.0,151.9,6-12 Months,Medium (10-20km),0-3 Days
55296,0,20.0,Mobile Phone,3,8.0,Debit Card,Male,3.0,2,Grocery,5,Single,3,0,15.0,1.0,2.0,13.0,300.67,1-2 Years,Near (<10km),8-15 Days
55297,1,1.0,Mobile Phone,1,31.0,Credit Card,Male,3.0,4,Mobile Phone,4,Married,3,1,18.0,1.0,2.0,1.0,149.08,0-6 Months,Far (>20km),0-3 Days
55298,0,1.0,Computer,1,33.0,UPI,Female,3.0,5,Mobile Phone,3,Married,3,1,15.0,2.0,2.0,4.0,153.14,0-6 Months,Far (>20km),4-7 Days
55299,0,24.0,Computer,1,27.0,Credit Card,Male,3.0,4,Grocery,3,Married,4,1,16.0,1.0,2.0,14.0,237.45,1-2 Years,Far (>20km),8-15 Days
55300,0,6.0,Mobile Phone,1,12.0,UPI,Female,3.0,2,Mobile Phone,1,Married,5,0,18.0,2.0,2.0,3.0,158.12,0-6 Months,Medium (10-20km),0-3 Days
55301,0,18.0,Mobile Phone,1,14.0,Credit Card,Female,3.0,4,Others,1,Married,2,1,15.0,1.0,2.0,11.0,315.49,1-2 Years,Medium (10-20km),8-15 Days
55302,0,4.0,Mobile Phone,1,14.0,Credit Card,Male,3.0,5,Mobile Phone,4,Married,3,0,13.0,2.0,2.0,2.0,146.41,0-6 Months,Medium (10-20km),0-3 Days
55303,0,19.0,Mobile Phone,1,12.0,Credit Card,Female,3.0,6,Laptop & Accessory,5,Single,3,1,15.0,1.0,2.0,5.0,182.69,1-2 Years,Medium (10-20km),4-7 Days
55304,0,19.0,Computer,3,33.0,E Wallet,Male,3.0,5,Laptop & Accessory,5,Married,3,0,16.0,4.0,5.0,6.0,168.85,1-2 Years,Far (>20km),4-7 Days
55305,0,5.0,Computer,3,9.0,UPI,Male,3.0,4,Laptop & Accessory,5,Single,9,0,14.0,2.0,2.0,4.0,178.32,0-6 Months,Near (<10km),4-7 Days
55306,0,10.0,Mobile Phone,1,19.0,Debit Card,Female,4.0,4,Laptop & Accessory,3,Married,11,1,13.0,1.0,2.0,2.0,171.63,6-12 Months,Medium (10-20km),0-3 Days
55307,0,8.0,Computer,1,17.0,Debit Card,Male,3.0,2,Laptop & Accessory,1,Married,3,0,14.0,4.0,8.0,3.0,172.24,6-12 Months,Medium (10-20km),0-3 Days
55308,0,23.0,Mobile Phone,1,32.0,Debit Card,Female,3.0,4,Mobile Phone,5,Married,3,0,15.0,2.0,2.0,5.0,157.11,1-2 Years,Far (>20km),4-7 Days
55309,0,13.0,Mobile Phone,1,17.0,Credit Card,Male,4.0,4,Laptop & Accessory,5,Married,4,0,14.0,4.0,8.0,8.0,178.77,1-2 Years,Medium (10-20km),8-15 Days
55310,0,1.0,Mobile Phone,1,26.0,UPI,Male,4.0,5,Mobile Phone,5,Married,3,0,12.0,1.0,2.0,8.0,165.66,0-6 Months,Far (>20km),8-15 Days
55311,0,9.0,Mobile Phone,1,25.0,Debit Card,Male,3.0,2,Laptop & Accessory,5,Married,3,0,12.0,2.0,2.0,11.0,177.08,6-12 Months,Far (>20km),8-15 Days
55312,0,2.0,Mobile Phone,1,34.0,Credit Card,Female,3.0,6,Laptop & Accessory,5,Married,2,0,22.0,2.0,2.0,1.0,173.77,0-6 Months,Far (>20km),0-3 Days
55313,0,1.0,Mobile Phone,1,12.0,Credit Card,Male,4.0,4,Mobile Phone,1,Single,3,0,19.0,1.0,3.0,3.0,156.17,0-6 Months,Medium (10-20km),0-3 Days
55314,1,1.0,Computer,3,10.0,Credit Card,Female,4.0,4,Mobile Phone,1,Single,3,1,13.0,2.0,2.0,1.0,140.69,0-6 Months,Near (<10km),0-3 Days
55315,0,21.0,Mobile Phone,2,33.0,Debit Card,Female,4.0,4,Others,3,Married,5,0,15.0,2.0,2.0,1.0,321.58,1-2 Years,Far (>20km),0-3 Days
55316,0,13.0,Mobile Phone,1,10.0,Credit Card,Male,4.0,5,Laptop & Accessory,3,Married,2,0,16.0,1.0,2.0,8.0,155.69,1-2 Years,Near (<10km),8-15 Days
55317,0,14.0,Mobile Phone,1,22.0,Debit Card,Female,4.0,5,Fashion,3,Married,3,0,14.0,7.0,15.0,3.0,229.35,1-2 Years,Far (>20km),0-3 Days
55318,0,9.0,Computer,1,15.0,Debit Card,Female,3.0,4,Laptop & Accessory,3,Married,3,0,13.0,1.0,3.0,10.0,166.48,6-12 Months,Medium (10-20km),8-15 Days
55319,0,11.0,Mobile Phone,1,26.0,Debit Card,Male,3.0,4,Laptop & Accessory,3,Married,5,0,18.0,1.0,2.0,3.0,182.68,6-12 Months,Far (>20km),0-3 Days
55320,0,13.0,Computer,1,11.0,Credit Card,Female,3.0,4,Laptop & Accessory,3,Single,2,0,14.0,4.0,4.0,9.0,175.42,1-2 Years,Medium (10-20km),8-15 Days
55321,0,19.0,Mobile Phone,1,9.0,UPI,Female,3.0,5,Laptop & Accessory,1,Married,3,0,20.0,4.0,4.0,10.0,182.7,1-2 Years,Near (<10km),8-15 Days
55322,0,12.0,Mobile Phone,1,9.0,Credit Card,Female,3.0,5,Fashion,3,Married,5,1,20.0,1.0,2.0,3.0,202.56,6-12 Months,Near (<10km),0-3 Days
55323,1,1.0,Mobile Phone,3,17.0,Credit Card,Male,3.0,5,Fashion,5,Married,11,0,18.0,1.0,7.0,3.0,228.06,0-6 Months,Medium (10-20km),0-3 Days
55324,0,11.0,Mobile Phone,1,17.0,Credit Card,Female,4.0,4,Mobile Phone,4,Married,3,0,12.0,5.0,8.0,8.0,164.36,6-12 Months,Medium (10-20km),8-15 Days
55325,0,14.0,Mobile Phone,1,23.0,Debit Card,Female,3.0,4,Fashion,1,Single,8,1,16.0,4.0,4.0,4.0,204.45,1-2 Years,Far (>20km),4-7 Days
55326,0,18.0,Computer,2,8.0,UPI,Male,3.0,4,Laptop & Accessory,1,Married,6,1,12.0,2.0,2.0,3.0,182.43,1-2 Years,Near (<10km),0-3 Days
55327,0,22.0,Computer,1,11.0,Credit Card,Male,3.0,5,Grocery,1,Married,4,0,26.0,1.0,3.0,3.0,277.02,1-2 Years,Medium (10-20km),0-3 Days
55328,1,1.0,Mobile Phone,3,22.0,Credit Card,Male,3.0,6,Laptop & Accessory,1,Married,8,1,15.0,1.0,3.0,3.0,179.4,0-6 Months,Far (>20km),0-3 Days
55329,0,1.0,Computer,1,9.0,Cash on Delivery,Female,3.0,4,Mobile Phone,1,Single,3,1,14.0,1.0,2.0,4.0,162.6,0-6 Months,Near (<10km),4-7 Days
55330,0,1.0,Mobile Phone,1,15.0,Credit Card,Female,3.0,2,Mobile Phone,3,Married,9,0,18.0,1.0,2.0,3.0,160.17,0-6 Months,Medium (10-20km),0-3 Days
55331,0,1.0,Computer,1,9.0,Credit Card,Male,3.0,4,Mobile Phone,1,Single,4,0,14.0,1.0,2.0,3.0,150.8,0-6 Months,Near (<10km),0-3 Days
55332,1,4.0,Mobile Phone,1,14.0,Debit Card,Male,4.0,4,Mobile Phone,5,Single,5,1,15.0,1.0,2.0,4.0,146.66,0-6 Months,Medium (10-20km),4-7 Days
55333,0,3.0,Mobile Phone,3,17.0,Credit Card,Male,3.0,5,Laptop & Accessory,3,Single,11,0,12.0,2.0,2.0,5.0,183.69,0-6 Months,Medium (10-20km),4-7 Days
55334,0,10.0,Mobile Phone,1,12.0,Debit Card,Female,3.0,4,Fashion,5,Married,6,0,13.0,2.0,2.0,3.0,205.08,6-12 Months,Medium (10-20km),0-3 Days
55335,0,1.0,Computer,1,9.0,Debit Card,Male,4.0,2,Laptop & Accessory,3,Married,3,0,18.0,2.0,2.0,8.0,177.06,0-6 Months,Near (<10km),8-15 Days
55336,0,13.0,Mobile Phone,1,19.0,Credit Card,Male,4.0,4,Laptop & Accessory,4,Married,6,0,22.0,2.0,2.0,1.0,177.95,1-2 Years,Medium (10-20km),0-3 Days
55337,0,23.0,Mobile Phone,1,29.0,UPI,Female,4.0,4,Grocery,4,Married,5,0,17.0,1.0,2.0,3.0,289.13,1-2 Years,Far (>20km),0-3 Days
55338,0,24.0,Mobile Phone,1,24.0,Debit Card,Female,3.0,5,Fashion,5,Married,7,0,16.0,1.0,2.0,12.0,257.69,1-2 Years,Far (>20km),8-15 Days
55339,0,1.0,Mobile Phone,3,9.0,Credit Card,Female,3.0,4,Mobile Phone,3,Single,3,0,20.0,1.0,3.0,3.0,152.83,0-6 Months,Near (<10km),0-3 Days
55340,0,8.0,Mobile Phone,1,10.0,Debit Card,Female,4.0,4,Laptop & Accessory,4,Married,3,0,13.0,2.0,8.0,10.0,179.33,6-12 Months,Near (<10km),8-15 Days
55341,0,10.0,Mobile Phone,1,14.0,Debit Card,Male,4.0,4,Mobile Phone,4,Single,4,0,12.0,1.0,2.0,4.0,145.13,6-12 Months,Medium (10-20km),4-7 Days
55342,0,23.0,Mobile Phone,1,13.0,Debit Card,Female,3.0,5,Grocery,3,Married,4,1,20.0,1.0,3.0,13.0,264.66,1-2 Years,Medium (10-20km),8-15 Days
55343,0,10.0,Computer,1,8.0,Credit Card,Female,3.0,5,Laptop & Accessory,3,Married,2,0,16.0,1.0,2.0,3.0,168.74,6-12 Months,Near (<10km),0-3 Days
55344,0,10.0,Mobile Phone,1,10.0,Debit Card,Male,4.0,2,Laptop & Accessory,5,Married,8,0,21.0,1.0,2.0,5.0,193.42,6-12 Months,Near (<10km),4-7 Days
55345,0,28.0,Mobile Phone,1,29.0,Credit Card,Female,4.0,4,Grocery,3,Married,5,0,15.0,4.0,5.0,8.0,299.26,2+ Years,Far (>20km),8-15 Days
55346,0,17.0,Mobile Phone,1,22.0,Debit Card,Male,4.0,5,Grocery,3,Married,3,0,15.0,3.0,7.0,12.0,301.03,1-2 Years,Far (>20km),8-15 Days
55347,1,1.0,Computer,3,19.0,UPI,Male,3.0,4,Laptop & Accessory,1,Single,5,1,25.0,6.0,7.0,8.0,170.81,0-6 Months,Medium (10-20km),8-15 Days
55348,0,12.0,Computer,1,8.0,Debit Card,Male,3.0,4,Laptop & Accessory,1,Married,9,0,16.0,2.0,3.0,10.0,172.35,6-12 Months,Near (<10km),8-15 Days
55349,0,3.0,Mobile Phone,3,12.0,Credit Card,Male,3.0,5,Laptop & Accessory,4,Married,3,1,14.0,1.0,2.0,10.0,166.87,0-6 Months,Medium (10-20km),8-15 Days
55350,0,7.0,Mobile Phone,3,9.0,Credit Card,Male,4.0,4,Laptop & Accessory,1,Married,3,0,15.0,2.0,2.0,5.0,180.05,6-12 Months,Near (<10km),4-7 Days
55351,0,6.0,Mobile Phone,1,9.0,Credit Card,Male,3.0,4,Laptop & Accessory,4,Married,2,0,14.0,2.0,2.0,7.0,179.7,0-6 Months,Near (<10km),4-7 Days
55352,0,5.0,Mobile Phone,3,12.0,Debit Card,Female,4.0,4,Laptop & Accessory,1,Married,3,0,12.0,1.0,2.0,3.0,179.76,0-6 Months,Medium (10-20km),0-3 Days
55353,0,23.0,Mobile Phone,1,23.0,Credit Card,Female,4.0,4,Mobile Phone,5,Married,6,1,17.0,1.0,3.0,3.0,150.87,1-2 Years,Far (>20km),0-3 Days
55354,0,12.0,Computer,1,9.0,Credit Card,Female,3.0,5,Mobile Phone,4,Single,3,0,23.0,1.0,4.0,4.0,149.4,6-12 Months,Near (<10km),4-7 Days
55355,0,21.0,Mobile Phone,3,9.0,Debit Card,Female,3.0,2,Grocery,4,Married,8,0,15.0,1.0,2.0,3.0,284.72,1-2 Years,Near (<10km),0-3 Days
55356,0,23.0,Mobile Phone,1,8.0,Debit Card,Male,3.0,4,Grocery,3,Single,6,0,15.0,1.0,2.0,1.0,278.79,1-2 Years,Near (<10km),0-3 Days
55357,0,15.0,Mobile Phone,3,30.0,Debit Card,Male,4.0,4,Fashion,3,Single,5,1,17.0,1.0,2.0,3.0,195.82,1-2 Years,Far (>20km),0-3 Days
55358,0,1.0,Mobile Phone,3,16.0,Debit Card,Male,3.0,4,Mobile Phone,5,Single,3,0,12.0,1.0,2.0,3.0,152.28,0-6 Months,Medium (10-20km),0-3 Days
55359,0,7.0,Computer,3,23.0,Debit Card,Female,3.0,4,Laptop & Accessory,1,Married,3,1,26.0,1.0,2.0,3.0,178.68,6-12 Months,Far (>20km),0-3 Days
55360,0,10.0,Mobile Phone,1,33.0,Debit Card,Male,4.0,4,Laptop & Accessory,3,Married,8,0,15.0,2.0,2.0,3.0,178.47,6-12 Months,Far (>20km),0-3 Days
55361,0,18.0,Mobile Phone,2,8.0,Debit Card,Female,3.0,4,Mobile Phone,1,Married,6,1,19.0,3.0,3.0,3.0,156.95,1-2 Years,Near (<10km),0-3 Days
55362,1,1.0,Mobile Phone,1,15.0,Credit Card,Male,4.0,5,Mobile Phone,3,Single,3,1,12.0,2.0,2.0,3.0,164.89,0-6 Months,Medium (10-20km),0-3 Days
55363,0,12.0,Mobile Phone,1,11.0,Credit Card,Female,3.0,4,Mobile Phone,3,Married,9,0,20.0,1.0,2.0,1.0,158.06,6-12 Months,Medium (10-20km),0-3 Days
55364,0,27.0,Mobile Phone,1,31.0,Credit Card,Male,3.0,2,Fashion,1,Married,5,0,16.0,1.0,2.0,3.0,195.05,2+ Years,Far (>20km),0-3 Days
55365,1,12.0,Computer,3,14.0,Credit Card,Female,4.0,4,Mobile Phone,3,Married,4,1,12.0,2.0,8.0,8.0,151.55,6-12 Months,Medium (10-20km),8-15 Days
55366,1,1.0,Mobile Phone,1,9.0,Debit Card,Male,4.0,4,Mobile Phone,4,Single,3,0,13.0,1.0,2.0,1.0,138.93,0-6 Months,Near (<10km),0-3 Days
55367,0,1.0,Computer,1,14.0,Credit Card,Male,4.0,4,Mobile Phone,1,Single,3,0,21.0,1.0,6.0,8.0,150.7,0-6 Months,Medium (10-20km),8-15 Days
55368,0,29.0,Mobile Phone,1,29.0,Cash on Delivery,Male,4.0,5,Mobile Phone,4,Married,7,0,13.0,2.0,2.0,3.0,160.37,2+ Years,Far (>20km),0-3 Days
55369,0,8.0,Mobile Phone,1,12.0,Credit Card,Male,3.0,5,Laptop & Accessory,1,Married,3,0,15.0,1.0,5.0,14.0,164.86,6-12 Months,Medium (10-20km),8-15 Days
55370,0,31.0,Mobile Phone,1,8.0,Credit Card,Male,4.0,6,Fashion,1,Married,5,0,21.0,2.0,2.0,1.0,233.82999999999998,2+ Years,Near (<10km),0-3 Days
55371,0,7.0,Mobile Phone,1,28.0,Credit Card,Male,4.0,2,Mobile Phone,4,Married,3,0,19.0,1.0,3.0,14.0,145.28,6-12 Months,Far (>20km),8-15 Days
55372,0,11.0,Computer,3,8.0,Credit Card,Male,3.0,6,Laptop & Accessory,1,Married,3,0,15.0,2.0,2.0,3.0,220.25,6-12 Months,Near (<10km),0-3 Days
55373,0,8.0,Mobile Phone,1,26.0,Debit Card,Female,3.0,5,Mobile Phone,1,Married,3,0,13.0,2.0,9.0,8.0,154.29,6-12 Months,Far (>20km),8-15 Days
55374,1,1.0,Mobile Phone,3,14.0,Debit Card,Male,4.0,4,Mobile Phone,1,Married,3,1,22.0,2.0,2.0,3.0,147.75,0-6 Months,Medium (10-20km),0-3 Days
55375,0,18.0,Mobile Phone,1,9.0,Debit Card,Female,4.0,2,Fashion,1,Married,3,1,20.0,2.0,7.0,8.0,203.79,1-2 Years,Near (<10km),8-15 Days
55376,0,9.0,Computer,1,9.0,Credit Card,Male,4.0,5,Mobile Phone,1,Single,2,1,15.0,2.0,2.0,5.0,174.3,6-12 Months,Near (<10km),4-7 Days
55377,0,17.0,Mobile Phone,3,9.0,Credit Card,Male,4.0,4,Laptop & Accessory,1,Married,3,1,18.0,4.0,9.0,9.0,203.47,1-2 Years,Near (<10km),8-15 Days
55378,0,1.0,Mobile Phone,1,16.0,Credit Card,Male,4.0,2,Mobile Phone,3,Married,3,0,17.0,1.0,2.0,5.0,169.01,0-6 Months,Medium (10-20km),4-7 Days
55379,0,15.0,Mobile Phone,3,13.0,E Wallet,Male,3.0,4,Fashion,3,Single,3,0,13.0,4.0,9.0,3.0,217.41,1-2 Years,Medium (10-20km),0-3 Days
55380,0,3.0,Mobile Phone,1,16.0,Credit Card,Female,3.0,4,Mobile Phone,3,Married,11,0,18.0,1.0,2.0,3.0,154.74,0-6 Months,Medium (10-20km),0-3 Days
55381,0,10.0,Mobile Phone,3,9.0,Debit Card,Female,3.0,4,Laptop & Accessory,1,Single,5,0,16.0,7.0,7.0,8.0,170.02,6-12 Months,Near (<10km),8-15 Days
55382,0,19.0,Computer,1,8.0,Debit Card,Male,4.0,5,Fashion,3,Married,5,0,24.0,5.0,2.0,5.0,232.48000000000002,1-2 Years,Near (<10km),4-7 Days
55383,1,1.0,Mobile Phone,2,29.0,UPI,Male,3.0,6,Mobile Phone,3,Married,3,0,12.0,1.0,2.0,1.0,140.55,0-6 Months,Far (>20km),0-3 Days
55384,1,11.0,Computer,3,16.0,Debit Card,Male,3.0,6,Grocery,3,Married,9,0,12.0,7.0,2.0,11.0,254.36,6-12 Months,Medium (10-20km),8-15 Days
55385,0,1.0,Mobile Phone,1,24.0,Credit Card,Male,4.0,6,Mobile Phone,3,Married,3,0,16.0,2.0,2.0,3.0,148.05,0-6 Months,Far (>20km),0-3 Days
55386,0,19.0,Mobile Phone,1,35.0,Cash on Delivery,Female,3.0,5,Grocery,4,Single,3,0,15.0,7.0,9.0,7.0,292.04,1-2 Years,Far (>20km),4-7 Days
55387,0,6.0,Computer,1,17.0,Debit Card,Male,3.0,4,Mobile Phone,3,Married,8,0,14.0,1.0,2.0,4.0,159.33,0-6 Months,Medium (10-20km),4-7 Days
55388,0,5.0,Mobile Phone,1,9.0,Debit Card,Male,4.0,4,Mobile Phone,3,Married,3,0,15.0,2.0,2.0,4.0,159.77,0-6 Months,Near (<10km),4-7 Days
55389,0,15.0,Computer,2,11.0,UPI,Male,3.0,6,Laptop & Accessory,4,Married,8,0,20.0,1.0,2.0,3.0,189.3,1-2 Years,Medium (10-20km),0-3 Days
55390,0,14.0,Mobile Phone,1,15.0,Debit Card,Female,4.0,4,Laptop & Accessory,5,Married,4,1,17.0,2.0,2.0,1.0,190.16,1-2 Years,Medium (10-20km),0-3 Days
55391,0,1.0,Mobile Phone,1,36.0,Credit Card,Male,4.0,4,Mobile Phone,5,Married,3,0,14.0,2.0,2.0,3.0,164.07,0-6 Months,Far (>20km),0-3 Days
55392,0,20.0,Mobile Phone,1,20.0,Debit Card,Male,3.0,4,Laptop & Accessory,4,Single,8,0,15.0,2.0,2.0,10.0,180.62,1-2 Years,Medium (10-20km),8-15 Days
55393,0,9.0,Mobile Phone,1,34.0,Debit Card,Male,3.0,4,Laptop & Accessory,3,Married,4,0,17.0,2.0,2.0,8.0,193.83,6-12 Months,Far (>20km),8-15 Days
55394,0,4.0,Mobile Phone,1,23.0,Debit Card,Male,3.0,4,Mobile Phone,1,Married,3,0,13.0,1.0,2.0,9.0,153.62,0-6 Months,Far (>20km),8-15 Days
55395,0,21.0,Computer,3,9.0,E Wallet,Male,3.0,4,Laptop & Accessory,4,Married,9,0,12.0,1.0,2.0,1.0,174.78,1-2 Years,Near (<10km),0-3 Days
55396,0,20.0,Mobile Phone,3,9.0,Debit Card,Male,4.0,4,Fashion,1,Married,6,1,13.0,1.0,2.0,3.0,228.68,1-2 Years,Near (<10km),0-3 Days
55397,1,1.0,Mobile Phone,3,20.0,E Wallet,Male,4.0,5,Laptop & Accessory,5,Married,7,1,14.0,2.0,3.0,3.0,186.34,0-6 Months,Medium (10-20km),0-3 Days
55398,1,1.0,Mobile Phone,3,8.0,Debit Card,Male,3.0,6,Laptop & Accessory,4,Single,8,0,16.0,1.0,2.0,1.0,192.35,0-6 Months,Near (<10km),0-3 Days
55399,0,1.0,Mobile Phone,1,11.0,Credit Card,Female,3.0,4,Mobile Phone,4,Single,3,0,14.0,1.0,2.0,3.0,157.95,0-6 Months,Medium (10-20km),0-3 Days
55400,0,5.0,Computer,1,31.0,Cash on Delivery,Female,2.0,4,Laptop & Accessory,1,Single,4,0,21.0,1.0,2.0,5.0,177.38,0-6 Months,Far (>20km),4-7 Days
55401,0,13.0,Computer,1,8.0,Debit Card,Male,4.0,4,Laptop & Accessory,1,Married,3,1,16.0,1.0,6.0,9.0,189.72,1-2 Years,Near (<10km),8-15 Days
55402,0,6.0,Mobile Phone,3,26.0,Debit Card,Male,4.0,6,Fashion,3,Married,5,0,14.0,1.0,2.0,3.0,221.1,0-6 Months,Far (>20km),0-3 Days
55403,0,14.0,Mobile Phone,3,14.0,Credit Card,Male,3.0,4,Others,4,Single,3,0,15.0,13.0,13.0,9.0,323.33,1-2 Years,Medium (10-20km),8-15 Days
55404,0,19.0,Mobile Phone,2,11.0,Debit Card,Female,3.0,6,Fashion,3,Married,6,0,22.0,2.0,2.0,3.0,222.56,1-2 Years,Medium (10-20km),0-3 Days
55405,0,4.0,Computer,1,9.0,Cash on Delivery,Female,4.0,5,Mobile Phone,5,Single,2,0,17.0,1.0,2.0,8.0,174.68,0-6 Months,Near (<10km),8-15 Days
55406,0,1.0,Computer,2,17.0,Credit Card,Male,3.0,4,Mobile Phone,1,Married,2,0,15.0,1.0,3.0,2.0,146.45,0-6 Months,Medium (10-20km),0-3 Days
55407,1,1.0,Computer,2,15.0,UPI,Female,4.0,5,Mobile Phone,1,Married,8,0,12.0,2.0,2.0,3.0,146.8,0-6 Months,Medium (10-20km),0-3 Days
55408,0,5.0,Mobile Phone,3,12.0,Cash on Delivery,Male,3.0,4,Laptop & Accessory,3,Married,3,0,20.0,2.0,2.0,3.0,208.46,0-6 Months,Medium (10-20km),0-3 Days
55409,0,1.0,Mobile Phone,1,15.0,Credit Card,Female,4.0,4,Mobile Phone,1,Single,3,0,12.0,1.0,2.0,5.0,159.45,0-6 Months,Medium (10-20km),4-7 Days
55410,1,1.0,Mobile Phone,3,16.0,E Wallet,Female,3.0,6,Mobile Phone,4,Single,3,0,14.0,3.0,3.0,3.0,152.6,0-6 Months,Medium (10-20km),0-3 Days
55411,0,3.0,Computer,1,8.0,Debit Card,Male,4.0,2,Laptop & Accessory,3,Single,10,1,13.0,2.0,2.0,3.0,187.94,0-6 Months,Near (<10km),0-3 Days
55412,0,4.0,Mobile Phone,3,22.0,E Wallet,Male,4.0,5,Fashion,5,Married,4,0,12.0,2.0,2.0,8.0,196.4,0-6 Months,Far (>20km),8-15 Days
55413,0,8.0,Mobile Phone,1,9.0,Credit Card,Male,4.0,2,Mobile Phone,1,Married,2,1,15.0,2.0,2.0,3.0,154.32,6-12 Months,Near (<10km),0-3 Days
55414,0,7.0,Computer,3,9.0,E Wallet,Female,4.0,4,Laptop & Accessory,4,Single,10,0,16.0,2.0,2.0,8.0,176.47,6-12 Months,Near (<10km),8-15 Days
55415,0,23.0,Mobile Phone,3,18.0,E Wallet,Female,4.0,4,Laptop & Accessory,1,Single,5,0,13.0,1.0,2.0,5.0,170.07,1-2 Years,Medium (10-20km),4-7 Days
55416,1,1.0,Mobile Phone,3,23.0,Debit Card,Female,4.0,4,Fashion,5,Single,4,1,21.0,2.0,2.0,3.0,210.64,0-6 Months,Far (>20km),0-3 Days
55417,0,12.0,Computer,1,9.0,Credit Card,Female,4.0,5,Mobile Phone,4,Married,6,0,15.0,1.0,2.0,6.0,149.68,6-12 Months,Near (<10km),4-7 Days
55418,1,1.0,Mobile Phone,3,23.0,E Wallet,Male,4.0,4,Fashion,3,Married,4,0,14.0,1.0,2.0,1.0,206.61,0-6 Months,Far (>20km),0-3 Days
55419,0,3.0,Mobile Phone,1,11.0,Cash on Delivery,Female,4.0,5,Mobile Phone,5,Married,3,0,14.0,1.0,2.0,1.0,146.09,0-6 Months,Medium (10-20km),0-3 Days
55420,0,4.0,Mobile Phone,1,23.0,Debit Card,Male,3.0,2,Laptop & Accessory,3,Married,5,0,17.0,2.0,2.0,8.0,177.94,0-6 Months,Far (>20km),8-15 Days
55421,0,6.0,Computer,1,12.0,Cash on Delivery,Male,4.0,4,Mobile Phone,4,Single,4,0,15.0,2.0,2.0,8.0,152.18,0-6 Months,Medium (10-20km),8-15 Days
55422,0,12.0,Mobile Phone,1,25.0,Credit Card,Male,3.0,6,Laptop & Accessory,1,Married,5,1,17.0,1.0,2.0,1.0,183.11,6-12 Months,Far (>20km),0-3 Days
55423,1,7.0,Computer,1,24.0,Cash on Delivery,Male,3.0,5,Mobile Phone,3,Married,11,1,17.0,2.0,2.0,1.0,149.37,6-12 Months,Far (>20km),0-3 Days
55424,0,16.0,Mobile Phone,1,19.0,Credit Card,Male,3.0,4,Mobile Phone,4,Married,10,0,23.0,2.0,2.0,5.0,152.66,1-2 Years,Medium (10-20km),4-7 Days
55425,0,29.0,Mobile Phone,1,9.0,Credit Card,Male,3.0,5,Others,5,Married,10,0,15.0,2.0,2.0,1.0,315.38,2+ Years,Near (<10km),0-3 Days
55426,0,7.0,Computer,1,11.0,Cash on Delivery,Male,3.0,4,Laptop & Accessory,4,Married,7,0,16.0,1.0,2.0,8.0,155.55,6-12 Months,Medium (10-20km),8-15 Days
55427,0,15.0,Mobile Phone,1,16.0,Debit Card,Male,4.0,4,Mobile Phone,5,Married,3,0,21.0,1.0,2.0,5.0,147.89,1-2 Years,Medium (10-20km),4-7 Days
55428,0,8.0,Computer,3,17.0,Debit Card,Male,3.0,4,Laptop & Accessory,3,Married,3,1,15.0,2.0,2.0,8.0,165.01,6-12 Months,Medium (10-20km),8-15 Days
55429,0,27.0,Computer,1,8.0,Credit Card,Female,3.0,5,Grocery,3,Married,6,1,21.0,2.0,2.0,3.0,254.64999999999998,2+ Years,Near (<10km),0-3 Days
55430,0,17.0,Mobile Phone,2,9.0,Debit Card,Male,4.0,4,Mobile Phone,1,Single,2,0,14.0,2.0,2.0,9.0,160.39,1-2 Years,Near (<10km),8-15 Days
55431,0,8.0,Mobile Phone,3,10.0,Debit Card,Female,3.0,6,Laptop & Accessory,1,Single,7,0,13.0,3.0,3.0,3.0,185.29,6-12 Months,Near (<10km),0-3 Days
55432,1,1.0,Mobile Phone,3,14.0,E Wallet,Male,3.0,4,Mobile Phone,4,Single,3,0,14.0,1.0,2.0,1.0,151.79,0-6 Months,Medium (10-20km),0-3 Days
55433,0,12.0,Mobile Phone,1,13.0,UPI,Female,3.0,5,Mobile Phone,3,Married,3,0,12.0,2.0,2.0,5.0,162.02,6-12 Months,Medium (10-20km),4-7 Days
55434,1,1.0,Mobile Phone,1,15.0,Credit Card,Female,4.0,4,Mobile Phone,5,Married,3,1,18.0,1.0,2.0,1.0,148.98,0-6 Months,Medium (10-20km),0-3 Days
55435,0,5.0,Mobile Phone,3,36.0,E Wallet,Female,4.0,5,Laptop & Accessory,1,Married,3,0,15.0,1.0,6.0,8.0,179.68,0-6 Months,Far (>20km),8-15 Days
55436,0,25.0,Mobile Phone,1,10.0,Cash on Delivery,Female,3.0,4,Fashion,3,Married,4,0,12.0,3.0,2.0,3.0,256.16,2+ Years,Near (<10km),0-3 Days
55437,0,11.0,Mobile Phone,3,16.0,E Wallet,Male,3.0,5,Laptop & Accessory,4,Married,3,0,15.0,2.0,2.0,4.0,166.89,6-12 Months,Medium (10-20km),4-7 Days
55438,0,20.0,Mobile Phone,1,9.0,Credit Card,Male,3.0,4,Others,1,Married,9,1,15.0,3.0,3.0,3.0,318.28,1-2 Years,Near (<10km),0-3 Days
55439,0,10.0,Mobile Phone,1,17.0,Debit Card,Male,3.0,4,Fashion,5,Married,9,1,14.0,3.0,6.0,8.0,208.21,6-12 Months,Medium (10-20km),8-15 Days
55440,1,8.0,Computer,1,8.0,Credit Card,Male,4.0,4,Mobile Phone,4,Married,3,1,13.0,3.0,3.0,4.0,148.42,6-12 Months,Near (<10km),4-7 Days
55441,0,11.0,Mobile Phone,2,15.0,UPI,Male,3.0,4,Laptop & Accessory,4,Married,4,0,14.0,4.0,5.0,8.0,165.71,6-12 Months,Medium (10-20km),8-15 Days
55442,1,1.0,Mobile Phone,3,34.0,Debit Card,Male,3.0,4,Laptop & Accessory,1,Single,3,1,19.0,4.0,8.0,8.0,183.13,0-6 Months,Far (>20km),8-15 Days
55443,0,7.0,Mobile Phone,1,15.0,Debit Card,Male,3.0,2,Mobile Phone,5,Married,8,0,20.0,4.0,8.0,7.0,156.43,6-12 Months,Medium (10-20km),4-7 Days
55444,0,2.0,Mobile Phone,1,8.0,Debit Card,Male,3.0,4,Mobile Phone,1,Married,3,0,12.0,1.0,2.0,4.0,145.44,0-6 Months,Near (<10km),4-7 Days
55445,0,13.0,Mobile Phone,1,17.0,Credit Card,Male,4.0,4,Fashion,3,Single,9,0,22.0,3.0,2.0,3.0,259.64,1-2 Years,Medium (10-20km),0-3 Days
55446,0,20.0,Computer,3,33.0,Debit Card,Male,4.0,5,Laptop & Accessory,4,Single,10,0,16.0,2.0,3.0,3.0,204.91,1-2 Years,Far (>20km),0-3 Days
55447,0,14.0,Mobile Phone,1,9.0,Debit Card,Female,4.0,4,Mobile Phone,5,Married,6,0,18.0,2.0,2.0,3.0,158.77,1-2 Years,Near (<10km),0-3 Days
55448,0,16.0,Mobile Phone,1,20.0,Credit Card,Male,4.0,2,Laptop & Accessory,5,Married,7,0,19.0,2.0,2.0,1.0,180.38,1-2 Years,Medium (10-20km),0-3 Days
55449,0,9.0,Computer,1,9.0,Credit Card,Male,3.0,4,Laptop & Accessory,1,Married,4,0,15.0,2.0,2.0,8.0,182.62,6-12 Months,Near (<10km),8-15 Days
55450,0,12.0,Computer,2,9.0,UPI,Male,4.0,4,Mobile Phone,4,Married,7,0,14.0,3.0,4.0,9.0,150.92,6-12 Months,Near (<10km),8-15 Days
55451,1,1.0,Computer,1,16.0,Debit Card,Male,4.0,4,Laptop & Accessory,5,Married,6,0,18.0,1.0,2.0,8.0,178.46,0-6 Months,Medium (10-20km),8-15 Days
55452,1,1.0,Mobile Phone,1,17.0,Credit Card,Male,3.0,4,Laptop & Accessory,5,Single,3,0,16.0,1.0,2.0,9.0,167.13,0-6 Months,Medium (10-20km),8-15 Days
55453,0,13.0,Computer,3,27.0,Debit Card,Male,3.0,4,Laptop & Accessory,1,Married,4,0,19.0,2.0,3.0,3.0,166.27,1-2 Years,Far (>20km),0-3 Days
55454,0,17.0,Computer,1,16.0,Debit Card,Male,3.0,4,Mobile Phone,3,Single,6,0,14.0,2.0,2.0,3.0,149.38,1-2 Years,Medium (10-20km),0-3 Days
55455,0,15.0,Mobile Phone,1,12.0,Debit Card,Male,3.0,2,Laptop & Accessory,4,Single,5,0,13.0,1.0,2.0,3.0,193.7,1-2 Years,Medium (10-20km),0-3 Days
55456,0,15.0,Mobile Phone,3,11.0,E Wallet,Female,3.0,4,Fashion,3,Married,2,1,14.0,6.0,14.0,3.0,229.47,1-2 Years,Medium (10-20km),0-3 Days
55457,0,4.0,Mobile Phone,1,17.0,Credit Card,Female,4.0,4,Fashion,3,Single,11,0,15.0,1.0,2.0,3.0,221.67,0-6 Months,Medium (10-20km),0-3 Days
55458,1,1.0,Mobile Phone,2,27.0,Credit Card,Female,4.0,4,Mobile Phone,4,Married,2,1,12.0,1.0,2.0,5.0,146.48,0-6 Months,Far (>20km),4-7 Days
55459,1,10.0,Mobile Phone,1,28.0,Credit Card,Female,4.0,4,Laptop & Accessory,4,Married,6,0,23.0,4.0,4.0,3.0,214.26,6-12 Months,Far (>20km),0-3 Days
55460,0,14.0,Mobile Phone,1,8.0,Debit Card,Female,3.0,4,Laptop & Accessory,1,Married,6,0,18.0,1.0,2.0,4.0,190.13,1-2 Years,Near (<10km),4-7 Days
55461,0,8.0,Mobile Phone,3,15.0,Cash on Delivery,Male,4.0,2,Laptop & Accessory,3,Married,3,0,22.0,3.0,5.0,9.0,192.99,6-12 Months,Medium (10-20km),8-15 Days
55462,0,31.0,Computer,3,9.0,Credit Card,Male,3.0,4,Grocery,4,Married,6,0,23.0,1.0,15.0,15.0,287.91,2+ Years,Near (<10km),8-15 Days
55463,0,9.0,Mobile Phone,1,30.0,Credit Card,Male,4.0,6,Mobile Phone,3,Married,2,0,17.0,1.0,2.0,4.0,152.05,6-12 Months,Far (>20km),4-7 Days
55464,0,21.0,Mobile Phone,1,11.0,Debit Card,Female,4.0,5,Fashion,4,Married,10,1,13.0,6.0,15.0,3.0,228.33,1-2 Years,Medium (10-20km),0-3 Days
55465,0,14.0,Mobile Phone,1,19.0,Debit Card,Female,3.0,4,Laptop & Accessory,5,Married,4,0,13.0,2.0,8.0,8.0,169.48,1-2 Years,Medium (10-20km),8-15 Days
55466,0,28.0,Mobile Phone,1,14.0,Credit Card,Female,4.0,4,Laptop & Accessory,1,Married,6,0,16.0,2.0,2.0,8.0,193.54,2+ Years,Medium (10-20km),8-15 Days
55467,0,5.0,Computer,3,14.0,E Wallet,Female,4.0,4,Fashion,5,Married,4,0,15.0,3.0,3.0,3.0,221.37,0-6 Months,Medium (10-20km),0-3 Days
55468,0,2.0,Mobile Phone,1,8.0,Credit Card,Female,4.0,4,Mobile Phone,5,Married,3,0,26.0,2.0,2.0,3.0,160.91,0-6 Months,Near (<10km),0-3 Days
55469,0,12.0,Mobile Phone,3,9.0,E Wallet,Female,4.0,6,Laptop & Accessory,1,Married,4,1,21.0,1.0,2.0,4.0,179.05,6-12 Months,Near (<10km),4-7 Days
55470,0,1.0,Mobile Phone,3,17.0,Credit Card,Male,3.0,4,Laptop & Accessory,1,Single,3,0,14.0,2.0,2.0,3.0,171.84,0-6 Months,Medium (10-20km),0-3 Days
55471,0,31.0,Computer,1,22.0,Debit Card,Male,3.0,4,Grocery,3,Married,4,1,15.0,1.0,3.0,3.0,282.87,2+ Years,Far (>20km),0-3 Days
55472,0,1.0,Computer,1,21.0,Credit Card,Female,3.0,4,Mobile Phone,3,Single,3,0,17.0,2.0,2.0,1.0,140.14,0-6 Months,Far (>20km),0-3 Days
55473,1,1.0,Mobile Phone,2,25.0,UPI,Male,3.0,2,Mobile Phone,5,Married,2,0,18.0,2.0,2.0,1.0,154.56,0-6 Months,Far (>20km),0-3 Days
55474,1,1.0,Mobile Phone,2,20.0,UPI,Male,3.0,5,Mobile Phone,5,Married,6,1,16.0,3.0,3.0,1.0,148.35,0-6 Months,Medium (10-20km),0-3 Days
55475,0,19.0,Computer,3,9.0,Debit Card,Female,4.0,4,Laptop & Accessory,3,Married,6,0,23.0,4.0,6.0,8.0,176.54,1-2 Years,Near (<10km),8-15 Days
55476,0,10.0,Mobile Phone,1,9.0,UPI,Female,4.0,4,Laptop & Accessory,4,Married,6,1,23.0,2.0,2.0,1.0,194.62,6-12 Months,Near (<10km),0-3 Days
55477,0,17.0,Computer,3,9.0,Debit Card,Male,4.0,4,Laptop & Accessory,1,Married,3,0,21.0,8.0,8.0,8.0,181.75,1-2 Years,Near (<10km),8-15 Days
55478,0,1.0,Computer,1,12.0,Debit Card,Female,3.0,4,Mobile Phone,1,Single,2,1,15.0,2.0,2.0,3.0,148.79,0-6 Months,Medium (10-20km),0-3 Days
55479,0,3.0,Computer,1,27.0,Credit Card,Male,3.0,4,Mobile Phone,1,Married,3,0,14.0,2.0,4.0,11.0,163.12,0-6 Months,Far (>20km),8-15 Days
55480,0,6.0,Computer,3,17.0,E Wallet,Male,4.0,4,Laptop & Accessory,1,Single,10,0,14.0,1.0,2.0,1.0,171.48,0-6 Months,Medium (10-20km),0-3 Days
55481,0,16.0,Computer,1,17.0,Cash on Delivery,Male,3.0,4,Mobile Phone,3,Married,5,0,23.0,4.0,4.0,4.0,154.36,1-2 Years,Medium (10-20km),4-7 Days
55482,0,21.0,Mobile Phone,1,16.0,Debit Card,Female,4.0,4,Mobile Phone,3,Single,6,0,13.0,1.0,3.0,1.0,146.05,1-2 Years,Medium (10-20km),0-3 Days
55483,0,20.0,Mobile Phone,1,9.0,Debit Card,Male,3.0,4,Fashion,1,Married,5,0,15.0,1.0,5.0,3.0,210.78,1-2 Years,Near (<10km),0-3 Days
55484,0,2.0,Computer,2,8.0,Debit Card,Male,3.0,4,Mobile Phone,1,Married,3,0,16.0,2.0,3.0,3.0,152.06,0-6 Months,Near (<10km),0-3 Days
55485,0,3.0,Mobile Phone,1,36.0,Debit Card,Male,4.0,6,Laptop & Accessory,3,Married,10,0,18.0,1.0,2.0,7.0,188.84,0-6 Months,Far (>20km),4-7 Days
55486,0,16.0,Mobile Phone,1,15.0,Debit Card,Male,3.0,4,Mobile Phone,3,Single,6,0,14.0,2.0,2.0,1.0,164.68,1-2 Years,Medium (10-20km),0-3 Days
55487,1,1.0,Mobile Phone,3,9.0,E Wallet,Male,3.0,5,Laptop & Accessory,4,Single,9,1,13.0,2.0,3.0,3.0,224.07,0-6 Months,Near (<10km),0-3 Days
55488,0,20.0,Mobile Phone,3,10.0,Cash on Delivery,Female,3.0,2,Grocery,5,Married,4,0,13.0,3.0,2.0,9.0,257.25,1-2 Years,Near (<10km),8-15 Days
55489,0,1.0,Mobile Phone,3,30.0,Credit Card,Female,3.0,5,Laptop & Accessory,3,Married,3,0,22.0,4.0,6.0,9.0,160.4,0-6 Months,Far (>20km),8-15 Days
55490,0,3.0,Mobile Phone,2,13.0,Credit Card,Male,3.0,5,Mobile Phone,4,Married,3,0,12.0,2.0,2.0,1.0,153.04,0-6 Months,Medium (10-20km),0-3 Days
55491,0,17.0,Mobile Phone,1,13.0,Credit Card,Female,3.0,5,Others,3,Married,9,0,15.0,7.0,7.0,15.0,318.92,1-2 Years,Medium (10-20km),8-15 Days
55492,0,22.0,Mobile Phone,1,17.0,Debit Card,Male,4.0,5,Others,4,Married,6,0,15.0,4.0,13.0,10.0,321.65,1-2 Years,Medium (10-20km),8-15 Days
55493,1,1.0,Computer,1,31.0,Debit Card,Male,4.0,5,Mobile Phone,1,Single,3,1,25.0,2.0,2.0,1.0,149.39,0-6 Months,Far (>20km),0-3 Days
55494,1,10.0,Mobile Phone,3,17.0,Debit Card,Female,4.0,4,Fashion,4,Married,7,0,22.0,2.0,2.0,8.0,198.14,6-12 Months,Medium (10-20km),8-15 Days
55495,0,1.0,Computer,1,22.0,Debit Card,Female,4.0,5,Mobile Phone,5,Married,2,0,20.0,1.0,8.0,4.0,172.74,0-6 Months,Far (>20km),4-7 Days
55496,0,13.0,Mobile Phone,1,26.0,UPI,Male,3.0,4,Laptop & Accessory,1,Married,10,0,15.0,1.0,3.0,3.0,164.02,1-2 Years,Far (>20km),0-3 Days
55497,0,29.0,Mobile Phone,1,9.0,Cash on Delivery,Male,4.0,5,Mobile Phone,1,Married,10,0,21.0,2.0,2.0,5.0,151.62,2+ Years,Near (<10km),4-7 Days
55498,0,2.0,Mobile Phone,3,10.0,Credit Card,Female,4.0,4,Mobile Phone,4,Married,3,0,20.0,2.0,2.0,1.0,153.56,0-6 Months,Near (<10km),0-3 Days
55499,1,1.0,Mobile Phone,3,16.0,Credit Card,Male,3.0,4,Mobile Phone,1,Single,3,0,14.0,1.0,2.0,1.0,135.81,0-6 Months,Medium (10-20km),0-3 Days
55500,1,1.0,Mobile Phone,1,14.0,Debit Card,Male,4.0,4,Mobile Phone,4,Single,3,1,24.0,2.0,2.0,1.0,149.72,0-6 Months,Medium (10-20km),0-3 Days
55501,0,10.0,Mobile Phone,3,17.0,Cash on Delivery,Female,4.0,5,Laptop & Accessory,3,Married,3,1,14.0,1.0,2.0,8.0,181.73,6-12 Months,Medium (10-20km),8-15 Days
55502,0,5.0,Mobile Phone,1,27.0,Debit Card,Male,3.0,4,Laptop & Accessory,3,Married,3,0,12.0,1.0,2.0,3.0,166.97,0-6 Months,Far (>20km),0-3 Days
55503,0,8.0,Mobile Phone,3,11.0,Debit Card,Male,4.0,4,Fashion,1,Married,4,1,14.0,1.0,2.0,3.0,222.13,6-12 Months,Medium (10-20km),0-3 Days
55504,0,3.0,Mobile Phone,1,14.0,Debit Card,Male,3.0,4,Mobile Phone,5,Single,5,0,15.0,1.0,2.0,3.0,145.62,0-6 Months,Medium (10-20km),0-3 Days
55505,0,11.0,Mobile Phone,1,14.0,Credit Card,Male,4.0,4,Laptop & Accessory,5,Married,7,1,23.0,1.0,2.0,5.0,167.84,6-12 Months,Medium (10-20km),4-7 Days
55506,0,9.0,Mobile Phone,1,23.0,UPI,Female,3.0,5,Laptop & Accessory,4,Married,2,1,12.0,1.0,2.0,3.0,172.88,6-12 Months,Far (>20km),0-3 Days
55507,0,19.0,Mobile Phone,1,32.0,Debit Card,Female,4.0,5,Laptop & Accessory,1,Married,2,0,14.0,1.0,4.0,9.0,184.06,1-2 Years,Far (>20km),8-15 Days
55508,0,10.0,Computer,2,9.0,UPI,Male,4.0,5,Laptop & Accessory,1,Single,3,0,22.0,2.0,2.0,9.0,163.86,6-12 Months,Near (<10km),8-15 Days
55509,0,14.0,Mobile Phone,1,8.0,Debit Card,Male,4.0,4,Grocery,5,Married,4,0,15.0,3.0,12.0,17.0,293.23,1-2 Years,Near (<10km),15+ Days
55510,0,1.0,Mobile Phone,1,8.0,Debit Card,Female,3.0,5,Mobile Phone,3,Married,3,1,14.0,1.0,2.0,1.0,154.33,0-6 Months,Near (<10km),0-3 Days
55511,0,1.0,Mobile Phone,3,9.0,Credit Card,Female,3.0,2,Laptop & Accessory,3,Single,2,0,15.0,1.0,2.0,8.0,190.0,0-6 Months,Near (<10km),8-15 Days
55512,0,22.0,Computer,1,29.0,Credit Card,Female,3.0,4,Grocery,1,Married,5,0,15.0,2.0,5.0,8.0,296.74,1-2 Years,Far (>20km),8-15 Days
55513,0,18.0,Mobile Phone,1,8.0,Debit Card,Male,4.0,2,Laptop & Accessory,5,Married,4,0,16.0,2.0,3.0,3.0,175.33,1-2 Years,Near (<10km),0-3 Days
55514,1,1.0,Computer,1,23.0,Cash on Delivery,Male,3.0,6,Mobile Phone,5,Married,3,1,24.0,1.0,4.0,1.0,148.07,0-6 Months,Far (>20km),0-3 Days
55515,1,20.0,Mobile Phone,1,31.0,Debit Card,Male,4.0,4,Mobile Phone,1,Single,3,0,17.0,1.0,2.0,1.0,150.87,1-2 Years,Far (>20km),0-3 Days
55516,0,10.0,Mobile Phone,3,24.0,E Wallet,Male,3.0,5,Laptop & Accessory,4,Married,4,0,17.0,2.0,2.0,4.0,180.07,6-12 Months,Far (>20km),4-7 Days
55517,0,15.0,Mobile Phone,3,15.0,E Wallet,Female,3.0,4,Laptop & Accessory,4,Married,7,0,22.0,1.0,2.0,5.0,168.93,1-2 Years,Medium (10-20km),4-7 Days
55518,0,16.0,Mobile Phone,1,13.0,Credit Card,Male,3.0,4,Fashion,5,Married,11,0,14.0,6.0,2.0,8.0,258.48,1-2 Years,Medium (10-20km),8-15 Days
55519,0,5.0,Mobile Phone,3,17.0,Credit Card,Female,3.0,4,Laptop & Accessory,1,Married,4,1,12.0,2.0,2.0,5.0,190.83,0-6 Months,Medium (10-20km),4-7 Days
55520,0,8.0,Mobile Phone,3,10.0,Credit Card,Female,4.0,5,Laptop & Accessory,1,Married,5,1,13.0,1.0,2.0,2.0,206.03,6-12 Months,Near (<10km),0-3 Days
55521,0,5.0,Mobile Phone,1,11.0,Credit Card,Female,4.0,2,Mobile Phone,3,Married,10,0,13.0,2.0,3.0,3.0,164.78,0-6 Months,Medium (10-20km),0-3 Days
55522,0,1.0,Computer,1,13.0,UPI,Male,4.0,2,Mobile Phone,1,Married,2,0,19.0,3.0,8.0,8.0,150.44,0-6 Months,Medium (10-20km),8-15 Days
55523,0,19.0,Computer,1,8.0,Credit Card,Male,3.0,4,Laptop & Accessory,3,Single,6,0,13.0,1.0,2.0,4.0,178.99,1-2 Years,Near (<10km),4-7 Days
55524,0,7.0,Mobile Phone,3,17.0,E Wallet,Male,3.0,4,Laptop & Accessory,3,Single,3,0,15.0,1.0,2.0,10.0,179.87,6-12 Months,Medium (10-20km),8-15 Days
55525,0,2.0,Computer,3,8.0,Debit Card,Male,3.0,5,Laptop & Accessory,1,Married,3,1,13.0,2.0,2.0,8.0,193.34,0-6 Months,Near (<10km),8-15 Days
55526,1,1.0,Computer,3,31.0,Cash on Delivery,Male,3.0,2,Mobile Phone,5,Single,3,0,18.0,1.0,2.0,1.0,135.91,0-6 Months,Far (>20km),0-3 Days
55527,0,13.0,Computer,3,28.0,Debit Card,Female,3.0,6,Laptop & Accessory,3,Married,8,0,20.0,1.0,2.0,3.0,182.36,1-2 Years,Far (>20km),0-3 Days
55528,0,1.0,Mobile Phone,1,9.0,Cash on Delivery,Male,3.0,4,Mobile Phone,4,Married,3,0,12.0,1.0,2.0,3.0,147.26,0-6 Months,Near (<10km),0-3 Days
55529,0,8.0,Computer,1,29.0,UPI,Male,3.0,5,Laptop & Accessory,1,Married,3,1,16.0,4.0,7.0,12.0,182.47,6-12 Months,Far (>20km),8-15 Days
55530,1,1.0,Mobile Phone,3,20.0,E Wallet,Female,3.0,4,Laptop & Accessory,3,Single,5,1,12.0,1.0,3.0,3.0,223.54,0-6 Months,Medium (10-20km),0-3 Days
55531,0,21.0,Computer,1,21.0,Cash on Delivery,Male,4.0,4,Laptop & Accessory,4,Married,10,0,19.0,1.0,2.0,8.0,179.67,1-2 Years,Far (>20km),8-15 Days
55532,0,30.0,Mobile Phone,3,18.0,E Wallet,Female,3.0,5,Laptop & Accessory,5,Married,6,0,17.0,1.0,2.0,1.0,178.8,2+ Years,Medium (10-20km),0-3 Days
55533,0,13.0,Mobile Phone,1,16.0,Credit Card,Male,3.0,4,Laptop & Accessory,5,Married,3,0,26.0,1.0,8.0,10.0,176.51,1-2 Years,Medium (10-20km),8-15 Days
55534,0,12.0,Computer,1,15.0,Credit Card,Female,3.0,5,Laptop & Accessory,4,Married,3,1,17.0,2.0,2.0,8.0,146.33,6-12 Months,Medium (10-20km),8-15 Days
55535,0,61.0,Mobile Phone,3,28.0,Debit Card,Female,4.0,4,Grocery,1,Married,6,1,15.0,1.0,2.0,1.0,303.75,2+ Years,Far (>20km),0-3 Days
55536,1,1.0,Computer,1,12.0,Debit Card,Female,3.0,2,Mobile Phone,3,Single,5,1,15.0,1.0,2.0,4.0,149.32,0-6 Months,Medium (10-20km),4-7 Days
55537,0,12.0,Mobile Phone,1,16.0,Debit Card,Male,4.0,4,Mobile Phone,1,Married,4,0,20.0,1.0,2.0,4.0,172.71,6-12 Months,Medium (10-20km),4-7 Days
55538,0,23.0,Computer,1,9.0,Debit Card,Male,3.0,4,Others,1,Married,5,0,15.0,5.0,5.0,4.0,316.61,1-2 Years,Near (<10km),4-7 Days
55539,0,16.0,Mobile Phone,3,19.0,E Wallet,Male,4.0,4,Laptop & Accessory,1,Married,5,1,13.0,2.0,2.0,1.0,175.87,1-2 Years,Medium (10-20km),0-3 Days
55540,1,1.0,Computer,2,29.0,UPI,Female,3.0,5,Mobile Phone,4,Married,3,0,13.0,2.0,2.0,1.0,153.63,0-6 Months,Far (>20km),0-3 Days
55541,0,9.0,Mobile Phone,3,25.0,Credit Card,Male,4.0,4,Laptop & Accessory,5,Married,2,0,17.0,2.0,2.0,5.0,180.61,6-12 Months,Far (>20km),4-7 Days
55542,0,2.0,Computer,1,23.0,Credit Card,Male,3.0,4,Mobile Phone,3,Single,3,0,15.0,1.0,2.0,5.0,146.44,0-6 Months,Far (>20km),4-7 Days
55543,0,5.0,Computer,1,10.0,Credit Card,Male,3.0,4,Mobile Phone,5,Married,3,1,14.0,3.0,3.0,4.0,155.65,0-6 Months,Near (<10km),4-7 Days
55544,0,10.0,Computer,1,16.0,Debit Card,Male,4.0,2,Mobile Phone,4,Married,3,0,23.0,2.0,2.0,3.0,153.1,6-12 Months,Medium (10-20km),0-3 Days
55545,0,8.0,Mobile Phone,3,8.0,E Wallet,Male,3.0,4,Fashion,1,Single,3,0,22.0,3.0,3.0,3.0,223.88,6-12 Months,Near (<10km),0-3 Days
55546,0,8.0,Mobile Phone,3,20.0,Credit Card,Male,3.0,4,Fashion,3,Married,3,0,19.0,1.0,2.0,3.0,211.28,6-12 Months,Medium (10-20km),0-3 Days
55547,0,1.0,Mobile Phone,1,8.0,Credit Card,Male,4.0,4,Mobile Phone,5,Single,2,0,14.0,8.0,8.0,7.0,153.67,0-6 Months,Near (<10km),4-7 Days
55548,0,3.0,Mobile Phone,1,8.0,Debit Card,Male,3.0,4,Laptop & Accessory,5,Married,2,0,13.0,1.0,2.0,3.0,178.73,0-6 Months,Near (<10km),0-3 Days
55549,0,6.0,Computer,1,22.0,Credit Card,Female,3.0,4,Laptop & Accessory,1,Married,7,0,19.0,1.0,2.0,3.0,191.67,0-6 Months,Far (>20km),0-3 Days
55550,0,5.0,Computer,1,8.0,Debit Card,Male,3.0,6,Laptop & Accessory,5,Married,3,0,22.0,7.0,9.0,8.0,175.03,0-6 Months,Near (<10km),8-15 Days
55551,1,1.0,Mobile Phone,1,24.0,Cash on Delivery,Male,3.0,5,Mobile Phone,1,Married,7,0,13.0,2.0,2.0,4.0,148.67,0-6 Months,Far (>20km),4-7 Days
55552,0,12.0,Mobile Phone,3,8.0,Debit Card,Male,3.0,5,Mobile Phone,5,Single,6,0,15.0,2.0,2.0,1.0,153.58,6-12 Months,Near (<10km),0-3 Days
55553,0,9.0,Mobile Phone,3,14.0,Debit Card,Female,3.0,4,Laptop & Accessory,1,Married,3,1,12.0,2.0,2.0,10.0,177.04,6-12 Months,Medium (10-20km),8-15 Days
55554,0,1.0,Mobile Phone,3,16.0,E Wallet,Male,3.0,4,Laptop & Accessory,1,Single,3,0,15.0,2.0,2.0,8.0,166.05,0-6 Months,Medium (10-20km),8-15 Days
55555,0,6.0,Mobile Phone,1,12.0,Debit Card,Male,3.0,5,Laptop & Accessory,1,Single,10,0,25.0,2.0,2.0,3.0,221.79,0-6 Months,Medium (10-20km),0-3 Days
55556,1,1.0,Computer,3,33.0,E Wallet,Male,4.0,4,Laptop & Accessory,1,Married,3,1,12.0,1.0,2.0,9.0,181.17,0-6 Months,Far (>20km),8-15 Days
55557,1,17.0,Mobile Phone,3,31.0,Debit Card,Male,4.0,4,Fashion,5,Single,8,1,14.0,1.0,3.0,3.0,229.48,1-2 Years,Far (>20km),0-3 Days
55558,0,28.0,Mobile Phone,1,16.0,Debit Card,Female,4.0,4,Laptop & Accessory,3,Married,5,0,12.0,2.0,3.0,4.0,153.97,2+ Years,Medium (10-20km),4-7 Days
55559,0,7.0,Computer,1,14.0,Debit Card,Male,3.0,4,Laptop & Accessory,3,Married,3,0,21.0,1.0,3.0,9.0,184.68,6-12 Months,Medium (10-20km),8-15 Days
55560,0,17.0,Mobile Phone,1,18.0,Debit Card,Male,2.0,4,Fashion,3,Married,3,0,18.0,2.0,2.0,10.0,200.1,1-2 Years,Medium (10-20km),8-15 Days
55561,0,12.0,Computer,2,8.0,UPI,Male,3.0,4,Mobile Phone,4,Married,2,1,12.0,1.0,2.0,3.0,154.91,6-12 Months,Near (<10km),0-3 Days
55562,0,29.0,Mobile Phone,2,33.0,UPI,Male,4.0,2,Others,4,Married,6,1,15.0,2.0,2.0,5.0,321.36,2+ Years,Far (>20km),4-7 Days
55563,0,5.0,Mobile Phone,1,9.0,Credit Card,Female,3.0,6,Mobile Phone,1,Married,3,1,12.0,1.0,2.0,1.0,136.29,0-6 Months,Near (<10km),0-3 Days
55564,0,13.0,Mobile Phone,3,22.0,E Wallet,Male,4.0,4,Grocery,5,Single,2,0,13.0,5.0,2.0,11.0,258.41,1-2 Years,Far (>20km),8-15 Days
55565,0,16.0,Computer,1,30.0,Debit Card,Male,3.0,5,Laptop & Accessory,3,Single,3,0,13.0,4.0,4.0,8.0,168.32,1-2 Years,Far (>20km),8-15 Days
55566,0,5.0,Computer,1,17.0,Credit Card,Female,3.0,4,Fashion,3,Married,6,0,21.0,4.0,2.0,9.0,235.31,0-6 Months,Medium (10-20km),8-15 Days
55567,0,28.0,Mobile Phone,1,17.0,Credit Card,Female,4.0,4,Laptop & Accessory,5,Single,8,1,20.0,1.0,2.0,5.0,169.4,2+ Years,Medium (10-20km),4-7 Days
55568,0,1.0,Mobile Phone,1,8.0,Debit Card,Male,3.0,5,Laptop & Accessory,3,Single,3,0,13.0,2.0,2.0,3.0,171.17,0-6 Months,Near (<10km),0-3 Days
55569,0,1.0,Mobile Phone,1,19.0,UPI,Male,4.0,4,Mobile Phone,1,Single,3,0,14.0,2.0,2.0,5.0,151.47,0-6 Months,Medium (10-20km),4-7 Days
55570,0,14.0,Computer,1,18.0,Cash on Delivery,Female,4.0,4,Laptop & Accessory,3,Married,3,0,12.0,8.0,10.0,5.0,188.23,1-2 Years,Medium (10-20km),4-7 Days
55571,0,14.0,Mobile Phone,3,9.0,E Wallet,Female,4.0,4,Laptop & Accessory,4,Married,5,0,15.0,2.0,6.0,11.0,181.77,1-2 Years,Near (<10km),8-15 Days
55572,0,1.0,Mobile Phone,2,9.0,UPI,Female,3.0,4,Mobile Phone,4,Married,6,0,15.0,1.0,2.0,3.0,146.87,0-6 Months,Near (<10km),0-3 Days
55573,0,4.0,Mobile Phone,1,8.0,Credit Card,Male,4.0,4,Mobile Phone,4,Married,3,0,14.0,2.0,2.0,8.0,162.48,0-6 Months,Near (<10km),8-15 Days
55574,0,1.0,Mobile Phone,1,9.0,UPI,Male,3.0,4,Mobile Phone,3,Married,8,1,20.0,1.0,2.0,3.0,164.77,0-6 Months,Near (<10km),0-3 Days
55575,0,21.0,Mobile Phone,1,32.0,Credit Card,Male,3.0,4,Fashion,3,Single,4,0,24.0,10.0,13.0,3.0,211.33,1-2 Years,Far (>20km),0-3 Days
55576,0,7.0,Computer,1,8.0,Credit Card,Male,3.0,5,Mobile Phone,3,Married,3,0,13.0,1.0,2.0,1.0,145.08,6-12 Months,Near (<10km),0-3 Days
55577,0,12.0,Mobile Phone,3,8.0,Debit Card,Male,3.0,4,Laptop & Accessory,4,Married,2,0,16.0,2.0,6.0,9.0,169.4,6-12 Months,Near (<10km),8-15 Days
55578,0,5.0,Mobile Phone,3,9.0,Debit Card,Male,3.0,4,Mobile Phone,3,Married,2,0,20.0,1.0,2.0,3.0,155.67,0-6 Months,Near (<10km),0-3 Days
55579,0,12.0,Computer,1,13.0,Debit Card,Male,4.0,5,Laptop & Accessory,3,Married,4,0,12.0,3.0,8.0,8.0,178.21,6-12 Months,Medium (10-20km),8-15 Days
55580,0,16.0,Mobile Phone,1,25.0,Debit Card,Male,3.0,4,Laptop & Accessory,5,Married,8,1,18.0,2.0,2.0,3.0,179.1,1-2 Years,Far (>20km),0-3 Days
55581,0,15.0,Mobile Phone,1,8.0,Debit Card,Male,4.0,4,Mobile Phone,1,Married,5,0,23.0,1.0,2.0,1.0,152.82,1-2 Years,Near (<10km),0-3 Days
55582,0,21.0,Computer,1,8.0,Credit Card,Female,4.0,4,Fashion,4,Married,2,0,19.0,1.0,2.0,13.0,244.57,1-2 Years,Near (<10km),8-15 Days
55583,0,9.0,Mobile Phone,1,18.0,Credit Card,Male,3.0,4,Mobile Phone,3,Married,9,1,12.0,3.0,3.0,3.0,151.6,6-12 Months,Medium (10-20km),0-3 Days
55584,0,1.0,Mobile Phone,1,8.0,Debit Card,Male,4.0,4,Mobile Phone,3,Single,2,0,13.0,2.0,2.0,3.0,158.75,0-6 Months,Near (<10km),0-3 Days
55585,0,9.0,Mobile Phone,1,16.0,Credit Card,Male,3.0,4,Laptop & Accessory,3,Single,3,0,20.0,1.0,2.0,9.0,175.98,6-12 Months,Medium (10-20km),8-15 Days
55586,0,7.0,Mobile Phone,1,22.0,Credit Card,Female,4.0,4,Laptop & Accessory,1,Married,2,1,14.0,7.0,9.0,2.0,173.78,6-12 Months,Far (>20km),0-3 Days
55587,0,6.0,Mobile Phone,1,36.0,Debit Card,Female,3.0,5,Mobile Phone,4,Single,3,0,14.0,1.0,5.0,2.0,153.37,0-6 Months,Far (>20km),0-3 Days
55588,0,14.0,Mobile Phone,1,8.0,Debit Card,Male,3.0,4,Mobile Phone,1,Married,10,0,20.0,2.0,2.0,1.0,149.06,1-2 Years,Near (<10km),0-3 Days
55589,0,6.0,Mobile Phone,3,8.0,Credit Card,Male,4.0,5,Mobile Phone,4,Married,2,0,15.0,3.0,3.0,3.0,147.69,0-6 Months,Near (<10km),0-3 Days
55590,0,13.0,Mobile Phone,1,31.0,Debit Card,Male,3.0,4,Laptop & Accessory,1,Single,9,0,14.0,1.0,2.0,8.0,166.08,1-2 Years,Far (>20km),8-15 Days
55591,0,12.0,Mobile Phone,1,17.0,Credit Card,Female,4.0,6,Fashion,3,Married,5,0,13.0,1.0,2.0,12.0,257.06,6-12 Months,Medium (10-20km),8-15 Days
55592,0,6.0,Mobile Phone,3,8.0,E Wallet,Female,3.0,4,Fashion,1,Married,3,0,20.0,1.0,6.0,3.0,229.22,0-6 Months,Near (<10km),0-3 Days
55593,0,11.0,Mobile Phone,1,17.0,Debit Card,Female,3.0,2,Fashion,1,Married,3,1,26.0,1.0,7.0,9.0,262.44,6-12 Months,Medium (10-20km),8-15 Days
55594,0,1.0,Mobile Phone,3,15.0,UPI,Female,3.0,4,Laptop & Accessory,3,Married,2,1,23.0,1.0,2.0,5.0,174.07,0-6 Months,Medium (10-20km),4-7 Days
55595,0,26.0,Computer,3,36.0,Debit Card,Male,3.0,4,Mobile Phone,1,Married,4,0,16.0,2.0,2.0,1.0,159.82,2+ Years,Far (>20km),0-3 Days
55596,0,18.0,Mobile Phone,1,8.0,Credit Card,Male,3.0,4,Mobile Phone,1,Single,8,1,13.0,2.0,2.0,3.0,149.36,1-2 Years,Near (<10km),0-3 Days
55597,0,1.0,Mobile Phone,3,12.0,Credit Card,Male,3.0,4,Mobile Phone,5,Single,3,1,12.0,2.0,2.0,3.0,148.8,0-6 Months,Medium (10-20km),0-3 Days
55598,0,13.0,Computer,1,16.0,Debit Card,Male,3.0,4,Others,1,Single,4,0,15.0,2.0,2.0,4.0,319.31,1-2 Years,Medium (10-20km),4-7 Days
55599,1,1.0,Computer,3,16.0,E Wallet,Male,3.0,4,Mobile Phone,5,Married,3,0,20.0,2.0,2.0,1.0,142.9,0-6 Months,Medium (10-20km),0-3 Days
55600,0,10.0,Mobile Phone,3,10.0,Credit Card,Female,4.0,5,Fashion,1,Married,2,0,20.0,1.0,4.0,5.0,201.44,6-12 Months,Near (<10km),4-7 Days
55601,0,10.0,Computer,1,11.0,Debit Card,Female,4.0,4,Laptop & Accessory,4,Married,9,0,14.0,1.0,2.0,3.0,176.31,6-12 Months,Medium (10-20km),0-3 Days
55602,0,30.0,Computer,1,8.0,Debit Card,Male,3.0,4,Laptop & Accessory,3,Married,3,0,22.0,1.0,2.0,10.0,188.06,2+ Years,Near (<10km),8-15 Days
55603,1,1.0,Mobile Phone,1,8.0,Credit Card,Male,3.0,4,Mobile Phone,1,Married,11,1,15.0,3.0,3.0,3.0,172.87,0-6 Months,Near (<10km),0-3 Days
55604,0,16.0,Mobile Phone,1,9.0,Debit Card,Male,3.0,4,Others,3,Married,7,0,15.0,1.0,5.0,15.0,313.8,1-2 Years,Near (<10km),8-15 Days
55605,1,20.0,Mobile Phone,1,14.0,Cash on Delivery,Male,4.0,4,Mobile Phone,3,Married,10,0,12.0,7.0,10.0,9.0,148.39,1-2 Years,Medium (10-20km),8-15 Days
55606,0,15.0,Mobile Phone,1,35.0,Debit Card,Female,3.0,5,Grocery,4,Married,2,0,24.0,2.0,2.0,11.0,260.7,1-2 Years,Far (>20km),8-15 Days
55607,0,8.0,Mobile Phone,3,35.0,E Wallet,Female,4.0,5,Laptop & Accessory,3,Married,3,0,22.0,2.0,2.0,8.0,192.12,6-12 Months,Far (>20km),8-15 Days
55608,0,10.0,Computer,3,22.0,E Wallet,Male,3.0,6,Laptop & Accessory,1,Married,3,0,25.0,6.0,12.0,12.0,179.06,6-12 Months,Far (>20km),8-15 Days
55609,0,15.0,Mobile Phone,3,10.0,Debit Card,Male,3.0,5,Laptop & Accessory,4,Married,4,0,12.0,2.0,2.0,3.0,214.38,1-2 Years,Near (<10km),0-3 Days
55610,0,6.0,Mobile Phone,1,9.0,Cash on Delivery,Male,4.0,4,Mobile Phone,5,Single,3,0,15.0,1.0,2.0,3.0,149.39,0-6 Months,Near (<10km),0-3 Days
55611,0,9.0,Mobile Phone,2,33.0,Debit Card,Female,3.0,4,Fashion,1,Single,3,1,17.0,2.0,2.0,3.0,213.37,6-12 Months,Far (>20km),0-3 Days
55612,0,12.0,Mobile Phone,3,17.0,Debit Card,Female,4.0,4,Laptop & Accessory,1,Married,3,0,12.0,1.0,2.0,10.0,178.43,6-12 Months,Medium (10-20km),8-15 Days
55613,1,14.0,Computer,3,8.0,Debit Card,Male,4.0,4,Laptop & Accessory,3,Married,9,0,13.0,2.0,2.0,2.0,192.28,1-2 Years,Near (<10km),0-3 Days
55614,0,10.0,Mobile Phone,3,18.0,E Wallet,Female,4.0,5,Laptop & Accessory,1,Married,6,0,14.0,2.0,2.0,1.0,191.52,6-12 Months,Medium (10-20km),0-3 Days
55615,0,19.0,Mobile Phone,3,27.0,Debit Card,Female,3.0,4,Laptop & Accessory,3,Single,10,0,16.0,1.0,2.0,2.0,173.5,1-2 Years,Far (>20km),0-3 Days
55616,0,14.0,Mobile Phone,1,9.0,Debit Card,Male,1.0,5,Mobile Phone,3,Single,4,0,15.0,1.0,3.0,3.0,153.09,1-2 Years,Near (<10km),0-3 Days
55617,0,9.0,Computer,1,25.0,Debit Card,Male,4.0,4,Laptop & Accessory,3,Married,3,1,15.0,1.0,2.0,3.0,181.89,6-12 Months,Far (>20km),0-3 Days
55618,0,14.0,Mobile Phone,1,9.0,Credit Card,Female,4.0,4,Mobile Phone,3,Married,4,0,15.0,1.0,2.0,3.0,145.01,1-2 Years,Near (<10km),0-3 Days
55619,0,9.0,Mobile Phone,1,8.0,Debit Card,Female,4.0,6,Mobile Phone,1,Married,3,0,13.0,2.0,2.0,2.0,154.77,6-12 Months,Near (<10km),0-3 Days
55620,0,3.0,Mobile Phone,1,20.0,UPI,Male,3.0,5,Laptop & Accessory,4,Married,6,1,14.0,1.0,2.0,4.0,165.25,0-6 Months,Medium (10-20km),4-7 Days
55621,0,3.0,Mobile Phone,1,35.0,Credit Card,Female,4.0,5,Mobile Phone,5,Single,3,0,15.0,1.0,2.0,5.0,162.85,0-6 Months,Far (>20km),4-7 Days
55622,1,14.0,Mobile Phone,3,35.0,E Wallet,Male,3.0,5,Fashion,5,Married,6,1,14.0,3.0,2.0,1.0,233.54000000000002,1-2 Years,Far (>20km),0-3 Days
55623,0,13.0,Mobile Phone,3,31.0,E Wallet,Female,3.0,5,Grocery,1,Married,2,0,12.0,4.0,2.0,7.0,245.31,1-2 Years,Far (>20km),4-7 Days
55624,0,5.0,Computer,1,12.0,Credit Card,Male,4.0,4,Laptop & Accessory,5,Single,2,0,20.0,2.0,2.0,3.0,224.36,0-6 Months,Medium (10-20km),0-3 Days
55625,0,1.0,Mobile Phone,3,12.0,UPI,Female,2.0,5,Mobile Phone,3,Single,2,0,19.0,2.0,2.0,1.0,154.66,0-6 Months,Medium (10-20km),0-3 Days
55626,0,10.0,Computer,1,30.0,Credit Card,Male,3.0,2,Laptop & Accessory,1,Married,6,0,18.0,1.0,2.0,4.0,150.71,6-12 Months,Far (>20km),4-7 Days
55627,0,13.0,Mobile Phone,1,13.0,Credit Card,Male,3.0,5,Fashion,5,Married,6,0,16.0,1.0,2.0,3.0,224.91,1-2 Years,Medium (10-20km),0-3 Days
55628,0,1.0,Mobile Phone,1,11.0,Debit Card,Male,3.0,2,Laptop & Accessory,4,Married,3,1,21.0,1.0,2.0,4.0,186.42,0-6 Months,Medium (10-20km),4-7 Days
55629,0,23.0,Computer,3,9.0,Credit Card,Male,4.0,5,Laptop & Accessory,4,Married,4,0,15.0,2.0,2.0,9.0,178.9,1-2 Years,Near (<10km),8-15 Days
55630,0,8.0,Mobile Phone,1,15.0,Credit Card,Male,3.0,2,Laptop & Accessory,3,Married,4,0,13.0,2.0,2.0,3.0,169.04,6-12 Months,Medium (10-20km),0-3 Days
